-- MySQL dump 10.14  Distrib 5.5.52-MariaDB, for Linux (x86_64)
--
-- Host: localhost    Database: fhp
-- ------------------------------------------------------
-- Server version	5.5.52-MariaDB

/*!40101 SET @OLD_CHARACTER_SET_CLIENT=@@CHARACTER_SET_CLIENT */;
/*!40101 SET @OLD_CHARACTER_SET_RESULTS=@@CHARACTER_SET_RESULTS */;
/*!40101 SET @OLD_COLLATION_CONNECTION=@@COLLATION_CONNECTION */;
/*!40101 SET NAMES utf8 */;
/*!40103 SET @OLD_TIME_ZONE=@@TIME_ZONE */;
/*!40103 SET TIME_ZONE='+00:00' */;
/*!40014 SET @OLD_UNIQUE_CHECKS=@@UNIQUE_CHECKS, UNIQUE_CHECKS=0 */;
/*!40014 SET @OLD_FOREIGN_KEY_CHECKS=@@FOREIGN_KEY_CHECKS, FOREIGN_KEY_CHECKS=0 */;
/*!40101 SET @OLD_SQL_MODE=@@SQL_MODE, SQL_MODE='NO_AUTO_VALUE_ON_ZERO' */;
/*!40111 SET @OLD_SQL_NOTES=@@SQL_NOTES, SQL_NOTES=0 */;

--
-- Table structure for table `activations`
--

DROP TABLE IF EXISTS `activations`;
/*!40101 SET @saved_cs_client     = @@character_set_client */;
/*!40101 SET character_set_client = utf8 */;
CREATE TABLE `activations` (
  `id` int(10) unsigned NOT NULL AUTO_INCREMENT,
  `user_id` int(10) unsigned NOT NULL,
  `code` varchar(191) COLLATE utf8mb4_unicode_ci NOT NULL,
  `completed` tinyint(1) NOT NULL DEFAULT '0',
  `completed_at` timestamp NULL DEFAULT NULL,
  `created_at` timestamp NULL DEFAULT NULL,
  `updated_at` timestamp NULL DEFAULT NULL,
  PRIMARY KEY (`id`)
) ENGINE=InnoDB AUTO_INCREMENT=22 DEFAULT CHARSET=utf8mb4 COLLATE=utf8mb4_unicode_ci;
/*!40101 SET character_set_client = @saved_cs_client */;

--
-- Dumping data for table `activations`
--

LOCK TABLES `activations` WRITE;
/*!40000 ALTER TABLE `activations` DISABLE KEYS */;
INSERT INTO `activations` VALUES (1,1,'ilPOiDhmKqsxtUpi7ZgWe5vDYjt2ICJK',1,'2017-11-12 06:15:56','2017-11-12 06:15:55','2017-11-12 06:15:56'),(2,1,'rcp04qHne8oATtrTCwKl9FuckJEarSCb',1,'2017-11-12 06:20:02','2017-11-12 06:20:02','2017-11-12 06:20:02'),(3,1,'AHbwHv4BMq4Z5b7nkdvOlvcOvXnPqMk0',1,'2017-11-12 06:24:14','2017-11-12 06:24:14','2017-11-12 06:24:14'),(4,1,'JqmoT6nwuNXt0D5jape2qCQsEVQgWEqA',1,'2017-11-12 06:26:26','2017-11-12 06:26:26','2017-11-12 06:26:26'),(5,1,'1TnyfEnFLs7gdNZXKP2r35tc1hBvcnPg',1,'2017-11-12 07:22:52','2017-11-12 07:22:52','2017-11-12 07:22:52'),(6,1,'QlzbRQWzVJgg01NkGUVewoQhT4qPKTMZ',1,'2017-11-12 07:23:56','2017-11-12 07:23:56','2017-11-12 07:23:56'),(13,8,'l16IOygny5ihmPBxkIZIVkZjCQmH1wfA',1,'2018-01-28 10:04:24','2018-01-28 10:04:24','2018-01-28 10:04:24'),(14,9,'DAf22Uade27AmO71vWsE0n2vGaVSpaQH',1,'2018-02-04 05:35:55','2018-02-04 05:35:55','2018-02-04 05:35:55'),(19,14,'R0Yehty1Y3qhG4Wpfoc8YUyNq5TisAIk',1,'2018-03-13 19:46:01','2018-03-13 19:46:01','2018-03-13 19:46:01'),(20,15,'umUGPTa3kTtRJKPFFFWyhIAlxopjMg80',1,'2018-03-13 19:50:57','2018-03-13 19:50:57','2018-03-13 19:50:57'),(21,16,'xRYDAo6sDR9yWMszzQEJIHBnS5VMSuDf',1,'2018-03-18 18:55:37','2018-03-18 18:55:37','2018-03-18 18:55:37');
/*!40000 ALTER TABLE `activations` ENABLE KEYS */;
UNLOCK TABLES;

--
-- Table structure for table `album`
--

DROP TABLE IF EXISTS `album`;
/*!40101 SET @saved_cs_client     = @@character_set_client */;
/*!40101 SET character_set_client = utf8 */;
CREATE TABLE `album` (
  `id` bigint(20) NOT NULL AUTO_INCREMENT,
  `fullname` varchar(255) COLLATE utf8_unicode_ci DEFAULT NULL,
  `alias` varchar(255) COLLATE utf8_unicode_ci DEFAULT NULL,
  `meta_keyword` text COLLATE utf8_unicode_ci,
  `meta_description` text COLLATE utf8_unicode_ci,
  `image` varchar(255) COLLATE utf8_unicode_ci DEFAULT NULL,
  `sort_order` int(11) DEFAULT NULL,
  `status` int(1) DEFAULT NULL,
  `created_at` datetime DEFAULT NULL,
  `updated_at` datetime DEFAULT NULL,
  PRIMARY KEY (`id`)
) ENGINE=InnoDB DEFAULT CHARSET=utf8 COLLATE=utf8_unicode_ci;
/*!40101 SET character_set_client = @saved_cs_client */;

--
-- Dumping data for table `album`
--

LOCK TABLES `album` WRITE;
/*!40000 ALTER TABLE `album` DISABLE KEYS */;
/*!40000 ALTER TABLE `album` ENABLE KEYS */;
UNLOCK TABLES;

--
-- Table structure for table `article`
--

DROP TABLE IF EXISTS `article`;
/*!40101 SET @saved_cs_client     = @@character_set_client */;
/*!40101 SET character_set_client = utf8 */;
CREATE TABLE `article` (
  `id` bigint(20) NOT NULL AUTO_INCREMENT,
  `fullname` varchar(255) COLLATE utf8_unicode_ci DEFAULT NULL,
  `alias` varchar(255) COLLATE utf8_unicode_ci DEFAULT NULL,
  `image` varchar(255) COLLATE utf8_unicode_ci DEFAULT NULL,
  `intro` longtext COLLATE utf8_unicode_ci,
  `content` longtext COLLATE utf8_unicode_ci,
  `description` longtext COLLATE utf8_unicode_ci,
  `meta_keyword` text COLLATE utf8_unicode_ci,
  `meta_description` text COLLATE utf8_unicode_ci,
  `count_view` int(11) DEFAULT NULL,
  `sort_order` int(11) DEFAULT NULL,
  `status` int(11) DEFAULT NULL,
  `created_at` datetime DEFAULT NULL,
  `updated_at` datetime DEFAULT NULL,
  PRIMARY KEY (`id`)
) ENGINE=InnoDB AUTO_INCREMENT=46 DEFAULT CHARSET=utf8 COLLATE=utf8_unicode_ci;
/*!40101 SET character_set_client = @saved_cs_client */;

--
-- Dumping data for table `article`
--

LOCK TABLES `article` WRITE;
/*!40000 ALTER TABLE `article` DISABLE KEYS */;
INSERT INTO `article` VALUES (31,'Laptop HP có tốt không?','laptop-hp-co-tot-khong','100000_laptop-hp-14-bs561tu-2ge29pa-04.jpg','Laptop HP có tốt không là câu hỏi được nhiều người quan tâm','<p style=\"text-align:justify\">Ng&agrave;y n&agrave;y, laptop l&agrave; thiết bị kh&ocirc;ng thể thiếu trong thời đại c&ocirc;ng nghệ. Trong đ&oacute;, ch&uacute;ng ta c&oacute; thể kể đến những d&ograve;ng m&aacute;y nổi tiếng như Dell, HP, Asus,&hellip; đ&acirc;y l&agrave; những d&ograve;ng m&aacute;y th&ocirc;ng dụng v&agrave; nổi tiếng tr&ecirc;n thị trường laptop bởi gi&aacute; cả của d&ograve;ng sản phẩm n&agrave;y b&igrave;nh d&acirc;n, chất lượng v&agrave; đ&aacute;p ứng được nhiều cầu sử dụng kh&aacute;c nhau. B&agrave;i viết ng&agrave;y h&ocirc;m nay của&nbsp;ch&uacute;ng t&ocirc;i sẽ giới thiệu về d&ograve;ng m&aacute;y laptop HP. Ch&uacute;ng t&ocirc;i sẽ cung cấp đầy đủ những th&ocirc;ng tin hữu &iacute;ch về d&ograve;ng m&aacute;y n&agrave;y để c&oacute; thể trả lời cho c&acirc;u hỏi của người ti&ecirc;u d&ugrave;ng như c&oacute; n&ecirc;n mua&nbsp;laptop HP&nbsp;kh&ocirc;ng ? M&aacute;y t&iacute;nh HP c&oacute; tốt kh&ocirc;ng? M&aacute;y t&iacute;nh HP chất lượng như thế n&agrave;o?</p>\n\n<p style=\"text-align:justify\">&nbsp;</p>\n\n<h2 style=\"text-align:justify\"><strong>M&aacute;y t&iacute;nh HP c&oacute; tốt kh&ocirc;ng?</strong></h2>\n\n<h3 style=\"text-align:justify\"><br />\n<strong>1. Thương hiệu HP bắt nguồn từ nước n&agrave;o?</strong></h3>\n\n<p style=\"text-align:center\"><img alt=\"100000 laptop hp 14 bs561tu 2ge29pa 04\" src=\"https://dcmobile.vn/uploads/tin-tuc/2018_01/100000_laptop-hp-14-bs561tu-2ge29pa-04.jpg\" /></p>\n\n<p style=\"text-align:center\">H&igrave;nh 1 : Những mẫu laptop HP đẹp</p>\n\n<p style=\"text-align:justify\"><br />\nHP l&agrave; từ viết tắt của Hewlett-Packard đ&acirc;y l&agrave; một thương hiệu đến từ Mỹ, được xem l&agrave; một trong c&aacute;c h&atilde;ng m&aacute;y t&iacute;nh, laptop h&agrave;ng đầu thế giới. HP c&oacute; rất nhiều d&ograve;ng m&aacute;y t&iacute;nh, laptop kh&aacute;c nhau được trải d&agrave;i v&agrave; phần kh&uacute;c từ b&igrave;nh d&acirc;n cho đến ph&acirc;n kh&uacute;c cao cấp, ph&ugrave; hợp với mọi đối tượng sử dụng.<br />\n&nbsp;</p>\n\n<h3 style=\"text-align:justify\"><strong>2. Ưu điểm của d&ograve;ng m&aacute;y Laptop HP</strong></h3>\n\n<p style=\"text-align:justify\"><br />\nĐể c&oacute; thể trả lời được c&acirc;u hỏi rằng m&aacute;y t&iacute;nh HP c&oacute; tốt kh&ocirc;ng, bạn cần căn cứ v&agrave;o ưu điểm của sản phẩm để c&oacute; c&acirc;u trả lời thuyết phục nhất d&agrave;nh cho người ti&ecirc;u dung.<br />\n<br />\n-&nbsp;<strong>Thứ nhất</strong>&nbsp;: Laptop HP c&oacute; mức gi&aacute; th&agrave;nh phong ph&uacute;, từ b&igrave;nh d&acirc;n cho đến những sản phẩm laptop cho danh nh&acirc;n, người th&agrave;nh đạt, giới thượng lưu,&hellip; V&igrave; vậy, bạn c&oacute; thể ho&agrave;n to&agrave;n y&ecirc;n t&acirc;m lựa chọn một d&ograve;ng m&aacute;y laptop HP ph&ugrave; hợp với t&uacute;i tiền cũng như nhu cầu sử dụng của m&igrave;nh.<br />\n&nbsp;</p>\n\n<p style=\"text-align:center\"><img alt=\"c05473503 500x367\" src=\"https://dcmobile.vn/uploads/tin-tuc/2018_01/c05473503_500x367.jpg\" /></p>\n\n<p style=\"text-align:center\">H&igrave;nh 2 : Laptop HP m&agrave;u trắng tinh tế</p>\n\n<p style=\"text-align:justify\">-&nbsp;<strong>Thứ hai</strong>&nbsp;: Laptop HP lu&ocirc;n sở hữu cấu h&igrave;nh m&aacute;y ổn định, t&iacute;nh năng hiện đại v&agrave; c&oacute; độ bền cao, kiểu d&aacute;ng đẹp.<br />\n<br />\n-&nbsp;<strong>Thứ ba</strong>&nbsp;: Laptop HP lu&ocirc;n đa dạng về kiểu d&aacute;ng từ thể thao, thời trang đến những kiểu d&aacute;ng mạnh mẽ, nữ t&iacute;nh,&hellip; Tuỳ v&agrave;o sở th&iacute;ch của người sử dụng để lựa chọn kiểu d&aacute;ng m&aacute;y ph&ugrave; hợp.<br />\n<br />\n-&nbsp;<strong>Thứ tư</strong>&nbsp;: Laptop HP sở hữu tốc độ chạy ổn định. Laptop c&oacute; thể chịu được lượng dữ liệu rất lớn.<br />\n&nbsp;</p>\n\n<h2 style=\"text-align:justify\"><strong>3. Nhược điểm của d&ograve;ng m&aacute;y Laptop HP</strong></h2>\n\n<p style=\"text-align:justify\"><br />\nNếu đ&atilde; c&oacute; ưu điểm th&igrave; sẽ c&oacute; nhược điểm, ch&uacute;ng t&ocirc;i nếu ra những nhược điểm của d&ograve;ng m&aacute;y laptop HP m&agrave; người d&ugrave;ng thường hay đ&aacute;nh gi&aacute; để bạn c&oacute; thể hiểu r&otilde; hơn về d&ograve;ng m&aacute;y n&agrave;y.<br />\n<br />\nTheo người ti&ecirc;u d&ugrave;ng th&igrave; Laptop HP kiểu d&aacute;ng kh&ocirc;ng được bắt mắt bằng những thương hiệu kh&aacute;c tr&ecirc;n thị trường, mặc d&ugrave; d&ograve;ng m&aacute;y n&agrave;y kh&aacute; đa dạng về mẫu m&atilde;. Hiệu suất l&agrave;m việc của dong m&aacute;y n&agrave;y cũng thấp hơn so với những d&ograve;ng m&aacute;y kh&aacute;c c&oacute; c&ugrave;ng cấu h&igrave;nh, pin kh&ocirc;ng được đ&aacute;nh gi&aacute; c&aacute;o.<br />\n&nbsp;</p>\n\n<h2 style=\"text-align:justify\"><strong>4. M&aacute;y t&iacute;nh HP c&oacute; tốt kh&ocirc;ng?</strong></h2>\n\n<p>&nbsp;</p>\n\n<p style=\"text-align:center\"><img alt=\"laptop hp pavilion 14 bf022tu 04\" src=\"https://dcmobile.vn/uploads/tin-tuc/2018_01/laptop-hp-pavilion-14-bf022tu-04.jpg\" /></p>\n\n<p style=\"text-align:center\">H&igrave;nh 3 : Laptop HP cao cấp</p>\n\n<p style=\"text-align:justify\"><br />\nD&ograve;ng m&aacute;y t&iacute;nh laptop HP mặt d&ugrave; c&ograve;n c&oacute; những hạn chế nhất định, nhưng laptop HP vẫn l&agrave; một thương hiệu cao cấp m&agrave; bạn c&oacute; thể lựa chọn để hổ trợ cho c&ocirc;ng việc, học tập hang ng&agrave;y. Tuy nhi&ecirc;n, bạn cần xem x&eacute;t kỹ lưỡng c&aacute;c d&ograve;ng sản phẩm của thương hiệu n&agrave;y để c&oacute; thể chọn được mẫu laptop ph&ugrave; hợp với nhu cầu v&agrave; mong muốn của m&igrave;nh nhất.<br />\n<br />\nD&ograve;ng m&aacute;y t&iacute;nh n&agrave;o cũng c&oacute; những ưu v&agrave; nhược điểm kh&aacute;c nhau n&ecirc;n tuỳ thuộc v&agrave;o nhu cầu sử dụng của bạn để lựa chọn thương hiệu laptop ph&ugrave; hợp. Như vậy, bạn đ&atilde; c&oacute; c&acirc;u trả lời cho c&acirc;u hỏi m&aacute;y t&iacute;nh HP c&oacute; tốt kh&ocirc;ng? Rồi phải kh&ocirc;ng, đ&acirc;y chắc chắn l&agrave; thương hiệu m&aacute;y t&iacute;nh tốt v&agrave; nổi tiếng tr&ecirc;n thị trường nội thất hiện nay.</p>','','Laptop HP có tốt không, laptop cũ','Laptop HP là một thương hiệu nổi tiêng trên thị trường laptop và để các bạn hiểu hơn về dòng máy này chúng tôi xin giới thiệu bài viết Laptop HP có tốt không?',29,1,1,'2018-03-08 08:35:42','2018-04-17 05:15:46'),(32,'Nơi bán laptop giá tốt nhất','noi-ban-laptop-gia-tot-nhat','noi-ban-laptop-gia-tot-nhat.jpg','Ngày nay ai ai cũng cần 1 chiếc laptop do đó ai cũng mong muốn mình mua được một chiếc laptop ưng ý với giá tốt nhất. Nên chọn được nơi bán laptop giá tốt nhất đó là điều mà khách hàng đang quan tâm. Chúng tôi là đơn vị phân phối laptop chất lượng, uy tín, kèm dịch vụ hậu mãi hàng đầu và là một trong những cửa hàng bán laptop giá tốt nhất tại TP HCM.','<p style=\"text-align:justify\">Ng&agrave;y nay hầu như ai ai cũng cần 1 chiếc laptop cho c&ocirc;ng việc, học tập, giải tr&iacute;, nghi&ecirc;n cứu. V&igrave; vậy ai ai cũng mong muốn kiếm được một nơi b&aacute;n laptop chất lượng, dịch vụ uy t&iacute;n chuy&ecirc;n nghiệp v&agrave; l&agrave; nơi b&aacute;n <strong>laptop gi&aacute; tốt nhất</strong>. Bởi v&igrave; ai ai cũng cần một chiếc laptop đủ tốt để hoạt động v&agrave; dịch vụ phải đủ chuy&ecirc;n nghiệp để an t&acirc;m mua m&aacute;y. Phải đạt 2 điều đ&oacute; rồi mới t&igrave;m kiếm nơi n&agrave;o b&aacute;n laptop gi&aacute; tốt nhất.</p>\n\n<p style=\"text-align:justify\">&nbsp;</p>\n\n<h2 style=\"text-align:justify\"><strong>C&aacute;ch để chọn nơi b&aacute;n laptop gi&aacute; tốt nhất</strong></h2>\n\n<p style=\"text-align:justify\">&nbsp;</p>\n\n<h3 style=\"text-align:justify\"><strong>1.&nbsp;C&aacute;ch t&igrave;m kiếm th&ocirc;ng tin tr&ecirc;n mạng để tra ra nơi b&aacute;n laptop gi&aacute; tốt nhất</strong></h3>\n\n<p style=\"text-align:justify\"><br />\nDo đ&oacute; để kiếm nơi b&aacute;n <strong>laptop gi&aacute; tốt nhất</strong> kh&ocirc;ng hề kh&oacute;, bạn chỉ cần l&ecirc;n google search ngay từ kh&oacute;a &quot; laptop g&igrave; ở đ&acirc;u uy t&iacute;n, chất lượng, gi&aacute; tốt nhất&quot; chắc chắn sẽ c&oacute; h&agrave;ng ngh&igrave;n kết quả hiển thị cho bạn tha hồ lựa chọn. Nhưng gi&aacute; tốt nhất đ&oacute; l&agrave; linh động t&ugrave;y v&agrave;o ti&ecirc;u ch&iacute; chọn m&aacute;y của từng kh&aacute;ch h&agrave;ng. Đầu ti&ecirc;n trước khi chọn m&aacute;y phải kể đến l&agrave; chất lượng của chiếc laptop đ&oacute;. Thứ 2 l&agrave; dịch vụ bảo h&agrave;nh, hậu m&atilde;i. Sẽ thật kh&oacute; để kh&aacute;ch h&agrave;ng c&oacute; thể lựa chọn một chiếc m&aacute;y laptop cũ kh&ocirc;ng c&oacute; bảo h&agrave;nh được b&aacute;n với mức gi&aacute; si&ecirc;u rẻ. Tuy nhi&ecirc;n nếu sản phẩm chất lượng, bảo h&agrave;nh uy t&iacute;n v&agrave; dịch vụ hậu m&atilde;i tuyệt vời th&igrave; l&uacute;c đ&oacute; mới xem x&eacute;t xem l&agrave; gi&aacute; đ&oacute; đ&atilde; tốt nhất hay chưa.&nbsp;<br />\n&nbsp;</p>\n\n<h3 style=\"text-align:justify\"><strong>2. C&aacute;ch chọn nơi b&aacute;n laptop gi&aacute; tốt nhất ph&ugrave; hợp cho từng đối tượng</strong></h3>\n\n<p style=\"text-align:justify\">&nbsp;</p>\n\n<p style=\"text-align:justify\">C&oacute; thể thấy gi&aacute; tốt nhất kh&ocirc;ng hẳn l&agrave; gi&aacute; rẻ nhất, m&agrave; đ&oacute; l&agrave; mức gi&aacute; rẻ nhất với những chất lượng, dịch vụ, bảo h&agrave;nh đi k&egrave;m. Như đ&atilde; n&oacute;i ở tr&ecirc;n l&agrave; n&oacute; c&ograve;n t&ugrave;y thuộc v&agrave;o ti&ecirc;u ch&iacute; chọn m&aacute;y. Đối với những kh&aacute;ch h&agrave;ng sỉ th&igrave; c&aacute;i họ quan t&acirc;m l&agrave; chất lượng sản phẩm v&agrave; một mức gi&aacute; rẻ nhất để họ c&oacute; thể về kiếm lời. V&agrave; đương nhi&ecirc;n đa phần họ sẽ chịu phần rủi ro bảo h&agrave;nh. C&ograve;n đối với những kh&aacute;ch lẻ c&oacute; điều kiện thấp c&aacute;i họ cần l&agrave; gi&aacute; rẻ nhất c&oacute; thể, họ sẽ c&oacute; thể bỏ qua hoặc hạn chế kh&acirc;u bảo h&agrave;nh để tiết kiệm đồng n&agrave;o hay đồng nấy.<br />\n<br />\nTuy nhi&ecirc;n rủi ro l&agrave; rất cao, nếu như m&aacute;y c&oacute; trục trặc g&igrave; th&igrave; họ sẽ tự chịu tr&aacute;ch nhiệm. Với một số người kh&aacute;c họ chọn chiếc laptop chất lượng v&agrave; bảo h&agrave;nh trong thời gian m&agrave; họ cho rằng l&agrave; đủ để kiểm tra 1 chiếc m&aacute;y c&oacute; chất lượng hay kh&ocirc;ng. Đối với nh&oacute;m n&agrave;y một chiếc <strong>laptop gi&aacute; tốt nhất</strong> sẽ l&agrave; chiếc m&aacute;y đạt chất lượng v&agrave; thời gian bảo h&agrave;nh họ cho l&agrave; cần thiết. Đối với một nh&oacute;m kh&aacute;c lại mong muốn t&igrave;m kiếm một chiếc laptop gi&aacute; tốt nhất thỏa m&atilde;n c&aacute;c ti&ecirc;u ch&iacute; như sản phẩm chất lượng, bảo h&agrave;nh l&acirc;u, cửa h&agrave;ng cơ sở uy t&iacute;n, dịch vụ hậu m&atilde;i tuyệt vời. Sau đ&oacute; mới t&igrave;m nơi b&aacute;n laptop với gi&aacute; tốt nhất đ&aacute;p ứng c&aacute;c ti&ecirc;u ch&iacute; tr&ecirc;n.<br />\n&nbsp;</p>\n\n<p style=\"text-align:justify\">Với những trường hợp m&igrave;nh n&ecirc;u tr&ecirc;n th&igrave; việc chọn 1 chiếc <strong>laptop gi&aacute; tốt nhất</strong> kh&ocirc;ng phải l&agrave; một con số cố định. Đ&acirc;y l&agrave; một biến số linh động v&agrave; để phục vụ được tất cả c&aacute;c kh&aacute;ch h&agrave;ng n&agrave;y đ&ograve;i hỏi cửa h&agrave;ng phải c&oacute; được dịch vụ tốt nhất v&agrave; mức gi&aacute; rẻ nhất để đ&aacute;p ứng cho từng nhu cầu của kh&aacute;ch h&agrave;ng.<br />\n<br />\nTại DC mobile ch&uacute;ng t&ocirc;i c&oacute; đầy đủ tất cả c&aacute;c dịch vụ tốt nhất, ch&iacute;nh s&aacute;ch bảo h&agrave;nh l&acirc;u nhất, khuyến m&atilde;i hấp dẫn nhất v&agrave; dịch vụ hậu m&atilde;i tốt nhất v&agrave; cả mức gi&aacute; rẻ nhất. Ch&uacute;ng t&ocirc;i sẽ t&ugrave;y v&agrave;o lựa chọn của kh&aacute;ch h&agrave;ng m&agrave; c&oacute; mức gi&aacute; ph&ugrave; hợp theo chất lượng, dịch vụ, bảo h&agrave;nh, khuyến m&atilde;i, hậu m&atilde;i. Đối với ch&uacute;ng t&ocirc;i, mong muốn lớn nhất l&agrave; được phục vụ kh&aacute;ch h&agrave;ng, được gi&uacute;p đỡ những kh&aacute;ch h&agrave;ng đang cần đến ch&uacute;ng t&ocirc;i.</p>\n\n<h3 style=\"text-align:justify\"><br />\n<strong>3. Tại sao n&oacute;i DC mobile l&agrave; nơi b&aacute;n laptop gi&aacute; tốt nhất tại tp hcm</strong></h3>\n\n<p style=\"text-align:justify\"><br />\n<strong>DC mobile</strong> tự h&agrave;o l&agrave; một trong những đơn vị chuy&ecirc;n cung cấp laptop uy t&iacute;n với gi&aacute; tốt nhất thị trường. Đối với ch&uacute;ng t&ocirc;i điều ti&ecirc;n quyết đầu ti&ecirc;n l&agrave; một sản phẩm chất lượng. Tiếp đến l&agrave; chế độ bảo h&agrave;nh trọn vẹn, ch&uacute;ng t&ocirc;i c&oacute; chế độ bảo h&agrave;nh tận nơi cho doanh nghiệp v&agrave; c&aacute; nh&acirc;n. Người mua sẽ kh&ocirc;ng phải tốn h&agrave;ng giờ đồng hồ để đến cửa h&agrave;ng của ch&uacute;ng t&ocirc;i để sửa laptop nếu c&oacute; lỗi xảy ra. Chế độ khuyến m&atilde;i v&ocirc; c&ugrave;ng hấp dẫn với nhiều qu&agrave; tặng gi&aacute; trị t&ugrave;y v&agrave;o từng thời điểm. Dịch vụ hậu m&atilde;i tuyệt vời cho kh&aacute;ch y&ecirc;n t&acirc;m. Tại DC mobile ch&uacute;ng t&ocirc;i, nh&acirc;n vi&ecirc;n được đ&agrave;o tạo b&agrave;i bản, chuy&ecirc;n nghiệp lu&ocirc;n lu&ocirc;n vui vẻ, nhiệt t&igrave;nh, cởi mở với kh&aacute;ch h&agrave;ng. Kh&aacute;ch h&agrave;ng sẽ h&agrave;i l&ograve;ng nếu mua laptop cũ tại cửa h&agrave;ng của ch&uacute;ng t&ocirc;i.<br />\n&nbsp;</p>','','nơi bán laptop giá tốt nhất','Để mua được 1 chiếc laptop có tính năng đầy đủ, cấu hình tốt, giá vừa phải, thì khách hàng nên chọn nơi bán laptop giá tốt nhất để mua và sử dụng.',28,1,1,'2018-03-09 08:36:21','2018-04-18 05:27:16'),(33,'Dịch vụ bán laptop tphcm','dich-vu-ban-laptop-tphcm',NULL,'Dịch vụ bán laptop tphcm nhằm mục đích cung cấp những chiếc laptop cũ chất lượng với giá rẻ uy tín. Chế độ chăm sóc khách hàng 5 sao tại DC mobile sẽ giúp khách hàng an tâm mua laptop tại đây. DC mobile muốn hướng đến chất lượng và dịch vụ tốt nhất để phục vụ cho khách hàng.','<p style=\"text-align:justify\"><strong>Dịch vụ b&aacute;n laptop tại tphcm</strong> l&agrave; dịch vụ cung cấp những chiếc laptop chất lượng cho thị trường tphcm. Với dịch vụ tư vấn laptop miễn ph&iacute; nhằm t&igrave;m kiếm những chiếc laptop ph&ugrave; hợp với nhu cầu sử dụng của từng kh&aacute;ch h&agrave;ng. C&oacute; thể n&oacute;i dịch vụ <strong>b&aacute;n laptop tphcm </strong>ch&iacute;nh l&agrave; t&igrave;m kiếm những chiếc m&aacute;y chất lượng để cung cấp cho người d&ugrave;ng. Với nhiệm vụ đ&oacute;, DC mobile ch&uacute;ng t&ocirc;i muốn gi&uacute;p kh&aacute;ch h&agrave;ng c&oacute; được những chiếc laptop mong muốn với gi&aacute; rẻ nhất v&agrave; hưởng những dịch vụ tốt nhất d&agrave;nh ri&ecirc;ng cho kh&aacute;ch h&agrave;ng của DC mobile.</p>\n\n<p style=\"text-align:justify\">&nbsp;</p>\n\n<p style=\"text-align:justify\"><img alt=\"Dịch vụ bán laptop tại TP.HCM\" src=\"/upload/laptop/dich-vu-ban-laptop-tphcm-1.jpg\" style=\"height:692px; width:1037px\" /></p>\n\n<h2 style=\"text-align:justify\">&nbsp;</h2>\n\n<h2 style=\"text-align:justify\"><strong>C&aacute;ch m&agrave; DC mobile b&aacute;n laptop tphcm&nbsp;</strong></h2>\n\n<p style=\"text-align:justify\">&nbsp;</p>\n\n<h3 style=\"text-align:justify\"><strong>1. C&aacute;ch tư vấn để chọn mua laptop cho kh&aacute;ch h&agrave;ng.</strong></h3>\n\n<p style=\"text-align:justify\">&nbsp;</p>\n\n<p style=\"text-align:justify\">Đầu ti&ecirc;n để c&oacute; 1 chiếc laptop ch&iacute;nh l&agrave; t&igrave;m kiếm th&ocirc;ng tin về chiếc laptop m&agrave; m&igrave;nh định mua. C&oacute; 2 c&aacute;ch để t&igrave;m kiếm th&ocirc;ng tin: t&igrave;m kiếm tr&ecirc;n mạng nếu đ&atilde; r&agrave;nh về m&aacute;y, t&igrave;m kiếm 1 chuy&ecirc;n gia tư vấn laptop. Với những ai kh&ocirc;ng r&agrave;nh về laptop n&ecirc;n t&igrave;m kiếm 1 chuy&ecirc;n gia tư vấn c&aacute;ch chọn 1 chiếc laptop ph&ugrave; hợp. Nếu kh&ocirc;ng biết t&igrave;m tại đ&acirc;u th&igrave; h&atilde;y để chuy&ecirc;n gia tư vấn của DC mobile tư vấn gi&uacute;p bạn.<br />\n<br />\n<br />\nCh&uacute;ng t&ocirc;i l&agrave; 1 trong những đơn vị chuy&ecirc;n <strong>b&aacute;n laptop tphcm</strong> uy t&iacute;n nhất. Để chọn laptop th&igrave; đầu ti&ecirc;n phải n&oacute;i đến l&agrave; mua cho mục đ&iacute;ch g&igrave;: c&ocirc;ng việc, học tập, nghi&ecirc;n cứu, giải tr&iacute;...Tiếp đến l&agrave; ng&acirc;n s&aacute;ch d&agrave;nh ra để mua laptop l&agrave; bao nhi&ecirc;u. Tiếp đến mới t&iacute;nh đến thương hiệu, kiểu d&aacute;ng, m&agrave;u sắc...Với những kh&aacute;ch h&agrave;ng kh&ocirc;ng c&oacute; đủ điều kiện kh&ocirc;ng thể n&agrave;o đua theo những kh&aacute;ch h&agrave;ng c&oacute; tiền được.<br />\n<br />\nVới số tiền &iacute;t bạn chỉ c&oacute; thể lựa chọn m&aacute;y c&oacute; cấu h&igrave;nh thấp mỏng đẹp hoặc cấu h&igrave;nh cao m&aacute;y th&ocirc;, nặng, cồng kềnh. T&ugrave;y v&agrave;o kh&aacute;ch m&agrave; tư vấn cho ph&ugrave; hợp. Với những ai gần với cửa h&agrave;ng th&igrave; n&ecirc;n chọn bảo h&agrave;nh tại cửa h&agrave;ng c&ograve;n xa th&igrave; c&oacute; thể chọn g&oacute;i bảo h&agrave;nh tại cửa h&agrave;ng. Đ&oacute; l&agrave; những điều kh&aacute;ch h&agrave;ng cần biết.</p>\n\n<h3 style=\"text-align:justify\"><br />\n<strong>2. C&aacute;ch chọn m&aacute;y v&agrave; kiểm tra m&aacute;y tại điểm b&aacute;n laptop tphcm của DC mobile</strong></h3>\n\n<p style=\"text-align:justify\"><br />\nĐể đi đến việc trả tiền cho chiếc m&aacute;y phải th&ocirc;ng qua c&ocirc;ng đoạn xem m&aacute;y v&agrave; test m&aacute;y. Test m&aacute;y th&igrave; c&oacute; thể test ngoại h&igrave;nh v&agrave; test phần cứng, phần mềm của m&aacute;y. Đầu ti&ecirc;n phải xem m&aacute;y c&oacute; nguy&ecirc;n vẹn kh&ocirc;ng, cấn m&oacute;p, xước, bể g&igrave; kh&ocirc;ng. Xem ngoại h&igrave;nh c&ograve;n đẹp hay kh&ocirc;ng. Tiếp đến l&agrave; kiểm tra cấu h&igrave;nh xem c&oacute; đ&uacute;ng cấu h&igrave;nh m&agrave; người b&aacute;n n&oacute;i kh&ocirc;ng. Cuối c&ugrave;ng l&agrave; test c&aacute;c chức năng ch&iacute;nh. Như vậy l&agrave; ho&agrave;n th&agrave;nh một giao dịch <strong>b&aacute;n laptop tphcm.</strong><br />\n<br />\nTrong b&agrave;i hướng dẫn c&aacute;ch test m&aacute;y b&ecirc;n m&igrave;nh sẽ hướng dẫn c&aacute;ch test m&aacute;y thật cụ thể chi tiết.<br />\n&nbsp;</p>\n\n<p style=\"text-align:justify\"><img alt=\"Test laptop tại fhp.com.vn\" src=\"/upload/laptop/test-may-tai-dc-mobile.jpg\" style=\"height:709px; width:945px\" /></p>\n\n<p style=\"text-align:justify\"><br />\n<strong>3. Tại sao chọn DC mobile l&agrave;m đơn vị cung cấp</strong></p>\n\n<p style=\"text-align:justify\">&nbsp;</p>\n\n<p style=\"text-align:justify\">Ch&uacute;ng&nbsp;t&ocirc;i l&agrave; đơn vị cung cấp laptop cũ nhiều năm v&agrave; được nhiều kh&aacute;ch h&agrave;ng ủng hộ. Phương ch&acirc;m của ch&uacute;ng t&ocirc;i lu&ocirc;n lu&ocirc;n n&oacute;i thẳng n&oacute;i thật kh&ocirc;ng dấu giếm che dấu điều g&igrave;. Ch&uacute;ng t&ocirc;i lu&ocirc;n lu&ocirc;n cung cấp đ&uacute;ng chất lượng. <strong>Dịch vụ b&aacute;n laptop tphcm</strong> của ch&uacute;ng t&ocirc;i bao gồm một chuỗi kết hợp để gi&uacute;p kh&aacute;ch h&agrave;ng y&ecirc;n t&acirc;m về 1 chiếc laptop m&igrave;nh đang sử dụng.<br />\n<br />\nThứ nhất, với kh&acirc;u tư vấn, ch&uacute;ng t&ocirc;i lu&ocirc;n lu&ocirc;n đưa ra những lựa chọn tốt nhất cho kh&aacute;ch h&agrave;ng kh&ocirc;ng cố gắng b&aacute;n những sản phẩm đắt tiền hơn với khả năng cao hơn m&agrave; kh&aacute;ch h&agrave;ng kh&ocirc;ng d&ugrave;ng tới. Cũng như ch&uacute;ng t&ocirc;i kh&ocirc;ng chọn những chiếc laptop c&oacute; cấu h&igrave;nh kh&aacute; thấp kh&ocirc;ng đủ để l&agrave;m việc. Ch&uacute;ng t&ocirc;i ưu ti&ecirc;n chọn m&aacute;y ph&ugrave; hợp với mục đ&iacute;ch sử dụng với số tiền trong khả năng của kh&aacute;ch h&agrave;ng.<br />\n<br />\nThứ hai, với kh&acirc;u test m&aacute;y ch&uacute;ng t&ocirc;i lu&ocirc;n để cho kh&aacute;ch h&agrave;ng thoải m&aacute;i test bất cứ thứ g&igrave;, những kh&aacute;ch h&agrave;ng kh&ocirc;ng r&agrave;nh sẽ được hướng dẫn test chi tiết. Thứ ba ch&uacute;ng t&ocirc;i b&aacute;n laptop với nhiều khuyến m&atilde;i k&egrave;m theo, dịch vụ hậu m&atilde;i nhiệt t&igrave;nh, nhanh nhẹn, th&acirc;n thiện, chế độ bảo h&agrave;nh 5 sao &iacute;t đơn vị n&agrave;o c&oacute; được đ&oacute; l&agrave; dịch vụ bảo h&agrave;nh tận nh&agrave;. V&agrave; cuối c&ugrave;ng l&agrave; tất cả những điều tr&ecirc;n được gộp lại trong 1 c&aacute;i gi&aacute; rất rẻ.</p>\n\n<p style=\"text-align:justify\">&nbsp;</p>\n\n<p style=\"text-align:justify\">Nếu bạn muốn mua một chiếc laptop h&atilde;y chat với chuy&ecirc;n gia tư vấn nh&eacute;, hoặc gọi v&agrave;o hotline của <strong>FHP</strong>&nbsp;để được tư vấn miễn ph&iacute; hoặc c&oacute; thể tham khảo trước c&aacute;c mẫu laptop vừa t&uacute;i tiền của m&igrave;nh trước khi nhờ tư vấn tại mục <strong>laptop cũ</strong>.</p>','','dịch vụ bán laptop tphcm','',28,1,0,'2018-03-09 09:07:05','2018-04-17 11:52:16'),(34,'Tại sao laptop không nhận USB','tai-sao-laptop-khong-nhan-usb','tai-sao-laptop-khong-nhan-usb.jpg','USB là 1 thiết bị hữu ích cho công việc cũng như giải trí. Tuy nhiên, trong quá trình sử dụng có một số lỗi, trục trặc, cụ thể như laptop không nhận usb mặc dù đã gắm đúng chỗ khe laptop.','<h2 style=\"margin-left:0cm; margin-right:0cm; text-align:justify\"><span style=\"font-size:11pt\"><span style=\"font-family:Calibri,sans-serif\"><strong><em><span style=\"font-size:13.0pt\">Tại sao laptop&nbsp;kh&ocirc;ng nhận usb? C&oacute; rất nhiều nguy&ecirc;n nh&acirc;n dẫn đến t&igrave;nh trạng n&agrave;y v&agrave; rất nhiều người sử dụng m&aacute;y t&iacute;nh đ&atilde; gặp phải lỗi n&agrave;y.</span></em></strong></span></span></h2>\n\n<p>&nbsp;</p>\n\n<p style=\"text-align:center\"><img alt=\"Laptop không nhận usb\" src=\"/upload/laptop/tai-sao-laptop-khong-nhan-usb.jpg\" style=\"height:250px; width:450px\" /></p>\n\n<h2 style=\"margin-left:0cm; margin-right:0cm; text-align:justify\">&nbsp;</h2>\n\n<h2 style=\"margin-left:0cm; margin-right:0cm; text-align:justify\"><span style=\"font-size:18px\"><span style=\"color:#3498db\"><span style=\"font-family:Calibri,sans-serif\"><strong><em>Nguy&ecirc;n nh&acirc;n g&acirc;y ra lỗi laptop kh&ocirc;ng nhận usb</em></strong></span></span></span></h2>\n\n<p>&nbsp;</p>\n\n<ul>\n	<li style=\"text-align:justify\"><span style=\"font-size:11pt\"><span style=\"font-family:Calibri,sans-serif\"><strong><em><span style=\"font-size:13.0pt\">N</span></em></strong><span style=\"font-size:13.0pt\">guy&ecirc;n nh&acirc;n c&oacute; thể l&agrave; do m&aacute;y t&iacute;nh ch&uacute;ng ta bị lỗi, nếu muốn kiểm tra trước ti&ecirc;n c&aacute;c bạn phải chắc chắn l&agrave; usb của bạn đang sử dụng b&igrave;nh thường bằng c&aacute;ch căm usb v&agrave;o một m&aacute;y t&iacute;nh kh&aacute;c nếu m&aacute;y t&iacute;nh đ&oacute; nhận b&igrave;nh thường th&igrave; chắn chắn m&aacute;y t&iacute;nh của bạn bị lỗi.</span></span></span></li>\n</ul>\n\n<p style=\"text-align:justify\">&nbsp;</p>\n\n<ul>\n	<li style=\"text-align:justify\"><span style=\"font-size:11pt\"><span style=\"font-family:Calibri,sans-serif\"><strong><em><span style=\"font-size:13.0pt\">C</span></em></strong><span style=\"font-size:13.0pt\">&ograve;n nếu ngược lại, th&igrave; do usb bị hỏng, trong trường hợp n&agrave;y c&aacute;ch khắc phục tốt nhất l&agrave; c&aacute;c bạn n&ecirc;n mua chiếc usb kh&aacute;c để sử dụng.&nbsp;</span></span></span></li>\n</ul>\n\n<h2 style=\"text-align:justify\">&nbsp;</h2>\n\n<h2 style=\"text-align:justify\"><span style=\"color:#3498db\"><span style=\"font-size:18px\"><span style=\"font-family:Calibri,sans-serif\">C&aacute;ch khắc phục lỗi m&aacute;y t&iacute;nh kh&ocirc;ng nhận usb</span></span></span></h2>\n\n<p>&nbsp;</p>\n\n<p style=\"text-align:center\"><img alt=\"khắc phục laptop không nhận usb\" src=\"/upload/laptop/Khac-phuc-loi-may-tinh-laptop-khong-nhan-usb-3.jpg\" style=\"height:349px; width:550px\" /></p>\n\n<ol>\n	<li style=\"text-align:justify\">\n	<h3><span style=\"font-size:11pt\"><span style=\"font-family:Calibri,sans-serif\"><span style=\"font-size:13.0pt\">Do m&aacute;y t&iacute;nh của bạn thiếu Driver.</span></span></span></h3>\n	</li>\n</ol>\n\n<ul>\n	<li style=\"text-align:justify\"><span style=\"font-size:11pt\"><span style=\"font-family:Calibri,sans-serif\"><span style=\"font-size:13.0pt\">M&aacute;y bạn mới mua, mới c&agrave;i lại win rất c&oacute; thể đ&atilde; thiếu Driver n&ecirc;n m&aacute;y k thể nhận được usb.</span></span></span></li>\n	<li style=\"text-align:justify\"><span style=\"font-size:11pt\"><span style=\"font-family:Calibri,sans-serif\"><span style=\"font-size:13.0pt\">C&aacute;ch khắc phục rất đơn giản th&ocirc;i, c&aacute;c bạn chỉ cần tải một bộ Driver bất k&igrave; về v&agrave; c&agrave;i đặt l&agrave; được.</span></span></span></li>\n</ul>\n\n<ol start=\"2\">\n	<li style=\"text-align:justify\">\n	<h3><span style=\"font-size:11pt\"><span style=\"font-family:Calibri,sans-serif\"><span style=\"font-size:13.0pt\">Do c&ocirc;ng usb tiếp x&uacute;c k&eacute;m.</span></span></span></h3>\n	</li>\n</ol>\n\n<ul>\n	<li style=\"text-align:justify\"><span style=\"font-size:11pt\"><span style=\"font-family:Calibri,sans-serif\"><span style=\"font-size:13.0pt\">M&aacute;y t&iacute;nh của bạn sử dụng trong một thời gian d&agrave;i kh&ocirc;ng vệ sinh dẫn đến t&igrave;nh trạng cổng usb bị bụi bẩn b&aacute;m.</span></span></span></li>\n	<li style=\"text-align:justify\"><span style=\"font-size:11pt\"><span style=\"font-family:Calibri,sans-serif\"><span style=\"font-size:13.0pt\">C&aacute;ch khắc phục rất đơn giản: bạn vệ sinh c&aacute;c cổng usb cho sạch sẽ v&agrave; thửu kết nối lại xem.</span></span></span></li>\n</ul>\n\n<ol start=\"3\">\n	<li style=\"text-align:justify\">\n	<h3><span style=\"font-size:11pt\"><span style=\"font-family:Calibri,sans-serif\"><span style=\"font-size:13.0pt\">Cổng usb bị kh&oacute;a.</span></span></span></h3>\n	</li>\n</ol>\n\n<ul>\n	<li style=\"text-align:justify\"><span style=\"font-size:11pt\"><span style=\"font-family:Calibri,sans-serif\"><span style=\"font-size:13.0pt\">T&igrave;nh trạng n&agrave;y gặp &iacute;t nhưng kh&ocirc;ng phải l&agrave; kh&ocirc;ng c&oacute;, c&oacute; thể bạn v&ocirc; t&igrave;nh kh&oacute;a m&agrave; kh&ocirc;ng biết hay cho bạn b&egrave; mượn m&aacute;y.</span></span></span></li>\n</ul>\n\n<ol start=\"4\">\n	<li style=\"text-align:justify\">\n	<h3><span style=\"font-size:11pt\"><span style=\"font-family:Calibri,sans-serif\"><span style=\"font-size:13.0pt\">M&aacute;y t&iacute;nh bị nhiễm Virut</span></span></span></h3>\n	</li>\n</ol>\n\n<ul>\n	<li style=\"text-align:justify\"><span style=\"font-size:11pt\"><span style=\"font-family:Calibri,sans-serif\"><span style=\"font-size:13.0pt\">Rất c&oacute; thể m&aacute;y t&iacute;nh của bạn đ&atilde; bị nhiễm viret độc hại l&agrave;m cho m&aacute;y kh&ocirc;ng thể kết nối được usb. Nếu bạn kh&ocirc;ng biết c&aacute;ch sử dụng m&aacute;y t&iacute;nh đ&uacute;ng c&aacute;ch th&igrave; rất dễ d&iacute;nh phải virut.</span></span></span></li>\n	<li style=\"text-align:justify\"><span style=\"font-size:11pt\"><span style=\"font-family:Calibri,sans-serif\"><span style=\"font-size:13.0pt\">C&aacute;ch khắc phục: bạn chỉ cần c&agrave;i phần mềm diệt virut v&agrave; scan lại m&aacute;y. Sau đ&oacute; restar lại m&aacute;y.</span></span></span></li>\n</ul>\n\n<p style=\"text-align:justify\">&nbsp;</p>\n\n<p style=\"text-align:justify\"><span style=\"font-size:11pt\"><span style=\"font-family:Calibri,sans-serif\"><span style=\"font-size:13.0pt\"><span style=\"color:#70ad47\">Tr&ecirc;n l&agrave; 4 t&igrave;nh trạng m&agrave; m&aacute;y t&iacute;nh thường gặp khi kh&ocirc;ng thể kết nối usb. C&aacute;c bạn tham khảo v&agrave; cho m&igrave;nh &yacute; kiến nh&eacute;!</span></span></span></span></p>','','Tại sao laptop không nhận usb','Tại sao laptop không  nhận usb là câu hỏi được nhiều bạn hỏi, thắc mắc. Đây là vấn đề thường gặp trong quá trình sử dụng, nguyên nhân  thì có thể do laptop, driver hoặc usb có vấn đề.',32,1,1,'2018-03-13 08:08:34','2018-04-17 00:25:03'),(35,'Cửa hàng laptop uy tín ở thành phố Hồ Chí Minh','cua-hang-laptop-uy-tin-o-thanh-pho-ho-chi-minh','dich-vu-ban-laptop-tphcm-1.jpg','Cửa hàng hàng laptop uy tín ở thành phố hồ chí minh là nơi cung cấp những sản phẩm laptop giá rẻ cho tất cả mọi người.\nGiúp cho bạn nên mua laptop ở cửa hàng nào đem lại chất lượng tốt nhất.  Đồng thời cung cấp nơi mua laptop đáng tin cậy thành phố Hồ Chí Minh và nơi bán laptop cũ uy tín ở tphcm. Nếu ban đang đắn đo shop laptop uy tin tphcm thì bài viết sẽ là sự lựa chọn đúng đắn dành cho bạn.','<p style=\"margin-left:0cm; margin-right:0cm; text-align:justify\"><span style=\"font-size:14pt\"><span style=\"font-size:11.0pt\"><span style=\"color:black\">Thị trường kinh doanh latop </span></span><span style=\"font-size:11.0pt\"><span style=\"color:black\">nay c&oacute; sự tham gia của rất nhiều c&ocirc;ng ty v&agrave; cửa h&agrave;ng tr&ecirc;n khắp cả nước. Để t&igrave;m cho m&igrave;nh </span></span><strong><span style=\"font-size:11.0pt\"><span style=\"color:black\">Cửa h&agrave;ng laptop uy t&iacute;n ở tphcm</span></span></strong><span style=\"font-size:11.0pt\"><span style=\"color:black\"> hay c&aacute;c tỉnh th&agrave;nh kh&aacute;c l&agrave; đều kh&ocirc;ng hề đơn giản. </span></span></span><span style=\"font-size:14pt\"><span style=\"font-size:11.0pt\"><span style=\"color:black\">Việc chọn mua một sản phẩm d&ugrave;ng l&acirc;u d&agrave;i v&agrave; phục vụ tốt cho c&ocirc;ng việc l&agrave; mong muốn của đa số kh&aacute;ch h&agrave;ng. V&igrave; thế muốn mua được một chiếc laptop hợp với t&uacute;i tiền v&agrave; nhu cầu c&ocirc;ng việc l&agrave; điều được đặt ra. </span></span></span></p>\n\n<p style=\"margin-left:0cm; margin-right:0cm\">&nbsp;</p>\n\n<p style=\"margin-left:0cm; margin-right:0cm\"><span style=\"font-size:14pt\"><span style=\"font-size:11.0pt\"><span style=\"color:black\"><img alt=\"Cửa hàng laptop uy tín ở thành phố Hồ Chí Minh\" src=\"/upload/laptop/dich-vu-ban-laptop-tphcm-1.jpg\" /></span></span></span></p>\n\n<p style=\"margin-left:0cm; margin-right:0cm\">&nbsp;</p>\n\n<h2 style=\"margin-left:0cm; margin-right:0cm\"><span style=\"color:null\"><span style=\"font-size:18px\"><strong>Cửa h&agrave;ng laptop uy t&iacute;n ở tphcm được đ&aacute;nh gi&aacute; cao hiện nay</strong></span></span></h2>\n\n<p style=\"margin-left:0cm; margin-right:0cm\">&nbsp;</p>\n\n<p style=\"margin-left:0cm; margin-right:0cm\"><span style=\"font-size:14pt\"><span style=\"font-size:11.0pt\"><span style=\"color:black\">Th&agrave;nh phố Hồ Ch&iacute; Minh l&agrave; nơi c&oacute; mật độ d&acirc;n số tập trung đ&ocirc;ng đảo, l&agrave; th&agrave;nh phố trực thuộc trung ương, nằm trong v&ugrave;ng kinh tế trọng điểm ph&iacute;a nam.</span></span></span></p>\n\n<p style=\"margin-left:0cm; margin-right:0cm\"><span style=\"font-size:14pt\"><span style=\"font-size:11.0pt\"><span style=\"color:black\">Nơi đ&acirc;y tập trung c&aacute;c nh&agrave; m&aacute;y, x&iacute; nghiệp sản xuất tạo ra việc l&agrave;m cho h&agrave;ng triệu lao động. Hằng năm ở th&agrave;nh phố ở th&agrave;nh phố Hồ Ch&iacute; Minh c&oacute; h&agrave;ng trăm c&ocirc;ng ty doanh nghiệp được th&agrave;nh lập. Th&agrave;nh phố Hồ Ch&iacute; Minh c&ograve;n l&agrave; trung t&acirc;m gi&aacute;o dục của cả nước với nhiều trường Đại học h&agrave;ng đầu cả nước, với nhiều ng&agrave;nh nghề thế mạnh như c&ocirc;ng nghệ th&ocirc;ng tin, y dược&hellip;</span></span></span></p>\n\n<p style=\"margin-left:0cm; margin-right:0cm\"><span style=\"font-size:14pt\"><span style=\"font-size:11.0pt\"><span style=\"color:black\">Th&agrave;nh phố Hồ Ch&iacute; Minh c&ograve;n l&agrave; trung t&acirc;m giải tr&iacute; của cả nước, nơi tập trung nhiều loại h&igrave;nh vui chơi giải tr&iacute; đ&aacute;p ứng nhu cầu của nh&acirc;n d&acirc;n.</span></span></span></p>\n\n<p style=\"margin-left:0cm; margin-right:0cm\"><span style=\"font-size:14pt\"><span style=\"font-size:11.0pt\"><span style=\"color:black\">Với lực lượng lao động được tập trung về th&agrave;nh phố Hồ Ch&iacute; Minh l&agrave;m cho th&agrave;nh phố Hồ Ch&iacute; Minh trở th&agrave;nh một thị trường ti&ecirc;u thụ rất rộng lớn. </span></span></span></p>\n\n<p style=\"margin-left:0cm; margin-right:0cm\"><span style=\"font-size:14pt\"><span style=\"font-size:11.0pt\"><span style=\"color:black\">Tại đ&acirc;y nhu cầu sinh hoạt v&agrave; mua sắm của người d&acirc;n rất lớn n&ecirc;n c&oacute; nhiều cửa h&agrave;ng kinh doanh laptop được th&agrave;nh lập <strong>n&ecirc;n mua laptop ở cửa h&agrave;ng n&agrave;o </strong>l&agrave; yếu tố đầu ti&ecirc;n khi mọi người muốn mua một chiếc laptop phục vụ nhu cầu học tập hay kinh doanh của m&igrave;nh.</span></span></span></p>\n\n<p style=\"margin-left:0cm; margin-right:0cm\"><span style=\"font-size:14pt\"><span style=\"font-size:11.0pt\"><span style=\"color:black\">Ng&agrave;y với sự ph&aacute;t triền của c&ocirc;ng nghệ th&ocirc;ng tin v&agrave; mạng x&atilde; hội việc t&igrave;m kiếm cho một cửa h&agrave;ng kinh doanh uy t&iacute;n l&agrave; v&ocirc; c&ugrave;ng quan trọng. </span></span></span></p>\n\n<p style=\"margin-left:0cm; margin-right:0cm\"><span style=\"font-size:14pt\"><span style=\"font-size:11.0pt\"><span style=\"color:black\">Bạn l&agrave; người đang sinh sống ở th&agrave;nh phố Hồ Ch&iacute; Minh để tiết kiệm chi ph&iacute; bạn n&ecirc;n chọn c&aacute;c <strong>shop b&aacute;n Laptop uy t&iacute;n tphcm</strong>. Thay v&igrave; chọn cho m&igrave;nh một <strong>cửa h&agrave;ng b&aacute;n laptop uy t&iacute;n tại H&agrave; Nội</strong> hay một số địa b&agrave;n kh&aacute;c bạn n&ecirc;n chọn cho m&igrave;nh một <strong>nơi b&aacute;n laptop cũ uy t&iacute;n ở tphcm. &nbsp;</strong>T&ugrave;y nhu cầu mỗi người trong cuộc sống học tập kinh doanh của m&igrave;nh bạn n&ecirc;n cho một chiếc laptop ph&ugrave; hợp với y&ecirc;u cầu c&ocirc;ng việc của m&igrave;nh v&agrave; t&uacute;i tiền của m&igrave;nh. Nếu bạn l&agrave; l&agrave; sinh vi&ecirc;n hay người c&oacute; thu nhấp th&igrave; bạn n&ecirc;n t&igrave;m đến những <strong>nơi b&aacute;n laptop cũ uy t&iacute;n ở tphcm</strong>. Điều n&agrave;y l&agrave; việc bạn cần c&acirc;n nhắc kĩ trước khi đưa ra quyết định mua cho m&igrave;nh một </span></span> <span style=\"font-size:11.0pt\"><span style=\"color:black\">sản phẩm ưng &yacute;.</span></span></span></p>\n\n<p style=\"margin-left:0cm; margin-right:0cm\">&nbsp;</p>\n\n<p style=\"margin-left:0cm; margin-right:0cm; text-align:center\"><a href=\"/upload/cua-hang-ban-laptop.png\"><img alt=\"cửa hàng bán laptop uy tín\" src=\"/upload/cua-hang-ban-laptop.png\" /></a></p>\n\n<p style=\"margin-left:0cm; margin-right:0cm\">&nbsp;</p>\n\n<p style=\"margin-left:0cm; margin-right:0cm\">&nbsp;</p>\n\n<p style=\"margin-left:0cm; margin-right:0cm; text-align:justify\"><span style=\"font-size:14pt\"><span style=\"font-size:11.0pt\"><span style=\"color:black\">Khi bạn đ&atilde; c&oacute; quyết định mua một chiếc laptop sao cho c&oacute; cấu h&igrave;nh tốt th&igrave; đừng ngần lại li&ecirc;n hệ với fhp. Trong c&aacute;c cửa h&agrave;ng kinh doanh laptop th&igrave; fph l&agrave; c&ocirc;ng ty lu&ocirc;n được đ&aacute;nh gi&aacute; cao về độ uy t&iacute;n v&agrave; chất lượng sản phẩm</span></span></span></p>\n\n<p style=\"margin-left:0cm; margin-right:0cm; text-align:justify\"><span style=\"font-size:14pt\"><span style=\"font-size:11.0pt\"><span style=\"color:black\">Fhp l&agrave; <strong>nơi mua laptop đ&aacute;ng tin cậy th&agrave;nh phố Hồ Ch&iacute; Minh, </strong>nơi cung cấp laptop gi&aacute; rẻ cho tất cả mọi kh&aacute;ch h&agrave;ng trong v&agrave; ngo&agrave;i nước. Fhp lu&ocirc;n đi đầu thị trường mang đến cho tất cả kh&aacute;ch h&agrave;ng những chiếc laptop c&oacute; chất lượng tốt nhất. Shop được đ&aacute;nh gi&aacute; l&agrave; <strong>shop laptop uy tin tphcm </strong>do kh&aacute;ch h&agrave;ng b&igrave;nh chọn. </span></span></span></p>\n\n<p style=\"margin-left:0cm; margin-right:0cm; text-align:justify\">&nbsp;</p>\n\n<h2 style=\"margin-left:0cm; margin-right:0cm\"><span style=\"font-size:12pt\"><span style=\"color:#1f4d78\">Những gi&aacute; trị bạn đạt được khi mua h&agrave;ng ở Fhp</span></span></h2>\n\n<p>&nbsp;</p>\n\n<p style=\"margin-left:0cm; margin-right:0cm\"><span style=\"font-size:14pt\"><span style=\"font-size:11.0pt\"><span style=\"color:black\">Đến với ch&uacute;ng t&ocirc;i việc phục vụ kh&aacute;ch h&agrave;ng l&agrave; niềm vui với ch&uacute;ng t&ocirc;i. Cty sẽ đem đến cho bạn chất lượng phục vụ tốt nhất v&agrave; gi&aacute; cả tốt. Những gi&aacute; trị c&aacute;c bạn c&oacute; thể đạt được như sau: </span></span></span></p>\n\n<ul>\n	<li><span style=\"font-size:14pt\"><span style=\"font-size:11.0pt\"><span style=\"color:black\">Tư vấn mọi thắc mắc khi mua h&agrave;ng như th&ocirc;ng tin về sản phẩm.</span></span></span></li>\n	<li><span style=\"font-size:14pt\"><span style=\"font-size:11.0pt\"><span style=\"color:black\">Tư vấn về cấu h&igrave;nh m&aacute;y sao cho ph&ugrave; hợp với c&ocirc;ng việc </span></span></span></li>\n	<li><span style=\"font-size:14pt\"><span style=\"font-size:11.0pt\"><span style=\"color:black\">Mỗi sản phẩm lu&ocirc;n đi với chất lượng v&agrave; chữ t&iacute;n l&agrave;m đầu.</span></span></span></li>\n	<li><span style=\"font-size:14pt\"><span style=\"font-size:11.0pt\"><span style=\"color:black\">Mỗi chiếc laptop khi kh&aacute;ch h&agrave;ng đặt tr&ecirc;n web <a href=\"http://fhp.com.vn/\"><strong>fhp.com.vn</strong></a></span></span><span style=\"font-size:11.0pt\"><span style=\"color:black\">&nbsp;sẽ được xử l&yacute; v&agrave; chuyển nhanh nhất đến kh&aacute;ch h&agrave;ng.</span></span></span></li>\n</ul>\n\n<p style=\"margin-left:0cm; margin-right:0cm\"><br />\n<span style=\"font-size:14pt\"><span style=\"font-size:10.5pt\"><span style=\"color:black\"><strong><span style=\"background-color:white\">Mọi th&ocirc;ng tin chi tiết, xin vui l&ograve;ng </span></strong></span></span><span style=\"font-size:10.5pt\"><span style=\"background-color:white\"><span style=\"color:black\">fhp</span></span></span><strong><span style=\"font-size:10.5pt\"><span style=\"background-color:white\"><span style=\"color:black\"> qua địa chỉ sau đ&acirc;y:</span></span></span></strong><br />\n<span style=\"font-size:10.5pt\"><span style=\"background-color:white\"><span style=\"color:black\">fhp</span></span></span></span></p>\n\n<p style=\"margin-left:0cm; margin-right:0cm\"><span style=\"font-size:14pt\"><span style=\"font-size:10.5pt\"><span style=\"color:black\">Địa chỉ: 35/6 B&ugrave;i Quang L&agrave; - Phường 12 - Quận G&ograve; Vấp - TP.HCM</span></span></span></p>\n\n<p style=\"margin-left:0cm; margin-right:0cm\"><span style=\"font-size:14pt\"><span style=\"background-color:white\"><span style=\"font-size:10.5pt\"><span style=\"color:black\">Điện thoại:&nbsp;0949.027.720 - 0963.027.720</span></span></span></span></p>\n\n<p style=\"margin-left:0cm; margin-right:0cm\"><span style=\"font-size:14pt\"><span style=\"background-color:white\"><span style=\"font-size:10.5pt\"><span style=\"color:black\">Email:&nbsp;</span></span><a href=\"mailto:tichtacso.com@gmail.com\" style=\"color:#0563c1; text-decoration:underline\"><span style=\"font-size:10.5pt\"><span style=\"color:black\">tichtacso.com@gmail.com</span></span></a></span></span></p>\n\n<p style=\"margin-left:0cm; margin-right:0cm\"><span style=\"font-size:14pt\"><span style=\"background-color:white\"><span style=\"font-size:10.5pt\"><span style=\"color:black\">Website:&nbsp;http://fhp.com.vn/</span></span></span></span></p>\n\n<p style=\"margin-left:36pt; margin-right:0cm\">&nbsp;</p>','','Cửa hàng laptop uy tín ở tphcm, Cửa hàng laptop uy tín ở tphcm, shop bán Laptop uy tín tphcm, cửa hàng bán laptop uy tín tại Hà Nội, nơi bán laptop cũ uy tín ở tphcm, nơi bán laptop cũ uy tín ở tphcm, nơi mua laptop đáng tin cậy thành phố Hồ Chí Minh, shop laptop uy tín tphcm','Khi bạn có nhu cầu mua một chiếc laptop giá mà còn chưa tìm được một Cửa hàng laptop uy tín ở thành phố Hồ Chí Minh. Bạn đang có nhu cầu mua laptop phục vụ công việc.. bài viết sẽ cũng cấp cho bạn nhưng thông tin hữu ích.',63,1,1,'2018-03-14 04:45:52','2018-04-16 22:12:16'),(36,'Cách kết nối laptop với tivi qua cổng hdmi','cach-ket-noi-laptop-voi-tivi-qua-cong-hdmi','Kết nối HDMI với Tivi..jpg','Bạn đang có 1 chiếc laptop để xem phim – video hoặc là hình ảnh mà màn hình 14 inch hoặc 15 inch của là laptop khi xem không được thỏa mãn và quá bé thì việc kết nổi laptop với tivi qua cổng hdmi mà không cần sự hộ trợ kết nối mạng. Là điều đáng được mong chờ .','<p style=\"margin-left:0cm; margin-right:0cm; text-align:justify\"><span style=\"font-size:11pt\"><span style=\"font-family:Calibri,sans-serif\"><span style=\"font-size:12.0pt\">Bạn đang c&oacute; 1 chiếc laptop để xem phim &ndash; video hoặc l&agrave; h&igrave;nh ảnh m&agrave; m&agrave;n h&igrave;nh 14 inch hoặc 15 inch của l&agrave; laptop khi xem kh&ocirc;ng được thỏa m&atilde;n v&agrave; qu&aacute; b&eacute; th&igrave; việc kết nổi laptop với tivi qua cổng hdmi m&agrave; kh&ocirc;ng cần sự hỗ&nbsp;trợ kết nối mạng&nbsp;l&agrave; điều đ&aacute;ng được mong chờ .</span></span></span></p>\n\n<p style=\"margin-left:0cm; margin-right:0cm; text-align:justify\"><span style=\"font-size:11pt\"><span style=\"font-family:Calibri,sans-serif\"><span style=\"font-size:12.0pt\">Với&nbsp;HDMI (High Definition Multimedia Interface)&nbsp;được kết nối chất lượng nhất giữa thiết bị nguồn v&agrave; thiết bị ph&aacute;t. HDMI được truyền &acirc;m thanh v&agrave; video chất lượng cao giữa c&aacute;c thiết bị. C&ocirc;ng nghệ HDMI được sử dụng với c&aacute;c thiết bị như HDTV, m&aacute;y chiếu, DVD hoặc đầu Blu-ray. Nhờ c&oacute; HDMI m&agrave; ch&uacute;ng ta kh&ocirc;ng chỉ truyền được h&igrave;nh ảnh m&agrave; c&ograve;n truyền được cả &acirc;m thanh giữa c&aacute;c thiết bị.</span></span></span></p>\n\n<h2 style=\"margin-left:0cm; margin-right:0cm\"><span style=\"font-size:13pt\"><span style=\"font-family:Cambria,serif\"><span style=\"color:#4f81bd\">Sau đ&acirc;y ta c&ugrave;ng t&igrave;m hiểu c&aacute;ch kết nối laptop với tivi qua cổng hdmi</span></span></span></h2>\n\n<p style=\"margin-left:0cm; margin-right:0cm\">&nbsp;</p>\n\n<p style=\"margin-left:0cm; margin-right:0cm\"><span style=\"font-size:11pt\"><span style=\"font-family:Calibri,sans-serif\"><strong><em><span style=\"font-size:12.0pt\">Bước 1</span></em></strong><span style=\"font-size:12.0pt\"> &ndash; Chuẩn bi :&nbsp; - 1 Chiếc laptop&nbsp; - 1 chiếc tivi v&agrave; 1 c&aacute;p HDMI.&nbsp; </span></span></span></p>\n\n<p style=\"margin-left:0cm; margin-right:0cm\"><span style=\"font-size:11pt\"><span style=\"font-family:Calibri,sans-serif\"><span style=\"font-size:12.0pt\">Đối với l&agrave; latop v&agrave; tivi th&igrave; bạn phải đảm bảo rằng hai&nbsp; thiết bị n&agrave;y phải c&oacute; hộ trợ HDMI.</span></span></span></p>\n\n<p style=\"margin-left:0cm; margin-right:0cm\"><span style=\"font-size:11pt\"><span style=\"font-family:Calibri,sans-serif\"><span style=\"font-size:12.0pt\">C&ograve;n đối với HDMI bạn cso thể&nbsp; mua ở cửa h&agrave;ng 1 c&aacute;ch dễ d&agrave;ng.</span></span></span></p>\n\n<p style=\"margin-left:0cm; margin-right:0cm; text-align:center\"><img alt=\"Ket-noi-HDMI\" src=\"/upload/ketnoi/Cap-HDMI.jpg\" /></p>\n\n<p style=\"margin-left:0cm; margin-right:0cm\"><span style=\"font-size:11pt\"><span style=\"font-family:Calibri,sans-serif\"><em><span style=\"font-size:12.0pt\">&nbsp;&nbsp;&nbsp;&nbsp;&nbsp;&nbsp;&nbsp;&nbsp;&nbsp;&nbsp;&nbsp;&nbsp;&nbsp;&nbsp;&nbsp;&nbsp;&nbsp;&nbsp;&nbsp;&nbsp;&nbsp;&nbsp;&nbsp;&nbsp;&nbsp;&nbsp;&nbsp;&nbsp;&nbsp;&nbsp;&nbsp;&nbsp;&nbsp;&nbsp;&nbsp;&nbsp;&nbsp;&nbsp;&nbsp;&nbsp;&nbsp;&nbsp;&nbsp;&nbsp;&nbsp;&nbsp;&nbsp;&nbsp;&nbsp;&nbsp;&nbsp;&nbsp;&nbsp;&nbsp;&nbsp;&nbsp;&nbsp;&nbsp;&nbsp;&nbsp;&nbsp; H&igrave;nh 1 : C&aacute;p HDMI</span></em></span></span></p>\n\n<p style=\"margin-left:0cm; margin-right:0cm\"><span style=\"font-size:11pt\"><span style=\"font-family:Calibri,sans-serif\"><strong><em><span style=\"font-size:12.0pt\">Bước 2 :</span></em></strong><span style=\"font-size:12.0pt\">&nbsp;&nbsp; Nối 1 đầu của c&aacute;p HDMI với cổng HDMI tr&ecirc;n laptop. Khi cắm v&agrave;o laptop bạn lưu &yacute; đến phần chữ nổi tr&ecirc;n cổng chiếc laptop hoặc k&yacute; hiểu cổng HDMI.</span></span></span></p>\n\n<p style=\"margin-left:0cm; margin-right:0cm; text-align:center\"><img alt=\"\" src=\"/upload/ketnoi/Ket-noi-HDMI-voi-Laptop.jpg\" /></p>\n\n<p style=\"margin-left:0cm; margin-right:0cm; text-align:center\"><span style=\"font-size:11pt\"><span style=\"font-family:Calibri,sans-serif\"><em><span style=\"font-size:12.0pt\">H&igrave;nh 2 : Kết nối HDMI với Laptop</span></em></span></span></p>\n\n<p style=\"margin-left:0cm; margin-right:0cm\"><span style=\"font-size:11pt\"><span style=\"font-family:Calibri,sans-serif\">&nbsp;&nbsp;&nbsp;&nbsp;&nbsp;&nbsp;&nbsp;&nbsp;&nbsp;&nbsp;&nbsp;&nbsp;&nbsp;&nbsp;&nbsp;&nbsp;&nbsp;&nbsp;&nbsp;&nbsp;&nbsp;&nbsp;&nbsp; </span></span></p>\n\n<p style=\"margin-left:0cm; margin-right:0cm\"><span style=\"font-size:11pt\"><span style=\"font-family:Calibri,sans-serif\"><strong><em><span style=\"font-size:12.0pt\">Bước 3 :&nbsp; </span></em></strong><span style=\"font-size:12.0pt\">Nối đầu c&ograve;n lại c&aacute;p HDMI với chiếc Tivi. Phia sau m&agrave;n h&igrave;nh tivi l&agrave; cổng HDMI v&agrave; cũng được k&yacute; hiệu cổng nổi tr&ecirc;n miểng c&ocirc;ng. Bạn lưu &yacute; căm s&acirc;u v&agrave; chắc để đảm bảo được đường chuyền tốt nhất.</span></span></span></p>\n\n<p style=\"margin-left:0cm; margin-right:0cm\">&nbsp;</p>\n\n<p style=\"margin-left:0cm; margin-right:0cm; text-align:center\"><img alt=\"ket-noi-HDMI-voi-Tivi\" src=\"/upload/ketnoi/ket-noi-HDMI-voi-Tivi.jpg\" /></p>\n\n<p style=\"margin-left:0cm; margin-right:0cm; text-align:center\"><span style=\"font-size:11pt\"><span style=\"font-family:Calibri,sans-serif\"><em><span style=\"font-size:12.0pt\">H&igrave;nh 3 : Kết nối HDMI với Tivi.</span></em></span></span></p>\n\n<p style=\"margin-left:0cm; margin-right:0cm\">&nbsp;</p>\n\n<p style=\"margin-left:0cm; margin-right:0cm\"><span style=\"font-size:11pt\"><span style=\"font-family:Calibri,sans-serif\"><strong><em><span style=\"font-size:12.0pt\">Bước 4 :&nbsp; </span></em></strong><span style=\"font-size:12.0pt\">Bạn tiến h&agrave;nh bật tivi l&ecirc;n trước để điều chỉnh n&uacute;t nguồn v&agrave;o tivi bằng c&aacute;ch chọn v&agrave;o d&ograve;ng lệnh HDMI trong bảng inputs hiện ra.</span></span></span></p>\n\n<p style=\"margin-left:0cm; margin-right:0cm\">&nbsp;</p>\n\n<p style=\"margin-left:0cm; margin-right:0cm; text-align:center\"><img alt=\"dieu-chinh-tren-tivi\" src=\"/upload/ketnoi/dieu-chinh-tren-tivi.jpg\" /></p>\n\n<p style=\"margin-left:0cm; margin-right:0cm; text-align:center\"><span style=\"font-size:11pt\"><span style=\"font-family:Calibri,sans-serif\"><em><span style=\"font-size:12.0pt\">H&igrave;nh 4 : Điều chỉnh tr&ecirc;n tivi.</span></em></span></span></p>\n\n<p style=\"margin-left:0cm; margin-right:0cm\"><span style=\"font-size:11pt\"><span style=\"font-family:Calibri,sans-serif\"><span style=\"font-size:12.0pt\"><strong>Bước 5 : </strong>&nbsp;Bật m&aacute;y t&iacute;nh l&ecirc;n v&agrave; chờ để 2 thiết bị kết nối với nhau .Sau khoảng 15s kh&ocirc;ng c&oacute; sự kết nội th&igrave; h&atilde;y bấm ph&iacute;m Windows + Ph&iacute;m P v&agrave; chọn Duplicate&nbsp; để hiển thị điều chỉnh tr&ecirc;n laptop v&agrave; kết nối 2 thiết bị .</span></span></span></p>\n\n<p style=\"margin-left:0cm; margin-right:0cm\">&nbsp;</p>\n\n<p style=\"margin-left:0cm; margin-right:0cm; text-align:center\"><img alt=\"Thao-tac-tren-laptop\" src=\"/upload/ketnoi/Thao-tac-tren-laptop.jpg\" /></p>\n\n<p style=\"margin-left:0cm; margin-right:0cm; text-align:center\"><span style=\"font-size:11pt\"><span style=\"font-family:Calibri,sans-serif\"><em><span style=\"font-size:12.0pt\">H&igrave;nh 5 : Thao t&aacute;c tr&ecirc;n laptop.</span></em></span></span></p>\n\n<p style=\"margin-left:0cm; margin-right:0cm; text-align:center\">&nbsp;</p>\n\n<p style=\"margin-left:0cm; margin-right:0cm; text-align:center\"><img alt=\"Chon-Duplicate\" src=\"/upload/ketnoi/Chon-Duplicate.jpg\" /></p>\n\n<p style=\"margin-left:0cm; margin-right:0cm; text-align:center\"><span style=\"font-size:11pt\"><span style=\"font-family:Calibri,sans-serif\"><em><span style=\"font-size:12.0pt\">H&igrave;nh 6 : Chọn Duplicate.</span></em></span></span></p>\n\n<p style=\"margin-left:0cm; margin-right:0cm\"><span style=\"font-size:11pt\"><span style=\"font-family:Calibri,sans-serif\"><span style=\"font-size:12.0pt\"><strong>Bước 6 :&nbsp;</strong> Đặt laptop v&agrave;o vị tr&iacute; hợp l&yacute; v&agrave; thưởng thức th&ocirc;i.</span></span></span></p>\n\n<p style=\"margin-left:0cm; margin-right:0cm\">&nbsp;</p>\n\n<p style=\"margin-left:0cm; margin-right:0cm; text-align:center\"><img alt=\"Hai-thiet-bi-da-ket-noi-thanh-cong-thong-qua-HDMI\" src=\"/upload/ketnoi/Hai-thiet-bi-da-ket-noi-thanh-cong-thong-qua-HDMI.jpg\" /></p>\n\n<p style=\"margin-left:0cm; margin-right:0cm; text-align:center\"><span style=\"font-size:11pt\"><span style=\"font-family:Calibri,sans-serif\"><em><span style=\"font-size:12.0pt\">H&igrave;nh 7 : Hai thiết bị đ&atilde; kết nối th&agrave;nh c&ocirc;ng th&ocirc;ng qua HDMI.</span></em></span></span></p>\n\n<p style=\"margin-left:0cm; margin-right:0cm\">&nbsp;</p>','','Kết nối tivi với laptop qua HDMI, Kết nối cổng HDMI,','Bạn đang có 1 chiếc laptop để xem phim – video hoặc là hình ảnh mà màn hình 14 inch hoặc 15 inch của là laptop khi xem không được thỏa mãn và quá bé thì việc kết nổi laptop với tivi qua cổng hdmi mà không cần sự hộ trợ kết nối mạng.',72,1,1,'2018-03-19 10:25:39','2018-04-18 01:19:32'),(37,'Nên mua máy tính xách tay của hãng nào','nen-mua-may-tinh-xach-tay-cua-hang-nao','8.jpg','Hiện nay trên thị trường máy tính rất đa dạng, phong phú và luôn thay đổi công nghệ vào máy để thu hút người dùng. Một số loại được ưu chuộng như  Apple, Dell, Asus, lenovo, Hp...khi mua máy tùy thuộc vào nhu cầu sử dụng máy vào việc gì ? và tài chính kinh tế để mua máy là bao nhiêu ? Sau đây chúng ta cùng điểm qua các hãng máy tính xách tay phổ biết để bạn có thể dưa ra sự lựa chọn cho mình:','<p style=\"margin-left:0cm; margin-right:0cm; text-align:justify\"><span style=\"font-size:11pt\"><span style=\"font-family:Calibri,sans-serif\"><span style=\"font-size:14.0pt\">Nếu bạn đang c&oacute; nhu cầu về mua sắm m&aacute;y t&iacute;nh x&aacute;ch tay v&agrave; bạn đang ph&acirc;n v&acirc;n n&ecirc;n chọn h&atilde;ng n&agrave;o cho bản th&acirc;n để n&oacute; đem lại &iacute;ch lợi tốt nhất. Hiện nay tr&ecirc;n thị trường m&aacute;y t&iacute;nh rất đa dạng, phong ph&uacute; v&agrave; lu&ocirc;n thay đổi c&ocirc;ng nghệ v&agrave;o m&aacute;y để thu h&uacute;t người d&ugrave;ng. Một số loại được ưu chuộng như&nbsp; Apple, Dell, Asus, lenovo, Hp...khi mua m&aacute;y t&ugrave;y thuộc v&agrave;o nhu cầu sử dụng m&aacute;y v&agrave;o việc g&igrave; ? v&agrave; t&agrave;i ch&iacute;nh kinh tế để mua m&aacute;y l&agrave; bao nhi&ecirc;u ? Sau đ&acirc;y ch&uacute;ng ta c&ugrave;ng điểm qua c&aacute;c h&atilde;ng m&aacute;y t&iacute;nh x&aacute;ch tay phổ biến&nbsp;để bạn c&oacute; thể dưa ra sự lựa chọn cho m&igrave;nh: </span></span></span></p>\n\n<p style=\"margin-left:0cm; margin-right:0cm; text-align:justify\">&nbsp;</p>\n\n<h2 style=\"margin-left:0cm; margin-right:0cm; text-align:justify\"><span style=\"font-size:13pt\"><span style=\"font-family:Cambria,serif\"><span style=\"color:#4f81bd\"><span style=\"font-size:16.0pt\">1 . H&atilde;ng Apple</span></span></span></span></h2>\n\n<p style=\"margin-left:0cm; margin-right:0cm; text-align:justify\"><span style=\"font-size:11pt\"><span style=\"font-family:Calibri,sans-serif\"><span style=\"font-size:14.0pt\">Khi n&oacute;i về apple th&igrave; l&agrave; một h&agrave;ng lớn về sản xuất ra những chiếc m&aacute;y t&iacute;nh chất lượng nhất thế gi&oacute; hiện nay.</span> <span style=\"font-size:14.0pt\">Apple đạt được số điểm ho&agrave;n hảo trong hỗ trợ kỹ thuật, thiết kế kiểu d&aacute;ng, chất lượng gia c&ocirc;ng vỏ, linh kiện, b&agrave;n ph&iacute;m/ touchpad, m&agrave;n h&igrave;nh hiển thị v&agrave; &acirc;m thanh.</span></span></span></p>\n\n<p style=\"margin-left:0cm; margin-right:0cm; text-align:justify\">&nbsp;</p>\n\n<p style=\"margin-left:0cm; margin-right:0cm; text-align:center\"><img alt=\"hãng laptop apple\" src=\"/upload/laptop/chonhang/hang-apple.jpg\" /></p>\n\n<p style=\"margin-left:0cm; margin-right:0cm; text-align:center\"><span style=\"font-size:11pt\"><span style=\"font-family:Calibri,sans-serif\"><em><span style=\"font-size:14.0pt\">H&igrave;nh 1 M&aacute;y t&iacute;nh x&aacute;ch tay Apple</span></em></span></span></p>\n\n<p style=\"margin-left:0cm; margin-right:0cm; text-align:justify\">&nbsp;</p>\n\n<p style=\"margin-left:0cm; margin-right:0cm; text-align:justify\"><span style=\"font-size:11pt\"><span style=\"font-family:Calibri,sans-serif\"><strong><em><span style=\"font-size:14.0pt\">Thiết kế :</span></em></strong><span style=\"font-size:14.0pt\">&nbsp;H&atilde;ng apple được thiết kế mang biểu tưởng l&agrave; &ldquo;quả c&aacute;o gặm đở&rdquo;, trọng lượng của m&aacute;y kh&aacute; l&agrave; nhẹ rất tinh xảo, ti&ecirc;u thụ điện năng thấp, c&aacute;c d&ograve;ng macbook do apple&nbsp; sản xuất th&igrave; chủ sử dụng hệ điều h&agrave;nh <span style=\"background-color:#fdfdfd\"><span style=\"color:black\">X Mavericks&nbsp;của h&atilde;ng. Được trang bị cấu h&igrave;nh m&aacute;y cực tốt. Về touchpad th&igrave; dường như b&agrave;n ph&iacute;m apple kh&ocirc;ng c&oacute; sự thay đổi nhiều 1 phần l&agrave; h&atilde;ng n&agrave;y muốn c&oacute; sự phấn k&iacute;ch v&agrave; quen thuộc khi sử dụng khi g&otilde;.</span></span></span></span></span></p>\n\n<p style=\"margin-left:0cm; margin-right:0cm; text-align:justify\">&nbsp;</p>\n\n<p style=\"margin-left:0cm; margin-right:0cm; text-align:center\"><img alt=\"kiểu bàn phím của apple\" src=\"/upload/laptop/chonhang/ban-phim-apple.jpg\" /></p>\n\n<p style=\"margin-left:0cm; margin-right:0cm; text-align:center\"><span style=\"font-size:11pt\"><span style=\"font-family:Calibri,sans-serif\"><em><span style=\"font-size:14.0pt\"><span style=\"background-color:#fdfdfd\"><span style=\"color:black\">H&igrave;nh 2 : B&agrave;n ph&iacute;m Apple</span></span></span></em></span></span></p>\n\n<p style=\"margin-left:0cm; margin-right:0cm; text-align:justify\">&nbsp;</p>\n\n<p style=\"margin-left:0cm; margin-right:0cm; text-align:justify\"><span style=\"font-size:11pt\"><span style=\"font-family:Calibri,sans-serif\"><strong><em><span style=\"font-size:14.0pt\">M&agrave;n h&igrave;nh v&agrave; &acirc;m thanh</span></em></strong><span style=\"font-size:14.0pt\">:&nbsp; C&aacute;c d&ograve;ng laptop MacBook Pro hiện nay đ&atilde; c&oacute; sự cải tiến về chất lượng m&agrave;n h&igrave;nh, Apple sử dụng c&ocirc;ng nghệ Retina tr&ecirc;n d&ograve;ng laptop MacBook Pro 15 inch cho độ ph&acirc;n giải lớn 2880 x 1800 v&agrave; 2560 x 1600 cho phi&ecirc;n bản 13-inch v&agrave; tận dụng để tối ưu h&oacute;a tối đa m&agrave;n h&igrave;nh tuyệt đẹp .MacBook mới nhất của Apple hiện nay l&agrave; MacBook Pro v&agrave; MacBook Air đều c&oacute; &acirc;m thanh phong ph&uacute; v&agrave; r&otilde; r&agrave;ng. </span></span></span></p>\n\n<p style=\"margin-left:0cm; margin-right:0cm; text-align:justify\">&nbsp;</p>\n\n<p style=\"margin-left:0cm; margin-right:0cm; text-align:justify\"><span style=\"font-size:11pt\"><span style=\"font-family:Calibri,sans-serif\"><strong><em><span style=\"font-size:14.0pt\">Phần mềm:</span></em></strong><span style=\"font-size:14.0pt\"> Apple cung cấp cho người d&ugrave;ng khả năng n&acirc;ng cấp miễn ph&iacute; l&ecirc;n hệ điều h&agrave;nh qua mạng internet gi&uacute;p bạn tiện lợi trong việc tương t&aacute;c với nh&agrave; sản xuất Apple hơn. </span></span></span></p>\n\n<p style=\"margin-left:0cm; margin-right:0cm; text-align:justify\"><span style=\"font-size:11pt\"><span style=\"font-family:Calibri,sans-serif\"><span style=\"font-size:14.0pt\">Laptop MacBook của Apple c&oacute; nhiều ưu điểm l&agrave; thế, song gi&aacute; cả vẫn c&ograve;n kh&aacute; lớn với người ti&ecirc;u d&ugrave;ng .</span></span></span></p>\n\n<p style=\"margin-left:0cm; margin-right:0cm; text-align:justify\">&nbsp;</p>\n\n<h2 style=\"margin-left:0cm; margin-right:0cm; text-align:justify\"><span style=\"font-size:13pt\"><span style=\"font-family:Cambria,serif\"><span style=\"color:#4f81bd\"><span style=\"font-size:16.0pt\">2. H&atilde;ng Dell </span></span></span></span></h2>\n\n<p style=\"margin-left:0cm; margin-right:0cm; text-align:justify\">&nbsp;</p>\n\n<p style=\"margin-left:0cm; margin-right:0cm; text-align:justify\"><span style=\"font-size:11pt\"><span style=\"font-family:Calibri,sans-serif\"><span style=\"font-size:14.0pt\">Theo mức ti&ecirc;u thụ hiện nay Dell l&agrave; thương hiệu b&aacute;n chạy nhất do Dell được đ&aacute;nh gi&aacute; l&agrave; d&ograve;ng laptop c&oacute; linh kiện bền, hiệu năng cũng thuộc loại cao n&ecirc;n kh&aacute; phổ biến v&agrave; ưu chuộng &nbsp;ưa chuộng hiện nay. Nhược điểm lớn nhất của Dell thường kh&ocirc;ng được đẹp mắt &ndash; tr&ocirc;ng kh&aacute;&nbsp; th&ocirc; so với h&atilde;ng kh&aacute;c v&agrave; pin cũng kh&ocirc;ng phải l&agrave; bền đối với loại m&agrave;n 12 inch trở xuống c&ograve;n đối với m&agrave;n h&igrave;nh 12 inch trờ l&ecirc;n th&igrave; g&acirc;y ấn tượng nhiều về thiết kế v&agrave; hiệu suất.</span></span></span></p>\n\n<p style=\"margin-left:0cm; margin-right:0cm; text-align:justify\">&nbsp;</p>\n\n<p style=\"margin-left:0cm; margin-right:0cm; text-align:justify\">&nbsp;</p>\n\n<p style=\"margin-left:0cm; margin-right:0cm; text-align:center\"><img alt=\"Hãng máy tính dell\" src=\"/upload/laptop/chonhang/hang-dell.jpg\" /></p>\n\n<p style=\"margin-left:0cm; margin-right:0cm; text-align:center\"><span style=\"font-size:11pt\"><span style=\"font-family:Calibri,sans-serif\"><em><span style=\"font-size:14.0pt\">H&igrave;nh 3 : M&aacute;y t&iacute;nh x&aacute;ch tay Dell</span></em></span></span></p>\n\n<p style=\"margin-left:0cm; margin-right:0cm; text-align:justify\">&nbsp;</p>\n\n<p style=\"margin-left:0cm; margin-right:0cm; text-align:justify\"><span style=\"font-size:11pt\"><span style=\"font-family:Calibri,sans-serif\"><strong><em><span style=\"font-size:14.0pt\">Thiết kế</span></em></strong><span style=\"font-size:14.0pt\"> &nbsp;: Dell thường được đ&aacute;nh gi&aacute; l&agrave; một h&atilde;ng c&oacute; c&oacute; thiết kế th&ocirc; nhất c&aacute;c d&ograve;ng Dell Vostro, Dell Inspiron cho đến Dell Latitude 14 ~ 15,6 inch hầu hết đều c&oacute; sự tương đồng nhau v&agrave; thiết kế dầy, to c&oacute; phần nặng hơn c&aacute;c thương hiệu kh&aacute;c. Từ nhược điểm n&agrave;y kiểu d&aacute;ng n&agrave;y m&agrave; Dell ch&uacute; trọng đến vấn đề về độ bền của linh kiện b&ecirc;n trong v&agrave; mức tỏa nhiệt của laptop khi hoạt động nhiều v&agrave; bền bỉ. </span></span></span></p>\n\n<p style=\"margin-left:0cm; margin-right:0cm; text-align:justify\">&nbsp;</p>\n\n<p style=\"margin-left:0cm; margin-right:0cm; text-align:justify\"><span style=\"font-size:11pt\"><span style=\"font-family:Calibri,sans-serif\"><span style=\"font-size:14.0pt\">B&agrave;n ph&iacute;m v&agrave; touchpad lu&ocirc;n được Dell ch&uacute; trọng trong thiết kế, độ nhạy v&agrave; cảm gi&aacute;c của người d&ugrave;ng khi bấm ph&iacute;m - Dell&nbsp; thường điều hướng trơn tru, hỗ trợ mạnh mẽ. Chiếc m&aacute;y t&iacute;nh Alienware của Dell tiếp tục g&acirc;y ấn tượng với t&ugrave;y biến, b&agrave;n ph&iacute;m s&aacute;ng l&ecirc;n hỗ trợ xử l&yacute; trong đ&ecirc;m v&agrave; touchpad lớn k&egrave;m với c&aacute;c n&uacute;t chuy&ecirc;n dụng 2 b&ecirc;n kh&aacute; nhạy.</span></span></span></p>\n\n<p style=\"margin-left:0cm; margin-right:0cm; text-align:justify\">&nbsp;</p>\n\n<p style=\"margin-left:0cm; margin-right:0cm; text-align:justify\"><span style=\"font-size:11pt\"><span style=\"font-family:Calibri,sans-serif\"><span style=\"font-size:14.0pt\"><img alt=\"bàn phím dell\" src=\"/upload/laptop/chonhang/ban-phim-dell.jpg\" /></span></span></span></p>\n\n<p style=\"margin-left:0cm; margin-right:0cm; text-align:center\"><span style=\"font-size:11pt\"><span style=\"font-family:Calibri,sans-serif\"><em><span style=\"font-size:14.0pt\">H&igrave;nh 4 : B&agrave;n ph&iacute;m m&aacute;y dell</span></em></span></span></p>\n\n<p style=\"margin-left:0cm; margin-right:0cm; text-align:center\">&nbsp;</p>\n\n<p style=\"margin-left:0cm; margin-right:0cm; text-align:justify\"><span style=\"font-size:11pt\"><span style=\"font-family:Calibri,sans-serif\"><strong><em><span style=\"font-size:14.0pt\">M&agrave;n h&igrave;nh&nbsp; v&agrave; &acirc;m thanh</span></em></strong><span style=\"font-size:14.0pt\"> : Laptop m&aacute;y dell được trang bị m&agrave;n h&igrave;nh QHD - Dell Alienware 14, 17 v&agrave; 18 inch được thiết kế bắt mắt với m&agrave;n h&igrave;nh độ ph&acirc;n giải 1080p. D&ograve;ng laptop 14 inch của Dell c&oacute; vẻ đ&atilde; rực rỡ hơn trước, nhưng nh&igrave;n chung, m&agrave;n h&igrave;nh b&igrave;nh thường đ&atilde; s&aacute;ng hơn m&aacute;y t&iacute;nh x&aacute;ch tay trung b&igrave;nh.</span></span></span></p>\n\n<p style=\"margin-left:0cm; margin-right:0cm; text-align:justify\">&nbsp;</p>\n\n<p style=\"margin-left:0cm; margin-right:0cm; text-align:justify\"><span style=\"font-size:11pt\"><span style=\"font-family:Calibri,sans-serif\"><span style=\"font-size:14.0pt\">Chất lượng &acirc;m thanh của Dell được đ&aacute;nh gi&aacute; l&agrave; kh&ocirc;ng cao ,kể cả &acirc;m bass tr&ecirc;n d&ograve;ng m&aacute;y t&iacute;nh Dell vẫn thiếu một ch&uacute;t khả năng khi nghe nhạc hoặc xem phim. </span></span></span></p>\n\n<p style=\"margin-left:0cm; margin-right:0cm; text-align:justify\">&nbsp;</p>\n\n<p style=\"margin-left:0cm; margin-right:0cm; text-align:justify\"><span style=\"font-size:11pt\"><span style=\"font-family:Calibri,sans-serif\"><strong><em><span style=\"font-size:14.0pt\">Phần mềm :</span></em></strong><span style=\"font-size:14.0pt\"> H&atilde;ng Dell th&igrave; kh&ocirc;ng c&oacute; nhiều software hỗ trợ do Dell kh&ocirc;ng đầu tư nhiều v&agrave;o việc viết phần mềm, phần cứng ri&ecirc;ng. M&agrave;u sắc v&agrave; kiểu d&aacute;ng của Dell kh&ocirc;ng đẹp v&agrave; kh&ocirc;ng c&oacute; nhiều cải tiến, gi&aacute; cả đa số &quot;chấp nhận được&quot; cho c&aacute;c bạn t&ugrave;y theo nhu cầu kh&aacute;c nhau, c&oacute; một nhược điểm l&agrave; thường tỏa nhiệt cao.</span></span></span></p>\n\n<p style=\"margin-left:0cm; margin-right:0cm; text-align:justify\">&nbsp;</p>\n\n<h2 style=\"margin-left:0cm; margin-right:0cm; text-align:justify\"><span style=\"font-size:13pt\"><span style=\"font-family:Cambria,serif\"><span style=\"color:#4f81bd\"><span style=\"font-size:16.0pt\">3. H&atilde;ng&nbsp; Lenovo</span></span></span></span></h2>\n\n<p style=\"margin-left:0cm; margin-right:0cm; text-align:justify\">&nbsp;</p>\n\n<p style=\"margin-left:0cm; margin-right:0cm; text-align:justify\"><span style=\"font-size:11pt\"><span style=\"font-family:Calibri,sans-serif\"><span style=\"font-size:14.0pt\">Lenovo được biết đến l&agrave; một d&ograve;ng m&aacute;y t&iacute;nh qu&aacute; phong ph&uacute; về chủng loại , m&agrave;u sắc v&agrave; kiểu d&aacute;ng kh&ocirc;ng nhưng thế h&atilde;ng c&ograve;n trang bị cho m&aacute;y cấu h&igrave;nh hiện đại v&agrave;o từng giai đoạn ph&aacute;t triển v&agrave; sản xuất của m&aacute;y.</span></span></span></p>\n\n<p style=\"margin-left:0cm; margin-right:0cm; text-align:justify\">&nbsp;</p>\n\n<p style=\"margin-left:0cm; margin-right:0cm; text-align:justify\"><img alt=\"Hãng máy tính xách tay lenovo\" src=\"/upload/laptop/chonhang/hang-lenovo.jpg\" /></p>\n\n<p style=\"margin-left:0cm; margin-right:0cm; text-align:center\"><span style=\"font-size:11pt\"><span style=\"font-family:Calibri,sans-serif\"><em><span style=\"font-size:14.0pt\">H&igrave;nh 5 : H&atilde;ng m&aacute;y t&iacute;nh x&aacute;ch tay lenovo</span></em></span></span></p>\n\n<p style=\"margin-left:0cm; margin-right:0cm; text-align:justify\">&nbsp;</p>\n\n<p style=\"margin-left:0cm; margin-right:0cm; text-align:justify\"><span style=\"font-size:11pt\"><span style=\"font-family:Calibri,sans-serif\"><strong><em><span style=\"font-size:14.0pt\">Thiết kế </span></em></strong><span style=\"font-size:14.0pt\">: &nbsp;Lenovo kh&aacute; quen thuộc với ch&uacute;ng ta với ưu điểm dễ nhận thấy l&agrave; trọng lượng nhẹ, nhỏ gọn khi x&aacute;ch tay, tr&ocirc;ng chiếc laptop như một m&aacute;y t&iacute;nh bảng. </span></span></span></p>\n\n<p style=\"margin-left:0cm; margin-right:0cm; text-align:justify\"><span style=\"font-size:11pt\"><span style=\"font-family:Calibri,sans-serif\"><span style=\"font-size:14.0pt\">Với d&ograve;ng Lenovo IBM Thinkpad: kiểu d&aacute;ng kh&aacute; nhỏ, thiết kế vu&ocirc;ng vức, nếu kh&ocirc;ng sở hữu những ưu điểm về độ bền linh kiện v&agrave; chất lượng cũng như sức mạnh cấu h&igrave;nh b&ecirc;n trong th&igrave; n&oacute; cũng kh&oacute; để kiếm được t&igrave;nh cảm ưu &aacute;i tr&ecirc;n thị trường. Nhược điểm của Lenovo l&agrave; lớp nhung bọc tr&ecirc;n nắp m&aacute;y rất dễ bị trầy sướt.&nbsp; B&agrave;n ph&iacute;m Lenovo thường c&oacute; gi&aacute;c mạnh mẽ giữa tay v&agrave; b&agrave;n ph&iacute;m, khoảng c&aacute;ch giữa c&aacute;c ph&iacute;m rộng v&agrave; h&igrave;nh dạng cong. Touchpad trơn tru, chuyển hướng ch&iacute;nh x&aacute;c v&agrave; TrackPoint l&agrave; thiết bị trỏ nhưng v&ocirc; c&ugrave;ng ch&iacute;nh x&aacute;c sẽ gi&uacute;p bạn di chuyển nhẹ nh&agrave;ng đến bất cứ nơi đ&acirc;u tr&ecirc;n m&agrave;n h&igrave;nh.</span></span></span></p>\n\n<p style=\"margin-left:0cm; margin-right:0cm; text-align:justify\">&nbsp;</p>\n\n<p style=\"margin-left:0cm; margin-right:0cm; text-align:justify\"><img alt=\"bàn phím lenovo\" src=\"/upload/laptop/chonhang/ban-phim-lenovo.png\" /></p>\n\n<p style=\"margin-left:0cm; margin-right:0cm; text-align:center\"><span style=\"font-size:11pt\"><span style=\"font-family:Calibri,sans-serif\"><em><span style=\"font-size:14.0pt\">H&igrave;nh 6 : &nbsp;B&agrave;n ph&iacute;m lenovo.</span></em></span></span></p>\n\n<p style=\"margin-left:0cm; margin-right:0cm; text-align:center\">&nbsp;</p>\n\n<p style=\"margin-left:0cm; margin-right:0cm; text-align:justify\"><span style=\"font-size:11pt\"><span style=\"font-family:Calibri,sans-serif\"><strong><em><span style=\"font-size:14.0pt\">M&agrave;n h&igrave;nh v&agrave; &acirc;m thanh:</span></em></strong><span style=\"font-size:14.0pt\"> Laptop của Lenovo thường kh&ocirc;ng ch&uacute; trọng &acirc;m thanh v&agrave; h&igrave;nh ảnh, cả &acirc;m thanh v&agrave; h&igrave;nh ảnh thường chỉ ở mức trung b&igrave;nh v&agrave; dễ chịu, rất &iacute;t c&aacute;c trường hợp trong đ&oacute; c&aacute;c thiết bị của Lenovo nổi bật hơn so với c&aacute;c đối thủ cạnh tranh về điểm n&agrave;y.</span></span></span></p>\n\n<p style=\"margin-left:0cm; margin-right:0cm; text-align:justify\">&nbsp;</p>\n\n<p style=\"margin-left:0cm; margin-right:0cm; text-align:justify\"><span style=\"font-size:11pt\"><span style=\"font-family:Calibri,sans-serif\"><strong><em><span style=\"font-size:14.0pt\">Phần mềm : </span></em></strong><span style=\"font-size:14.0pt\">Lenovo cung cấp c&aacute;c tiện &iacute;ch tiện dụng tr&ecirc;n c&aacute;c d&ograve;ng m&aacute;y t&iacute;nh x&aacute;ch tay h&agrave;ng đầu. IdeaPads, như Flex 14, t&iacute;nh năng &quot;One Key Recovery&quot; để sao lưu tức thời, phần mềm quản l&yacute; năng lượng Energy Manager v&agrave; Lenovo Companion cho kh&aacute;m ph&aacute; ứng dụng nhanh ch&oacute;ng . Dell c&ograve;n đ&oacute;ng g&oacute;i &quot;QuickConnect&quot; để kiểm so&aacute;t m&aacute;y t&iacute;nh x&aacute;ch tay của bạn với điện thoại Android, cũng như &quot;QuickCast&quot; để trao đổi dữ liệu giữa c&aacute;c m&aacute;y t&iacute;nh trong c&ugrave;ng một mạng LAN.</span></span></span></p>\n\n<p style=\"margin-left:0cm; margin-right:0cm; text-align:justify\">&nbsp;</p>\n\n<p style=\"margin-left:0cm; margin-right:0cm; text-align:justify\"><span style=\"font-size:13pt\"><span style=\"font-family:Cambria,serif\"><span style=\"color:#4f81bd\"><span style=\"font-size:16.0pt\">4. H&atilde;ng&nbsp; Asus</span></span></span></span></p>\n\n<p style=\"margin-left:0cm; margin-right:0cm; text-align:justify\">&nbsp;</p>\n\n<p style=\"margin-left:0cm; margin-right:0cm; text-align:justify\"><span style=\"font-size:11pt\"><span style=\"font-family:Calibri,sans-serif\"><span style=\"font-size:14.0pt\">Asus l&agrave; một h&atilde;ng đ&atilde; xuất hiện kh&aacute; l&acirc;u đời - &nbsp;khả năng PR cho sản phẩm của họ cũng kh&ocirc;ng phải b&agrave;n c&atilde;i. Ngo&agrave;i những thiết kế s&aacute;ng tạo về kiểu d&aacute;ng cho đến m&agrave;n h&igrave;nh,&hellip; thu h&uacute;t giới c&ocirc;ng nghệ m&agrave; thương hiệu của họ cũng được biết đến khi vượt trội hầu hết c&aacute;c đối thủ cạnh tranh về hạng mục hỗ trợ kỹ thuật.</span></span></span></p>\n\n<p style=\"margin-left:0cm; margin-right:0cm; text-align:center\"><img alt=\"máy tính laptop asus\" src=\"/upload/laptop/chonhang/hang-asus.jpg\" /></p>\n\n<p style=\"margin-left:0cm; margin-right:0cm; text-align:center\"><span style=\"font-size:11pt\"><span style=\"font-family:Calibri,sans-serif\"><em><span style=\"font-size:14.0pt\">H&igrave;nh 7 : H&atilde;ng m&aacute;y t&iacute;nh x&aacute;ch tay Asu</span></em></span></span><span style=\"font-size:11pt\"><span style=\"font-family:Calibri,sans-serif\"><em><span style=\"font-size:14.0pt\">s</span></em></span></span></p>\n\n<p style=\"margin-left:0cm; margin-right:0cm; text-align:justify\">&nbsp;</p>\n\n<p style=\"margin-left:0cm; margin-right:0cm; text-align:justify\"><span style=\"font-size:11pt\"><span style=\"font-family:Calibri,sans-serif\"><strong><em><span style=\"font-size:14.0pt\">Thiết kế :</span></em></strong><span style=\"font-size:14.0pt\"> ASUS &nbsp;c&oacute; s&aacute;ng tạo ri&ecirc;ng của m&igrave;nh khi cho ra đời mẫu laptop &quot;lật nắp&quot;. ASUS chuyển đổi nắp tr&ecirc;n của latop Taichi 21 th&agrave;nh một m&agrave;n h&igrave;nh cảm ứng thứ hai, đ&acirc;y l&agrave; một sự s&aacute;ng tạo &quot;lạ l&ugrave;ng&quot; v&agrave; &quot;t&aacute;o bạo&quot;, m&agrave;n h&igrave;nh &quot;k&eacute;p&quot; thiết kế &quot;lai&quot;. H&atilde;ng ASUS đ&atilde; loại bỏ khung nh&ocirc;m m&atilde; n&atilde;o cổ điển, cho ra mắt tại thị trường Việt Nam một nguồn cảm hứng thiết kế với d&aacute;ng vẻ sắc mỏng, tinh xảo gợi h&igrave;nh ảnh những chiếc kim đồng hồ s&aacute;ng b&oacute;ng. H&atilde;ng c&ograve;n bổ sung k&iacute;nh cường lực si&ecirc;u bền c&ocirc;ng nghệ chống trầy xước tr&ecirc;n nắp gi&uacute;p sản phẩm c&oacute; khả năng phản quang cực đẹp, khung m&aacute;y được l&agrave;m bằng vỏ nhựa.</span></span></span></p>\n\n<p style=\"margin-left:0cm; margin-right:0cm; text-align:justify\">&nbsp;</p>\n\n<p style=\"margin-left:0cm; margin-right:0cm; text-align:justify\"><span style=\"font-size:11pt\"><span style=\"font-family:Calibri,sans-serif\"><strong><em><span style=\"font-size:14.0pt\">B&agrave;n ph&iacute;m :</span></em></strong><span style=\"font-size:14.0pt\"> B&agrave;n ph&iacute;m m&aacute;y t&iacute;nh x&aacute;ch tay ASUS thường cảm gi&aacute;c mạnh mẽ, bố tr&iacute; hợp l&yacute; v&agrave; kh&ocirc;ng đ&iacute;nh khi g&otilde;.</span></span></span></p>\n\n<p style=\"margin-left:0cm; margin-right:0cm; text-align:justify\">&nbsp;</p>\n\n<p style=\"margin-left:0cm; margin-right:0cm; text-align:justify\"><img alt=\"bàn phím asus\" src=\"/upload/laptop/chonhang/hang-laptop-asus.jpg\" /></p>\n\n<p style=\"margin-left:0cm; margin-right:0cm; text-align:center\"><span style=\"font-size:11pt\"><span style=\"font-family:Calibri,sans-serif\"><em><span style=\"font-size:14.0pt\">H&igrave;nh 8 : B&agrave;n ph&iacute;m asus.</span></em></span></span></p>\n\n<p style=\"margin-left:0cm; margin-right:0cm; text-align:justify\">&nbsp;</p>\n\n<p style=\"margin-left:0cm; margin-right:0cm; text-align:justify\"><span style=\"font-size:11pt\"><span style=\"font-family:Calibri,sans-serif\"><span style=\"font-size:14.0pt\">M&agrave;n h&igrave;nh v&agrave; &acirc;m thanh: m&agrave;n h&igrave;nh m&aacute;y asus thường c&oacute; độ ph&acirc;n giải cao v&agrave; m&agrave;u sắc sắc n&eacute;t, chất lượng m&agrave;n h&igrave;nh cực chuẩn , c&aacute;c tile c&oacute; m&agrave;u sắc tươi s&aacute;ng, sống động tr&ecirc;n một nền m&agrave;u rực rỡ , phần m&agrave;n h&igrave;nh n&agrave;y thể hiện r&otilde; hơn khi m&aacute;y trang bị windows 8 trở l&ecirc;n.</span></span></span></p>\n\n<p style=\"margin-left:0cm; margin-right:0cm; text-align:justify\"><span style=\"font-size:11pt\"><span style=\"font-family:Calibri,sans-serif\"><span style=\"font-size:14.0pt\">&Acirc;m thanh 1 số m&aacute;y sử dụng c&ocirc;ng nghệ mới về Audio cho ph&eacute;p truyền &acirc;m to mặc d&ugrave; chất lượng &acirc;m chưa thực sự &quot;r&otilde; rệt&quot;. C&aacute;c video v&agrave; b&agrave;i h&aacute;t được ph&aacute;t với một &acirc;m lượng bass vừa phải. Tuy nhi&ecirc;n, được đ&aacute;nh gi&aacute; chung l&agrave; tr&ecirc;n mức trung b&igrave;nh.</span></span></span></p>\n\n<p style=\"margin-left:0cm; margin-right:0cm; text-align:justify\"><span style=\"font-size:11pt\"><span style=\"font-family:Calibri,sans-serif\"><span style=\"font-size:14.0pt\">Phần mềm từ Asus : C&aacute;c d&ograve;ng m&aacute;y t&iacute;nh x&aacute;ch tay gần đ&acirc;y của ASUS được bổ sung tiện &iacute;ch từ 20 ứng dụng độc quyền tr&ecirc;n c&aacute;c m&aacute;y t&iacute;nh x&aacute;ch tay, điều chỉnh m&agrave;n h&igrave;nh hiển thị, ASUS WebStorage cung cấp hữu &iacute;ch 5.5GB dung lượng miễn ph&iacute; (tăng từ 2GB năm ngo&aacute;i), v&agrave; ASUS Instant Connect c&oacute; thể sử dụng chung giữa điện thoại Android v&agrave; m&aacute;y t&iacute;nh x&aacute;ch tay ASUS.</span></span></span></p>','','nên mua máy tính laptop hãng nào, hãng laptop tốt nhất hiện nay,','Trên thị trường máy tính rất đa dạng, phong phú và luôn thay đổi công nghệ vào máy để thu hút người dùng. Nên việc mua máy tính xách tay của hãng nào tốt nhất hiện nay là điều khá băn khoăn của nhiều người.',81,1,1,'2018-03-20 03:13:16','2018-04-18 02:51:29'),(38,'Phần mềm test laptop tốt nhất hiện nay','phan-mem-test-laptop-tot-nhat-hien-nay','phan-mem-kiem-tra-phan-cung-may-tinh-tot-nhat-1.jpg','','<p style=\"margin-left:0cm; margin-right:0cm; text-align:justify\"><span style=\"font-size:11pt\"><span style=\"font-family:Calibri,sans-serif\"><span style=\"font-size:14.0pt\">Laptop l&agrave; một phần trong c&ocirc;ng việc hiện tại của ch&uacute;ng ta, nhưng khi ta đi mua hay thậm ch&iacute; muốn biết cấu h&igrave;nh của m&aacute;y thế n&agrave;o th&igrave; 1 trong nhưng c&aacute;c test m&aacute;y t&iacute;nh nhanh v&agrave; đơn giản l&agrave; d&ugrave;ng <strong>phần mềm&nbsp;test laptop</strong>. H&ocirc;m nay ch&uacute;ng ta sẽ đi t&igrave;m hiểu chuy&ecirc;n s&acirc;u về c&aacute;c&nbsp;phần mềm test m&aacute;y t&iacute;nh: </span></span></span></p>\n\n<p style=\"margin-left:0cm; margin-right:0cm\">&nbsp;</p>\n\n<h2 style=\"margin-left:0cm; margin-right:0cm\"><span style=\"font-size:13pt\"><span style=\"font-family:Cambria,serif\"><span style=\"color:#4f81bd\">1 &ndash; Phần mềm CPU-Z</span></span></span></h2>\n\n<p style=\"margin-left:0cm; margin-right:0cm\">&nbsp;</p>\n\n<p style=\"margin-left:0cm; margin-right:0cm\"><span style=\"font-size:11pt\"><span style=\"font-family:Calibri,sans-serif\"><span style=\"font-size:14.0pt\">CPU Z l&agrave; một phần mềm kh&aacute; nổi tiển về hiển thị th&ocirc;ng tin m&aacute;y , đ&acirc;y l&agrave; một trong những phần mềm kiểm tra phần cứng, cấu h&igrave;nh m&aacute;y t&iacute;nh phổ biến v&agrave; dễ sử dụng nhất. Để sử dụng bạn chỉ cần tải CPU Z ph&iacute;a dưới file exe về m&aacute;y, c&agrave;i đặt v&agrave; khởi động l&ecirc;n, l&uacute;c n&agrave;y bạn sẽ thấy hiển thị tất cả c&aacute;c th&ocirc;ng tin chi tiết của m&aacute;y.</span></span></span></p>\n\n<p style=\"margin-left:0cm; margin-right:0cm; text-align:center\"><img alt=\"phần mềm cpu-z\" src=\"/upload/laptop/chonhang/test/phan-mem-kiem-tra-phan-cung-may-tinh-tot-nhat-2015-1.jpg\" /></p>\n\n<p style=\"margin-left:0cm; margin-right:0cm; text-align:center\"><span style=\"font-size:11pt\"><span style=\"font-family:Calibri,sans-serif\"><em><span style=\"font-size:14.0pt\">H&igrave;nh 1 : Th&ocirc;ng tin về m&aacute;y t&iacute;nh hiển thị tr&ecirc;n CPU-Z.</span></em></span></span></p>\n\n<p style=\"margin-left:0cm; margin-right:0cm\">&nbsp;</p>\n\n<p style=\"margin-left:0cm; margin-right:0cm; text-align:justify\"><span style=\"font-size:11pt\"><span style=\"font-family:Calibri,sans-serif\"><span style=\"font-size:14.0pt\">Phần mềm CPU-Z cho bạn biết được thiết bị của bạn đang hoạt động thế n&agrave;o, tốc độ&nbsp; chạy l&agrave; bao nhiều, c&aacute;c th&ocirc;ng số chi tiết về caches, memory, mainboard,.... v&agrave; cung cấp th&ocirc;ng tin về RAM, VGA v&agrave; Mainboard. Khi bạn mua một chiếc m&aacute;y bộ được lắp r&aacute;p sẵn v&agrave; muốn xem th&ocirc;ng tin chi tiết c&aacute;c th&agrave;nh phần b&ecirc;n trong m&agrave; kh&ocirc;ng phải th&aacute;o tung th&ugrave;ng m&aacute;y th&igrave; tải CPU-Z về m&aacute;y để xem v&agrave; biết th&ocirc;ng tin về m&aacute;y&nbsp; t&iacute;nh.</span></span></span></p>\n\n<p style=\"margin-left:0cm; margin-right:0cm; text-align:justify\">&nbsp;</p>\n\n<h2 style=\"margin-left:0cm; margin-right:0cm\"><span style=\"font-size:13pt\"><span style=\"font-family:Cambria,serif\"><span style=\"color:#4f81bd\"><span style=\"font-size:16.0pt\">2 &ndash; Phần mềm GPU-Z</span></span></span></span></h2>\n\n<p style=\"margin-left:0cm; margin-right:0cm\">&nbsp;</p>\n\n<p style=\"margin-left:0cm; margin-right:0cm\"><span style=\"font-size:11pt\"><span style=\"font-family:Calibri,sans-serif\"><span style=\"font-size:14.0pt\">Phần mềm GPU-Z l&agrave; một c&ocirc;ng cụ gi&uacute;p người d&ugrave;ng kiểm tra th&ocirc;ng số chi tiết của vi xử l&yacute; v&agrave; th&ocirc;ng tin về card đồ họa của laptop, m&aacute;y t&iacute;nh. </span></span></span></p>\n\n<p style=\"margin-left:0cm; margin-right:0cm\">&nbsp;</p>\n\n<p style=\"margin-left:0cm; margin-right:0cm; text-align:center\"><img alt=\"phần mềm gpu-z\" src=\"/upload/laptop/chonhang/test/phan-mem-kiem-tra-phan-cung-may-tinh-tot-nhat-1.jpg\" /></p>\n\n<p style=\"margin-left:0cm; margin-right:0cm; text-align:center\"><span style=\"font-size:11pt\"><span style=\"font-family:Calibri,sans-serif\"><em><span style=\"font-size:14.0pt\">H&igrave;nh 2 : Th&ocirc;ng tin về m&aacute;y t&iacute;nh hiển thị tr&ecirc;n GPU-Z.</span></em></span></span></p>\n\n<p style=\"margin-left:0cm; margin-right:0cm\">&nbsp;</p>\n\n<p style=\"margin-left:0cm; margin-right:0cm\"><span style=\"font-size:11pt\"><span style=\"font-family:Calibri,sans-serif\"><span style=\"font-size:14.0pt\">Ngo&agrave;i ra, n&oacute; c&ograve;n&nbsp; cho người d&ugrave;ng chi tiết v&agrave; đầy đủ c&aacute;c th&ocirc;ng số d&ograve;ng Card m&agrave;n h&igrave;nh của h&atilde;ng sản xuất NVIDIA v&agrave; ATI bao gồm model, GPU với c&aacute;c th&ocirc;ng tin về c&ocirc;ng nghệ v&agrave; kỹ thuật chế tạo, phi&ecirc;n bản, t&ecirc;n c&ocirc;ng ty, m&atilde; sản phẩm, k&iacute;ch thước, phi&ecirc;n bản BIOS, giao diện kết nối, tốc độ xử l&yacute;, băng th&ocirc;ng, bộ nhớ RAM, phi&ecirc;n bản DirectX v&agrave; driver, xung nhịp v&agrave; chế độ card. Phần mềm n&agrave;y chủ yếu được d&ugrave;ng cho người d&ugrave;ng khi mua&nbsp; m&aacute;y cấu h&igrave;nh cao th&igrave; GPU-Z l&agrave; sự lựa chọn h&agrave;ng đầu.</span></span></span></p>\n\n<p style=\"margin-left:0cm; margin-right:0cm\">&nbsp;</p>\n\n<h2 style=\"margin-left:0cm; margin-right:0cm\"><span style=\"font-size:13pt\"><span style=\"font-family:Cambria,serif\"><span style=\"color:#4f81bd\"><span style=\"font-size:16.0pt\">3 &ndash; Phần mềm Core Temp</span></span></span></span></h2>\n\n<p style=\"margin-left:0cm; margin-right:0cm\">&nbsp;</p>\n\n<p style=\"margin-left:0cm; margin-right:0cm\"><span style=\"font-size:11pt\"><span style=\"font-family:Calibri,sans-serif\"><span style=\"font-size:14.0pt\">Core Temp l&agrave; phần mềm kiểm tra phần cứng PC, m&aacute;y t&iacute;nh được nhắc tới tiếp theo. Ngo&agrave;i ra n&oacute; c&ograve;n theo d&otilde;i nhiệt độ của CPUv&agrave; hiển thị th&ocirc;ng số chi tiết về nhiệt độ v&agrave; c&ocirc;ng suất ti&ecirc;u thụ điện hiện tại của CPU.</span></span></span></p>\n\n<p style=\"margin-left:0cm; margin-right:0cm; text-align:center\"><img alt=\"phần mềm core temp\" src=\"/upload/laptop/chonhang/test/Core-Temp.png\" /></p>\n\n<p style=\"margin-left:0cm; margin-right:0cm; text-align:center\"><span style=\"font-size:11pt\"><span style=\"font-family:Calibri,sans-serif\"><span style=\"font-size:14.0pt\">&nbsp;&nbsp;&nbsp;&nbsp;&nbsp;<em>H&igrave;nh 3 : Th&ocirc;ng tin về m&aacute;y t&iacute;nh hiển thị tr&ecirc;n Core Temp.</em></span></span></span></p>\n\n<p style=\"margin-left:0cm; margin-right:0cm; text-align:center\">&nbsp;</p>\n\n<p style=\"margin-left:0cm; margin-right:0cm\"><span style=\"font-size:11pt\"><span style=\"font-family:Calibri,sans-serif\"><span style=\"font-size:14.0pt\">Phần mềm Core Temp được d&ugrave;ng chủ yếu cho m&aacute;y đời cũ hoặc m&aacute;y t&iacute;nh PC l&agrave; chủ yếu. Việc sử dụng phần mềm n&agrave;y gi&uacute;p m&aacute;y t&iacute;nh ở trong trạng th&aacute;i tốt nhất v&igrave; người d&ugrave;ng biết chi tiết trạng th&aacute;i của m&aacute;y m&agrave; điều chỉnh.</span></span></span></p>\n\n<p style=\"margin-left:0cm; margin-right:0cm\">&nbsp;</p>\n\n<p style=\"margin-left:0cm; margin-right:0cm\"><span style=\"font-size:13pt\"><span style=\"font-family:Cambria,serif\"><span style=\"color:#4f81bd\"><span style=\"font-size:16.0pt\">4 &ndash; Phần mềm Furmark&nbsp; </span></span></span></span></p>\n\n<p style=\"margin-left:0cm; margin-right:0cm\">&nbsp;</p>\n\n<p style=\"margin-left:0cm; margin-right:0cm; text-align:justify\"><span style=\"font-size:11pt\"><span style=\"font-family:Calibri,sans-serif\"><span style=\"font-size:14.0pt\">Phần mềm Furmark c&oacute; chức năng đẩy VGA l&ecirc;n hoạt động ở 100% c&ocirc;ng suất để xem VGA c&oacute; bị qu&aacute; nhiệt hay kh&ocirc;ng. Khi chơi game thường xuy&ecirc;n v&agrave; gặp t&igrave;nh trạng m&aacute;y đang chạy mượt m&agrave; m&agrave; bỗng giật v&agrave; lag hay đột ngột bị m&agrave;n h&igrave;nh xanh chết ch&oacute;c th&igrave; rất c&oacute; thể l&agrave; lỗi ph&aacute;t sinh từ VGA. Th&igrave; c&ocirc;ng cụ n&agrave;y sẽ rất hữu &iacute;ch cho bạn.</span></span></span></p>\n\n<p style=\"margin-left:0cm; margin-right:0cm\">&nbsp;</p>\n\n<p style=\"margin-left:0cm; margin-right:0cm; text-align:center\"><img alt=\"phần mềm furmark\" src=\"/upload/laptop/chonhang/test/phan-mem-kiem-tra-phan-cung-may-tinh-tot-nhat-2.jpg\" /></p>\n\n<p style=\"margin-left:0cm; margin-right:0cm; text-align:center\"><span style=\"font-size:11pt\"><span style=\"font-family:Calibri,sans-serif\"><span style=\"font-size:14.0pt\"><em>H&igrave;nh 4 : Th&ocirc;ng tin về m&aacute;y t&iacute;nh hiển thị tr&ecirc;n Furmark.</em></span></span></span></p>\n\n<p style=\"margin-left:0cm; margin-right:0cm\">&nbsp;</p>\n\n<h2 style=\"margin-left:0cm; margin-right:0cm\"><span style=\"font-size:13pt\"><span style=\"font-family:Cambria,serif\"><span style=\"color:#4f81bd\"><span style=\"font-size:16.0pt\">5 &ndash;&nbsp; Phần mềm Fraps</span></span></span></span></h2>\n\n<p style=\"margin-left:0cm; margin-right:0cm\">&nbsp;</p>\n\n<p style=\"margin-left:0cm; margin-right:0cm\"><span style=\"font-size:11pt\"><span style=\"font-family:Calibri,sans-serif\"><span style=\"font-size:14.0pt\">Fraps cũng l&agrave; một phần mềm kiểm tra phần cứng m&aacute;y t&iacute;nh kh&aacute; quen thuộc đặc biệt ở d&acirc;n chơi game, n&oacute; gi&uacute;p đo số khung h&igrave;nh tr&ecirc;n gi&acirc;y trong bất kỳ ứng dụng n&agrave;o đang chạy v&agrave; cung cấp khả năng chụp h&igrave;nh v&agrave; ghi h&igrave;nh những g&igrave; đang xảy ra tr&ecirc;n m&agrave;n h&igrave;nh m&aacute;y t&iacute;nh hay t&iacute;nh số FPS trung b&igrave;nh trong một khoảng thời gian định sẵn.</span></span></span></p>\n\n<p style=\"margin-left:0cm; margin-right:0cm\">&nbsp;</p>\n\n<p style=\"margin-left:0cm; margin-right:0cm; text-align:center\"><img alt=\"phần mềm fraps\" src=\"/upload/laptop/chonhang/test/phan-mem-kiem-tra-phan-cung-may-tinh-tot-nhat-5-1.jpg\" /></p>\n\n<p style=\"margin-left:0cm; margin-right:0cm; text-align:center\"><span style=\"font-size:11pt\"><span style=\"font-family:Calibri,sans-serif\"><em><span style=\"font-size:14.0pt\">H&igrave;nh 5 : Th&ocirc;ng tin về m&aacute;y t&iacute;nh hiển thị tr&ecirc;n Fraps.</span></em></span></span></p>\n\n<p style=\"margin-left:0cm; margin-right:0cm; text-align:center\">&nbsp;</p>\n\n<p style=\"margin-left:0cm; margin-right:0cm\"><span style=\"font-size:11pt\"><span style=\"font-family:Calibri,sans-serif\"><span style=\"font-size:14.0pt\">Phần mềm n&agrave;y chủ yếu được d&ugrave;ng cho người d&ugrave;ng hay chơi game hoặc c&aacute; qu&aacute;n n&eacute;t th&igrave; Phần mềm Fraps l&agrave; sự lựa chọn h&agrave;ng đầu.</span></span></span></p>\n\n<p style=\"margin-left:0cm; margin-right:0cm\">&nbsp;</p>\n\n<p style=\"margin-left:0cm; margin-right:0cm\"><span style=\"font-size:11pt\"><span style=\"font-family:Calibri,sans-serif\"><span style=\"font-size:14.0pt\">Tr&ecirc;n đ&acirc;y l&agrave; 5 trong những phần mềm test m&aacute;y t&iacute;nh kh&aacute; chuẩn v&agrave; cực kỳ m&agrave; m&igrave;nh đ&atilde; kiểm tra rồi th&ocirc;ng k&ecirc; lại sau khi thử nghiệm.</span></span></span></p>','','phần mềm test laptop, ứng dụng test máy laptop,','Máy tính là một phần trong công việc hiện tại của chúng ta nhưng khi ta đi mua hay thậm chí muốn biết cấu hình của máy thế nào thì 1 trong nhưng các test máy tính nhanh và đơn gian là dùng phần mềm để test',54,1,1,'2018-03-20 03:40:27','2018-04-16 20:15:29'),(39,'Cáp kết nối ổ cứng với laptop','cap-ket-noi-o-cung-voi-laptop','o-cung-3.0.jpg','Kết nối ổ cứng với laptop để nhằm tăng thêm dung lượng bộ nhớ,  có thể di chuyển dễ dàng, hoạt động như 1 usb ...việc kết kết nối ổ cứng thường theo chuẩn IDE hay SATA mà thông thường là cổng USB 2.0 hoặc  3.0, cáp biến ổ cứng máy tính để bàn, ổ cứng dư, cũ bỏ đi thành ổ cứng di động, cách chọn mua box ổ cứng di động , tốc độ cao. Ổ cứng hiện có kích thước 3.5 đối với ổ pc hoặc ổ 2.5\" đối với ổ laptop đều có thể biến thành ổ cứng di động được.','<p style=\"margin-left:0cm; margin-right:0cm; text-align:justify\"><span style=\"font-size:11pt\"><span style=\"font-family:Calibri,sans-serif\"><span style=\"font-size:14.0pt\">C&aacute;p kết nối ổ cứng với laptop nhằm tăng th&ecirc;m dung lượng bộ nhớ,&nbsp; c&oacute; thể di chuyển dễ d&agrave;ng, hoạt động như 1 usb ...việc kết kết nối ổ cứng thường theo chuẩn IDE hay SATA m&agrave; th&ocirc;ng thường l&agrave; cổng USB 2.0 hoặc &nbsp;3.0, c&aacute;p biến ổ cứng m&aacute;y t&iacute;nh để b&agrave;n, ổ cứng dư, cũ bỏ đi th&agrave;nh ổ cứng di động, c&aacute;ch chọn mua box ổ cứng di động , tốc độ cao. Ổ cứng hiện c&oacute; k&iacute;ch thước 3.5 đối với ổ pc hoặc ổ 2.5&quot; đối với ổ laptop đều c&oacute; thể biến th&agrave;nh ổ cứng di động được.</span></span></span></p>\n\n<p style=\"margin-left:0cm; margin-right:0cm; text-align:justify\"><span style=\"font-size:11pt\"><span style=\"font-family:Calibri,sans-serif\"><span style=\"font-size:14.0pt\">Sau đ&acirc;y l&agrave; những c&aacute;p kết nối rất nhỏ gọn v&agrave; tiện d&ugrave;ng, tương th&iacute;ch với mọi hệ điều h&agrave;nh Windows XP 7 8 v&agrave; cả 10.</span></span></span></p>\n\n<ul>\n	<li style=\"text-align:justify\"><span style=\"font-size:11pt\"><span style=\"font-family:Calibri,sans-serif\"><span style=\"font-size:14.0pt\">Box 2.0 vỏ nhựa </span></span></span></li>\n</ul>\n\n<p style=\"margin-left:36pt; margin-right:0cm; text-align:center\"><img alt=\"họp box wd\" src=\"/upload/laptop/chonhang/ketnoiocung/hop-box-WD.jpg\" /></p>\n\n<p style=\"margin-left:36pt; margin-right:0cm; text-align:center\"><span style=\"font-size:11pt\"><span style=\"font-family:Calibri,sans-serif\"><em><span style=\"font-size:14.0pt\">H&igrave;nh 1 : Hộp box WD.</span></em></span></span></p>\n\n<p style=\"margin-left:36pt; margin-right:0cm; text-align:justify\">&nbsp;</p>\n\n<ul>\n	<li style=\"text-align:justify\"><span style=\"font-size:11pt\"><span style=\"font-family:Calibri,sans-serif\"><span style=\"font-size:14.0pt\">Phần l&otilde;i trong hộp box</span></span></span></li>\n</ul>\n\n<p style=\"margin-left:36pt; margin-right:0cm; text-align:justify\">&nbsp;</p>\n\n<p style=\"margin-left:36pt; margin-right:0cm; text-align:center\"><img alt=\"ben trong hop box wd\" src=\"/upload/laptop/chonhang/ketnoiocung/ben-trong%20hop-box-wd.jpg\" /></p>\n\n<p style=\"margin-left:36pt; margin-right:0cm; text-align:center\"><span style=\"font-size:11pt\"><span style=\"font-family:Calibri,sans-serif\"><em><span style=\"font-size:14.0pt\">H&igrave;nh 2 : B&ecirc;n trong hộp box WD.</span></em></span></span></p>\n\n<p style=\"margin-left:36pt; margin-right:0cm; text-align:justify\">&nbsp;</p>\n\n<p style=\"margin-left:36pt; margin-right:0cm; text-align:justify\">&nbsp;</p>\n\n<ul>\n	<li style=\"text-align:justify\"><span style=\"font-size:11pt\"><span style=\"font-family:Calibri,sans-serif\"><span style=\"font-size:14.0pt\">Box vỏ nhựa, d&ugrave;ng USB chuẩn 3.0</span></span></span></li>\n</ul>\n\n<p style=\"margin-left:36pt; margin-right:0cm; text-align:justify\">&nbsp;</p>\n\n<p style=\"margin-left:36pt; margin-right:0cm; text-align:justify\"><img alt=\"Hộp box ORICON\" src=\"/upload/laptop/chonhang/ketnoiocung/hop-box-ORICON.jpg\" /></p>\n\n<p style=\"margin-left:36pt; margin-right:0cm; text-align:center\"><span style=\"font-size:11pt\"><span style=\"font-family:Calibri,sans-serif\"><em><span style=\"font-size:14.0pt\">H&igrave;nh 3 : Hộp box ORICON</span></em></span></span></p>\n\n<p style=\"margin-left:36pt; margin-right:0cm; text-align:justify\">&nbsp;</p>\n\n<ul>\n	<li style=\"text-align:justify\"><span style=\"font-size:11pt\"><span style=\"font-family:Calibri,sans-serif\"><span style=\"font-size:14.0pt\">C&aacute;p USB to SATA 3.0</span></span></span></li>\n</ul>\n\n<p style=\"margin-left:36pt; margin-right:0cm; text-align:justify\"><img alt=\"ổ cứng sata 3.0\" src=\"/upload/laptop/chonhang/ketnoiocung/o-cung-3_0(1).jpg\" /></p>\n\n<p style=\"margin-left:36pt; margin-right:0cm; text-align:center\"><span style=\"font-size:11pt\"><span style=\"font-family:Calibri,sans-serif\"><em><span style=\"font-size:14.0pt\">H&igrave;nh 4 : Ổ cứng sata 3.0</span></em></span></span></p>\n\n<p style=\"margin-left:36pt; margin-right:0cm; text-align:justify\">&nbsp;</p>\n\n<ul>\n	<li style=\"text-align:justify\"><span style=\"font-size:11pt\"><span style=\"font-family:Calibri,sans-serif\"><span style=\"font-size:14.0pt\">Trong h&igrave;nh lần lượt l&agrave; c&aacute;p SATA to USB 2.0; SATA to USB 3.0 v&agrave; box ổ cứng di động​</span></span></span></li>\n</ul>\n\n<p style=\"margin-left:36pt; margin-right:0cm; text-align:justify\">&nbsp;</p>\n\n<p style=\"margin-left:36pt; margin-right:0cm; text-align:justify\"><img alt=\"3 loại cáp thông dụng.\" src=\"/upload/laptop/chonhang/ketnoiocung/3-loai-o-cung-thong-dung.jpg\" /></p>\n\n<p style=\"margin-left:36pt; margin-right:0cm; text-align:center\"><span style=\"font-size:11pt\"><span style=\"font-family:Calibri,sans-serif\"><em><span style=\"font-size:14.0pt\">H&igrave;nh 5 : 3 loại c&aacute;p th&ocirc;ng dụng.</span></em></span></span></p>\n\n<p style=\"margin-left:36pt; margin-right:0cm; text-align:center\">&nbsp;</p>\n\n<ul>\n	<li style=\"text-align:justify\"><span style=\"font-size:11pt\"><span style=\"font-family:Calibri,sans-serif\"><span style=\"font-size:14.0pt\">C&aacute;c ổ cứng di động &nbsp;mua sẵn thường l&agrave; 1 ổ cứng 2.5&quot; c&oacute; box 2.5&quot; k&egrave;m 1 cổng v&agrave; c&aacute;p USB.</span></span></span></li>\n</ul>\n\n<p style=\"margin-left:36pt; margin-right:0cm; text-align:center\"><img alt=\"các  ổ cứng khi mua săn\" src=\"/upload/laptop/chonhang/ketnoiocung/o-cung-khi-mua-san.jpg\" /></p>\n\n<p style=\"margin-left:36pt; margin-right:0cm; text-align:center\"><span style=\"font-size:11pt\"><span style=\"font-family:Calibri,sans-serif\"><em><span style=\"font-size:14.0pt\">H&igrave;nh 6 : C&aacute;c ổ cứng khi mua sẵn</span></em></span></span></p>\n\n<ul>\n	<li style=\"text-align:justify\"><span style=\"font-size:11pt\"><span style=\"font-family:Calibri,sans-serif\"><span style=\"font-size:14.0pt\">C&aacute;p usb cắp trực tiếp kh&ocirc;ng cần nguồn ngo&agrave;i.</span></span></span></li>\n</ul>\n\n<p style=\"margin-left:36pt; margin-right:0cm; text-align:center\"><img alt=\"cáp cắm trực tiếp\" src=\"/upload/laptop/chonhang/ketnoiocung/cap-usb-cam-truc-tiep.jpg\" /></p>\n\n<p style=\"margin-left:36pt; margin-right:0cm; text-align:center\"><span style=\"font-size:11pt\"><span style=\"font-family:Calibri,sans-serif\"><em><span style=\"font-size:14.0pt\">H&igrave;nh 7 : C&aacute;p usb cắm trực tiếp.</span></em></span></span></p>\n\n<p style=\"margin-left:36pt; margin-right:0cm; text-align:justify\">&nbsp;</p>\n\n<ul>\n	<li style=\"text-align:justify\"><span style=\"font-size:11pt\"><span style=\"font-family:Calibri,sans-serif\"><span style=\"font-size:14.0pt\">Ngo&agrave;i ra c&aacute;c HDD box để cắm nhiều ổ cứng 1 l&uacute;c. Thiết bị n&agrave;y mang t&iacute;nh cố định nhiều hơn l&agrave; d&ugrave;ng box di động.</span></span></span></li>\n</ul>\n\n<p style=\"margin-left:36pt; margin-right:0cm; text-align:center\"><img alt=\"cắm nhiểu ổ cứng cùng 1 lúc\" src=\"/upload/laptop/chonhang/ketnoiocung/hdd-box-cam-nhieu-o-cung.png\" /></p>\n\n<p style=\"margin-left:36pt; margin-right:0cm; text-align:center\"><span style=\"font-size:11pt\"><span style=\"font-family:Calibri,sans-serif\"><em><span style=\"font-size:14.0pt\">H&igrave;nh 8 : HDD box cắm nhiều ổ&nbsp; c&ugrave;ng l&uacute;c.</span></em></span></span></p>\n\n<p style=\"margin-left:36pt; margin-right:0cm; text-align:justify\">&nbsp;</p>','','cáp kết nối ổ cứng với laptop, laptop được cắm ổ cứng thế nào','Kết nối ổ cứng với laptop để nhằm tăng thêm dung lượng bộ nhớ,  có thể di chuyển dễ dàng, hoạt động như 1 usb ...việc kết kết nối ổ cứng thường theo chuẩn IDE hay SATA mà thông thường là cổng USB 2.0 hoặc  3.0, cáp biến ổ cứng máy tính để bàn, ổ cứng dư, cũ bỏ đi thành ổ cứng di động, cách chọn mua box ổ cứng di động , tốc độ cao.',67,1,1,'2018-03-20 04:16:46','2018-04-17 09:18:45'),(40,'Cách kết nối laptop với tivi qua cổng vga','cach-ket-noi-laptop-voi-tivi-qua-cong-vga','thuong-thuc-sau-ket-noi.jpg','Việc kết nối laptop với tivi qua cổng VGA là một kiểu kết nối mới vì Cổng  VGA rất quen thuộc và dễ sử dụng. Do đó kiểu kết nối nay ngày càng trở nên thân thiện hơn với các hãng sản xuát tivi smart. Việc kết nối chiếc laptop với tivi này giúp bạn xem phim – video hoặc là hình ảnh một cách thỏa mãn và mãn nhãn hơn là kết nối qua cổng VGA là 1 điều đáng được mong chờ .','<p style=\"margin-left:0cm; margin-right:0cm; text-align:justify\"><span style=\"font-size:11pt\"><span style=\"font-family:Calibri,sans-serif\"><span style=\"font-size:14.0pt\">Trong thời buổi c&ocirc;ng nghệ số thay đổi li&ecirc;n tục th&igrave; việc h&igrave;nh th&agrave;nh v&agrave; ph&aacute;t triển một số kiểu kết nối mới để thay thế một số kiểu kết nối cụ đang hiện hữu trong ch&uacute;ng ta. Việc <strong>kết nối laptop với tivi qua cổng VGA</strong> l&agrave; một kiểu kết nối mới v&igrave; Cổng&nbsp; VGA rất quen thuộc v&agrave; dễ sử dụng. Do đ&oacute; kiểu kết nối n&agrave;y ng&agrave;y c&agrave;ng trở n&ecirc;n th&acirc;n thiện hơn với c&aacute;c h&atilde;ng sản xu&aacute;t tivi smart. Việc kết nối chiếc laptop với tivi n&agrave;y gi&uacute;p bạn xem phim &ndash; video hoặc l&agrave; h&igrave;nh ảnh một c&aacute;ch thỏa m&atilde;n v&agrave; m&atilde;n nh&atilde;n hơn l&agrave; kết nối qua cổng VGA l&agrave; 1 điều đ&aacute;ng được mong chờ .</span></span></span></p>\n\n<p style=\"margin-left:0cm; margin-right:0cm; text-align:justify\"><span style=\"font-size:11pt\"><span style=\"font-family:Calibri,sans-serif\"><span style=\"font-size:14.0pt\">Sau đ&acirc;y ta c&ugrave;ng t&igrave;m hiểu&nbsp;việc kết nối n&agrave;y :</span> &nbsp; </span></span></p>\n\n<h2 style=\"margin-left:0cm; margin-right:0cm\"><span style=\"font-size:13pt\"><span style=\"font-family:Cambria,serif\"><span style=\"color:#4f81bd\"><span style=\"font-size:16.0pt\">Bước 1 : Chuẩn bị</span></span></span></span></h2>\n\n<p style=\"margin-left:0cm; margin-right:0cm\">&nbsp;</p>\n\n<ul>\n	<li><span style=\"font-size:11pt\"><span style=\"font-family:Calibri,sans-serif\"><span style=\"font-size:14.0pt\">&nbsp;1 d&acirc;y VGA + 1 chiếc laptop + 1 Chiếc tivi&nbsp; c&oacute; hỗ trợ cổng VGA.</span></span></span></li>\n</ul>\n\n<p style=\"margin-left:0cm; margin-right:0cm\">&nbsp;</p>\n\n<p style=\"margin-left:0cm; margin-right:0cm; text-align:center\"><img alt=\"dây vga\" src=\"/upload/laptop/chonhang/ketnoiocung/ketvga/day-vga.jpg\" style=\"height:356px; width:400px\" /></p>\n\n<p style=\"margin-left:0cm; margin-right:0cm; text-align:center\"><span style=\"font-size:11pt\"><span style=\"font-family:Calibri,sans-serif\"><em><span style=\"font-size:14.0pt\">H&igrave;nh 1 : D&acirc;y VGA</span></em></span></span></p>\n\n<h2 style=\"margin-left:0cm; margin-right:0cm\"><span style=\"font-size:13pt\"><span style=\"font-family:Cambria,serif\"><span style=\"color:#4f81bd\"><span style=\"font-size:16.0pt\">Bước 2 : Kết nối VGA với laptop.</span></span></span></span></h2>\n\n<p style=\"margin-left:0cm; margin-right:0cm\">&nbsp;</p>\n\n<p style=\"margin-left:0cm; margin-right:0cm\"><span style=\"font-size:11pt\"><span style=\"font-family:Calibri,sans-serif\"><span style=\"font-size:14.0pt\">Nối 1 đầu VGA với cổng VGA tr&ecirc;n laptop (giống kết nối m&aacute;y chiếu). </span></span></span></p>\n\n<p style=\"margin-left:0cm; margin-right:0cm\">&nbsp;</p>\n\n<p style=\"margin-left:0cm; margin-right:0cm\"><img alt=\"kết nối vga với laptop\" src=\"/upload/laptop/chonhang/ketnoiocung/ketvga/ket-noi-vga-voi-laptop.jpg\" style=\"height:385px; width:800px\" /></p>\n\n<p style=\"margin-left:0cm; margin-right:0cm; text-align:center\"><span style=\"font-size:11pt\"><span style=\"font-family:Calibri,sans-serif\"><em><span style=\"font-size:14.0pt\">H&igrave;nh 2 : Cổng kết nối VGA với laptop</span></em></span></span></p>\n\n<h2 style=\"margin-left:0cm; margin-right:0cm\"><span style=\"font-size:13pt\"><span style=\"font-family:Cambria,serif\"><span style=\"color:#4f81bd\"><span style=\"font-size:16.0pt\">Bước 3 : Kết nối VGA với tivi</span></span></span></span></h2>\n\n<p style=\"margin-left:0cm; margin-right:0cm\">&nbsp;</p>\n\n<p style=\"margin-left:0cm; margin-right:0cm\"><span style=\"font-size:11pt\"><span style=\"font-family:Calibri,sans-serif\"><span style=\"font-size:14.0pt\">Sau đ&oacute;, nối tiếp đầu VGA c&ograve;n lại v&agrave;o cổng VGA của tivi . Bạn n&ecirc;n ch&uacute; &yacute; khoảng c&aacute;ch đặt laptop v&agrave; tivi phụ thuộc v&agrave;o chiều d&agrave;i của d&acirc;y c&aacute;p VGA.</span></span></span></p>\n\n<p style=\"margin-left:0cm; margin-right:0cm\">&nbsp;</p>\n\n<p style=\"margin-left:0cm; margin-right:0cm; text-align:center\"><img alt=\"Cổng kết nối VGA với tivi\" src=\"/upload/laptop/chonhang/ketnoiocung/ketvga/ket-noi-vga-voi.jpg\" style=\"height:351px; width:700px\" /></p>\n\n<p style=\"margin-left:0cm; margin-right:0cm; text-align:center\"><span style=\"font-size:11pt\"><span style=\"font-family:Calibri,sans-serif\"><em><span style=\"font-size:14.0pt\">H&igrave;nh 3 : Cổng kết nối VGA với tivi</span></em></span></span></p>\n\n<h2 style=\"margin-left:0cm; margin-right:0cm\"><span style=\"font-size:13pt\"><span style=\"font-family:Cambria,serif\"><span style=\"color:#4f81bd\"><span style=\"font-size:16.0pt\">Bước 4 : Điều khiển tr&ecirc;n tivi</span></span></span></span></h2>\n\n<p style=\"margin-left:0cm; margin-right:0cm\">&nbsp;</p>\n\n<p style=\"margin-left:0cm; margin-right:0cm\"><span style=\"font-size:11pt\"><span style=\"font-family:Calibri,sans-serif\"><span style=\"font-size:14.0pt\">Sử dụng remote bấm n&uacute;t nguồn v&agrave;o của tivi. Sau đ&oacute; chọn v&agrave;o d&ograve;ng lệnh HDMI 1/MHL.</span></span></span></p>\n\n<p style=\"margin-left:0cm; margin-right:0cm\">&nbsp;</p>\n\n<p style=\"margin-left:0cm; margin-right:0cm; text-align:center\"><img alt=\"Chọn lệnh HDMI\" src=\"/upload/laptop/chonhang/ketnoiocung/ketvga/Chon-lenh-HDMI.jpg\" style=\"height:285px; width:500px\" /></p>\n\n<p style=\"margin-left:0cm; margin-right:0cm; text-align:center\"><span style=\"font-size:11pt\"><span style=\"font-family:Calibri,sans-serif\"><em><span style=\"font-size:14.0pt\">H&igrave;nh 4 : Chọn lệnh HDMI</span></em></span></span></p>\n\n<p style=\"margin-left:0cm; margin-right:0cm\">&nbsp;</p>\n\n<h2 style=\"margin-left:0cm; margin-right:0cm\"><span style=\"font-size:13pt\"><span style=\"font-family:Cambria,serif\"><span style=\"color:#4f81bd\"><span style=\"font-size:16.0pt\">Bước 5 :&nbsp; Điều chỉnh tr&ecirc;n laptop</span></span></span></span></h2>\n\n<p style=\"margin-left:0cm; margin-right:0cm\">&nbsp;</p>\n\n<p style=\"margin-left:0cm; margin-right:0cm\"><span style=\"font-size:11pt\"><span style=\"font-family:Calibri,sans-serif\"><span style=\"font-size:14.0pt\">Chờ đợi tivi kết nối với laptop. Nếu đợi khoảng 15s kh&ocirc;ng thấy t&iacute;n hiệu nhận c&aacute;p. Bạn bấm đồng thời 2 tổ hợp ph&iacute;m Windows + P tr&ecirc;n laptop, sau đ&oacute; chọn v&agrave;o Duplicate để gh&eacute;p nối laptop với tivi.</span></span></span></p>\n\n<p style=\"margin-left:0cm; margin-right:0cm\">&nbsp;</p>\n\n<p style=\"margin-left:0cm; margin-right:0cm\">&nbsp;</p>\n\n<p style=\"margin-left:0cm; margin-right:0cm; text-align:center\"><img alt=\"Thao tác trên laptop\" src=\"/upload/laptop/chonhang/ketnoiocung/ketvga/thao-tac-tren-laptop.jpg\" style=\"height:457px; width:700px\" /></p>\n\n<p style=\"margin-left:0cm; margin-right:0cm; text-align:center\"><span style=\"font-size:11pt\"><span style=\"font-family:Calibri,sans-serif\"><em><span style=\"font-size:14.0pt\">H&igrave;nh 5 : Thao t&aacute;c tr&ecirc;n laptop</span></em></span></span></p>\n\n<p style=\"margin-left:0cm; margin-right:0cm; text-align:center\">&nbsp;</p>\n\n<p style=\"margin-left:0cm; margin-right:0cm; text-align:center\">&nbsp;</p>\n\n<p style=\"margin-left:0cm; margin-right:0cm; text-align:center\"><img alt=\"Thao tác trên laptop\" src=\"/upload/laptop/chonhang/ketnoiocung/ketvga/chon-Duplicate.jpg\" style=\"height:476px; width:361px\" /></p>\n\n<p style=\"margin-left:0cm; margin-right:0cm; text-align:center\"><span style=\"font-size:11pt\"><span style=\"font-family:Calibri,sans-serif\"><em><span style=\"font-size:14.0pt\">H&igrave;nh 6 : Duplicate</span></em></span></span></p>\n\n<p style=\"margin-left:0cm; margin-right:0cm\">&nbsp;</p>\n\n<p style=\"margin-left:0cm; margin-right:0cm\"><span style=\"font-size:11pt\"><span style=\"font-family:Calibri,sans-serif\"><strong><span style=\"font-size:14.0pt\">PC Screen Only</span></strong><span style=\"font-size:14.0pt\">: Chỉ hiển thị m&agrave;n h&igrave;nh nguồn xuất ra</span></span></span></p>\n\n<p style=\"margin-left:0cm; margin-right:0cm\"><span style=\"font-size:11pt\"><span style=\"font-family:Calibri,sans-serif\"><strong><span style=\"font-size:14.0pt\">Duplicate</span></strong><span style=\"font-size:14.0pt\">: Hiển thị nội dung ở cả 2 m&agrave;n h&igrave;nh với c&ugrave;ng 1 nội dung</span></span></span></p>\n\n<p style=\"margin-left:0cm; margin-right:0cm\"><span style=\"font-size:11pt\"><span style=\"font-family:Calibri,sans-serif\"><strong><span style=\"font-size:14.0pt\">Extend</span></strong><span style=\"font-size:14.0pt\">: Đ&acirc;y l&agrave; chế độ hiển thị song song 2 m&agrave;n h&igrave;nh v&agrave; &nbsp;c&oacute; thể k&eacute;o thả c&aacute;c đối tượng.</span></span></span></p>\n\n<p style=\"margin-left:0cm; margin-right:0cm\"><span style=\"font-size:11pt\"><span style=\"font-family:Calibri,sans-serif\"><strong><span style=\"font-size:14.0pt\">Second screen Only</span></strong><span style=\"font-size:14.0pt\">: Chỉ hiển thị m&agrave;n h&igrave;nh thứ 2.</span></span></span></p>\n\n<p style=\"margin-left:0cm; margin-right:0cm\">&nbsp;</p>\n\n<h2 style=\"margin-left:0cm; margin-right:0cm\"><span style=\"font-size:13pt\"><span style=\"font-family:Cambria,serif\"><span style=\"color:#4f81bd\"><span style=\"font-size:16.0pt\">Bước 6 :&nbsp;&nbsp; Chỉnh vị tr&iacute; của m&aacute;y hợp với chiều d&agrave;i d&acirc;y VGA v&agrave; xem th&ocirc;i.</span></span></span></span></h2>\n\n<p style=\"margin-left:0cm; margin-right:0cm\">&nbsp;</p>\n\n<p style=\"margin-left:0cm; margin-right:0cm\">&nbsp;</p>\n\n<p style=\"margin-left:0cm; margin-right:0cm; text-align:center\"><img alt=\"kết quả kết nối vga \" src=\"/upload/laptop/chonhang/ketnoiocung/ketvga/thuong-thuc-sau-ket-noi.jpg\" style=\"height:467px; width:700px\" /></p>\n\n<p style=\"margin-left:0cm; margin-right:0cm; text-align:center\"><span style=\"font-size:11pt\"><span style=\"font-family:Calibri,sans-serif\"><em><span style=\"font-size:14.0pt\">H&igrave;nh 6 : Thưởng thức kết nối vga.</span></em></span></span></p>\n\n<p style=\"margin-left:0cm; margin-right:0cm\">&nbsp;</p>','','kết nối vga giữa vga và laptop, cách kết nối vga và laptop','Việc kết nối chiếc laptop với tivi này giúp bạn xem phim – video hoặc là hình ảnh một cách thỏa mãn và mãn nhãn hơn là kết nối qua cổng VGA là 1 điều đáng được mong chờ .',48,1,1,'2018-03-20 04:34:05','2018-04-16 20:15:23'),(41,'Dòng laptop nào tốt nhất hiện nay','dong-laptop-nao-tot-nhat-hien-nay','cac-may-tinh-cu.jpg','Thị trường mua bán máy tính cũ hiện nay rất nhộn nhịp và sinh động hơn bao giờ hết một trong nhưng lý do được đưa ra là công nghệ thay đổi liên tục ở đời máy mới , nhu cầu công việc ngày 1 tăng, tình hình kinh tế đã thay đổi ít nhiều ..... nếu bạn là một người dùng thực sự muốn mua máy tính cũ để đáp ứng nhu cầu công việc hiện tại thì bài học này sẽ cung cấp và chia sẻ tới bạn những gì khi mua máy tính cũ.','<p style=\"margin-left:0cm; margin-right:0cm; text-align:center\">&nbsp;</p>\n\n<p style=\"margin-left:0cm; margin-right:0cm\">&nbsp;</p>\n\n<p style=\"margin-left:0cm; margin-right:0cm; text-align:center\"><span style=\"font-size:11pt\"><span style=\"font-family:Calibri,sans-serif\"><span style=\"font-size:14.0pt\"><img alt=\"mua máy tính cũ\" src=\"/upload/laptop/chonhang/ketnoiocung/ketvga/chonmaytinhcu/cac-may-tinh-cu.jpg\" /></span></span></span></p>\n\n<p style=\"margin-left:0cm; margin-right:0cm; text-align:center\"><span style=\"font-size:11pt\"><span style=\"font-family:Calibri,sans-serif\"><em><span style=\"font-size:14.0pt\">H&igrave;nh 1 : C&aacute;c mua t&iacute;nh cũ.</span></em></span></span></p>\n\n<h2 style=\"margin-left:0cm; margin-right:0cm\"><span style=\"font-size:13pt\"><span style=\"font-family:Cambria,serif\"><span style=\"color:#4f81bd\">Những c&acirc;u hỏi được đặt ra trước khi đi mua m&aacute;y t&iacute;nh cũ l&agrave; :&nbsp;&nbsp;&nbsp;&nbsp;&nbsp;&nbsp;&nbsp;&nbsp;&nbsp; </span></span></span></h2>\n\n<p style=\"margin-left:0cm; margin-right:0cm\">&nbsp;</p>\n\n<ul>\n	<li><span style=\"font-size:11pt\"><span style=\"font-family:Calibri,sans-serif\"><em><span style=\"font-size:14.0pt\">N&ecirc;n chọn h&atilde;ng n&agrave;o tốt ch&uacute;t nhỉ ?</span></em></span></span></li>\n	<li><span style=\"font-size:11pt\"><span style=\"font-family:Calibri,sans-serif\"><em><span style=\"font-size:14.0pt\">M&igrave;nh l&agrave;m c&aacute;i n&agrave;y th&igrave; mua m&aacute;y cấu h&igrave;nh sao cho ph&ugrave; hợp nhỉ ?</span></em></span></span></li>\n	<li><span style=\"font-size:11pt\"><span style=\"font-family:Calibri,sans-serif\"><em><span style=\"font-size:14.0pt\">Tiền m&igrave;nh c&ograve;n c&oacute; từng n&agrave;y mua m&aacute;y n&agrave;o ngon ch&uacute;t nhỉ ?</span></em></span></span></li>\n	<li><span style=\"font-size:11pt\"><span style=\"font-family:Calibri,sans-serif\"><em><span style=\"font-size:14.0pt\">.........</span></em></span></span></li>\n</ul>\n\n<p style=\"margin-left:0cm; margin-right:0cm\"><span style=\"font-size:11pt\"><span style=\"font-family:Calibri,sans-serif\"><span style=\"font-size:14.0pt\">Đ&oacute; l&agrave; những c&acirc;u hỏi đang được nhiều người d&ugrave;ng đặt ra khi mua m&aacute;y cũ. Sau đ&acirc;y m&igrave;nh sẽ chia sẻ to&agrave;n bộ kiến thức về m&aacute;y t&iacute;nh để bạn c&oacute; dịp trổ t&agrave;i khi mua m&aacute;y t&iacute;nh cũ nh&eacute; :</span></span></span></p>\n\n<ul>\n	<li><span style=\"font-size:11pt\"><span style=\"font-family:Cambria,serif\"><span style=\"color:#4f81bd\"><span style=\"font-size:16.0pt\">Về nhu cầu : </span></span></span></span></li>\n</ul>\n\n<p style=\"margin-left:0cm; margin-right:0cm\">&nbsp;</p>\n\n<p style=\"margin-left:36pt; margin-right:0cm\"><span style=\"font-size:11pt\"><span style=\"font-family:Calibri,sans-serif\"><span style=\"font-size:14.0pt\">Việc trang bị m&aacute;y t&iacute;nh d&ugrave; mua mới hay cũ th&igrave; bạn cũng phải x&aacute;c định được mua m&aacute;y về l&agrave; g&igrave; ? một khi trả lời được c&acirc;u hỏi đ&oacute; bạn mới t&igrave;m ch&iacute;nh x&aacute;c loại m&aacute;y đ&aacute;p ứng được c&ocirc;ng việc của m&igrave;nh. </span></span></span></p>\n\n<p style=\"margin-left:36pt; margin-right:0cm\"><span style=\"font-size:11pt\"><span style=\"font-family:Calibri,sans-serif\"><span style=\"font-size:14.0pt\">Nếu l&agrave; d&acirc;n văn ph&ograve;ng, phục vụ giải tr&iacute;,học về m&aacute;y t&iacute;nh ... th&igrave; n&ecirc;n chọn loại c&oacute; cấu h&igrave;nh vừa phải , m&agrave;n h&igrave;nh rộng &nbsp;v&agrave; c&oacute; thể c&ugrave;i 1 ch&uacute;t. Như Dell, Asus hoặc lenovo. </span></span></span></p>\n\n<p style=\"margin-left:36pt; margin-right:0cm\"><span style=\"font-size:11pt\"><span style=\"font-family:Calibri,sans-serif\"><span style=\"font-size:14.0pt\">Nếu l&agrave; d&acirc;n đồ họa hoặc thiết kế &nbsp;h&igrave;nh v&agrave; ảnh th&igrave; bắt buộc m&aacute;y bạn mua phải c&oacute; Card đồ họa hộ trợ c&oacute; thể gắn trực tiếp tr&ecirc;n main hoặc card rời h&atilde;ng nổi tiếng cho d&acirc;n n&agrave;y l&agrave; Apple , Dell v&agrave; c&oacute; thể l&agrave; PC đời mới.</span></span></span></p>\n\n<p style=\"margin-left:36pt; margin-right:0cm\"><span style=\"font-size:11pt\"><span style=\"font-family:Calibri,sans-serif\"><span style=\"font-size:14.0pt\">Nếu bạn sử dụng m&aacute;y cho việc chơi game th&igrave; kh&ocirc;ng chỉ card đồ họa phải&nbsp; tốt m&agrave; c&ograve;n b&agrave;n ph&iacute;m bấm kh&ocirc;ng d&iacute;nh, &iacute;t n&oacute;ng, m&agrave;n h&igrave;nh 15inch trở l&ecirc;n đối với laptop.</span></span></span></p>\n\n<p style=\"margin-left:36pt; margin-right:0cm\">&nbsp;</p>\n\n<ul>\n	<li><span style=\"font-size:11pt\"><span style=\"font-family:Cambria,serif\"><span style=\"color:#4f81bd\"><span style=\"font-size:16.0pt\">Về cấu h&igrave;nh m&aacute;y ; </span></span></span></span></li>\n</ul>\n\n<p style=\"margin-left:0cm; margin-right:0cm\">&nbsp;</p>\n\n<p style=\"margin-left:36pt; margin-right:0cm\"><span style=\"font-size:11pt\"><span style=\"font-family:Calibri,sans-serif\"><span style=\"font-size:14.0pt\">Cấu h&igrave;nh m&aacute;y l&agrave; những th&ocirc;ng số tr&ecirc;n c&aacute;c thiết bị được gắn gh&eacute;p v&agrave;o m&aacute;y cũ thể l&agrave;&nbsp; bộ xử l&yacute; (CPU :... ghz), Ram(t&iacute;nh bằng Gb), Bộ nhớ(t&iacute;nh bằng GB hoặc TB, Card graphic (t&iacute;nh bằng Gb), Đời main, Core (i bao nhi&ecirc;u), k&iacute;ch thước m&agrave;n h&igrave;nh(t&iacute;nh bằng inch)...</span></span></span></p>\n\n<p style=\"margin-left:36pt; margin-right:0cm\"><span style=\"font-size:11pt\"><span style=\"font-family:Calibri,sans-serif\"><span style=\"font-size:14.0pt\">Những th&ocirc;ng số n&agrave;y c&agrave;ng cao c&agrave;ng tốt nhưng phải phụ thuộc v&agrave;o t&agrave;i ch&iacute;nh kinh tế của bạn.</span></span></span></p>\n\n<p style=\"margin-left:36pt; margin-right:0cm\">&nbsp;</p>\n\n<ul>\n	<li><span style=\"font-size:11pt\"><span style=\"font-family:Cambria,serif\"><span style=\"color:#4f81bd\"><span style=\"font-size:16.0pt\">Về gi&aacute; cả : </span></span></span></span></li>\n</ul>\n\n<p style=\"margin-left:0cm; margin-right:0cm\">&nbsp;</p>\n\n<p style=\"margin-left:36pt; margin-right:0cm\"><span style=\"font-size:11pt\"><span style=\"font-family:Calibri,sans-serif\"><span style=\"font-size:14.0pt\">T&ugrave;y mỗi h&atilde;ng , cấu h&igrave;nh , thời gian sử dụng, địa điểm b&aacute;n th&igrave; c&oacute; mức gi&aacute; kh&aacute;c nhau nhưng khi mua m&aacute;y t&iacute;nh cũ th&igrave; rẻ hơn m&aacute;y mới 30-80% . Chỉ đ&aacute;p ứng cho người d&ugrave;ng c&oacute; kh&oacute; khăn về kinh tế.</span></span></span></p>\n\n<p style=\"margin-left:0cm; margin-right:0cm; text-align:center\"><img alt=\"công cụ test\" src=\"/upload/laptop/chonhang/ketnoiocung/ketvga/chonmaytinhcu/phan-mem-test.png\" /></p>\n\n<p style=\"margin-left:0cm; margin-right:0cm; text-align:center\"><span style=\"font-size:11pt\"><span style=\"font-family:Calibri,sans-serif\"><em><span style=\"font-size:14.0pt\">H&igrave;nh 2 : C&ocirc;ng cũ&nbsp;test m&aacute;y</span></em></span></span></p>\n\n<h2 style=\"margin-left:0cm; margin-right:0cm\"><span style=\"font-size:13pt\"><span style=\"font-family:Cambria,serif\"><span style=\"color:#4f81bd\"><span style=\"font-size:16.0pt\">Những b&agrave;i học được r&uacute;t ra :</span></span></span></span></h2>\n\n<p style=\"margin-left:0cm; margin-right:0cm\">&nbsp;</p>\n\n<ul>\n	<li><span style=\"font-size:11pt\"><span style=\"font-family:Cambria,serif\"><span style=\"color:#4f81bd\"><span style=\"font-size:14.0pt\">Chọn c&ocirc;ng ty hoặc nơi cung cấp m&aacute;y t&iacute;nh cũ chất lượng v&agrave; uy t&iacute;n.</span></span></span></span></li>\n</ul>\n\n<p style=\"margin-left:0cm; margin-right:0cm\">&nbsp;</p>\n\n<p style=\"margin-left:36pt; margin-right:0cm\"><span style=\"font-size:11pt\"><span style=\"font-family:Calibri,sans-serif\"><span style=\"font-size:14.0pt\">Để biết được nơi cung cấp m&aacute;y t&iacute;nh cũ đ&oacute; c&oacute; uy t&iacute;n kh&ocirc;ng th&igrave; bạn n&ecirc;n quan t&acirc;m đến ch&iacute;nh s&aacute;ch bảo h&agrave;nh m&aacute;y, th&aacute;i độ ứng xử nh&acirc;n vi&ecirc;n kỹ thuật, cam kết của người b&aacute;n v&agrave; gi&aacute; cả nơi đ&oacute;.</span></span></span></p>\n\n<p style=\"margin-left:36pt; margin-right:0cm\">&nbsp;</p>\n\n<ul>\n	<li><span style=\"font-size:11pt\"><span style=\"font-family:Cambria,serif\"><span style=\"color:#4f81bd\"><span style=\"font-size:14.0pt\">Nhờ người th&acirc;n &ndash; b&agrave;n b&egrave; c&oacute; k&iacute;nh nghiệp về m&aacute;y t&iacute;nh.</span></span></span></span></li>\n</ul>\n\n<p style=\"margin-left:0cm; margin-right:0cm\">&nbsp;</p>\n\n<p style=\"margin-left:36pt; margin-right:0cm\"><span style=\"font-size:11pt\"><span style=\"font-family:Calibri,sans-serif\"><span style=\"font-size:14.0pt\">Tr&ecirc;n thực tế người c&oacute; kinh nghiệm d&ugrave;ng m&aacute;y t&iacute;nh th&igrave; khi c&oacute; họ đi c&ugrave;ng bạn sẽ y&ecirc;n t&acirc;m chọn m&agrave; kh&ocirc;ng lo về chất lượng v&agrave; cấu h&igrave;nh m&aacute;y nếu bạn m&ugrave; th&ocirc;ng tin n&agrave;y.</span></span></span></p>\n\n<p style=\"margin-left:36pt; margin-right:0cm\">&nbsp;</p>\n\n<ul>\n	<li><span style=\"font-size:11pt\"><span style=\"font-family:Cambria,serif\"><span style=\"color:#4f81bd\"><span style=\"font-size:14.0pt\">Kh&ocirc;ng n&ecirc;n mua m&aacute;y t&iacute;nh cũ ở cửa h&agrave;ng trực tuyến hoặc trang chợ đen.</span></span></span></span></li>\n</ul>\n\n<p style=\"margin-left:0cm; margin-right:0cm\">&nbsp;</p>\n\n<p style=\"margin-left:36pt; margin-right:0cm\"><span style=\"font-size:11pt\"><span style=\"font-family:Calibri,sans-serif\"><span style=\"font-size:14.0pt\">Nhưng nơi n&agrave;y lu&ocirc;n tiềm ẩn rủ r&ograve; rất cao đơn giản kh&ocirc;ng chỉ gian đối về tiền b&aacute;c m&agrave; c&ograve;n thay đổi linh kiện trong m&aacute;y rất kh&oacute; ph&aacute;t hiện trong thời gian ngắn.</span></span></span></p>\n\n<p style=\"margin-left:36pt; margin-right:0cm\">&nbsp;</p>\n\n<ul>\n	<li><span style=\"font-size:11pt\"><span style=\"font-family:Cambria,serif\"><span style=\"color:#4f81bd\"><span style=\"font-size:14.0pt\">Kiểm tra tổng quan khi mua m&aacute;y t&iacute;nh cũ.</span></span></span></span></li>\n</ul>\n\n<p style=\"margin-left:0cm; margin-right:0cm\">&nbsp;</p>\n\n<p style=\"margin-left:36pt; margin-right:0cm\"><span style=\"font-size:11pt\"><span style=\"font-family:Calibri,sans-serif\"><span style=\"font-size:14.0pt\">Khi thấu hiểu c&aacute;c phần tr&ecirc;n rồi th&igrave; trước hết bạn phải phải kiểm tra t&iacute;nh thực tại của m&aacute;y t&iacute;nh cũ đ&oacute; như cpu,ram,m&agrave;n h&igrave;nh, b&agrave;n ph&iacute;m,chuột, ổ cứng ......thậm ch&iacute; l&agrave; độ n&oacute;ng của m&aacute;y sau khi hoạt động. Ngo&agrave;i ra bạn c&oacute; thể sử dụng phần mềm test để biết chi tiết hơn.</span></span></span></p>\n\n<p style=\"margin-left:36pt; margin-right:0cm\">&nbsp;</p>\n\n<ul>\n	<li><span style=\"font-size:11pt\"><span style=\"font-family:Cambria,serif\"><span style=\"color:#4f81bd\"><span style=\"font-size:14.0pt\">Thử nghiệm nguồn m&aacute;y t&iacute;nh.</span></span></span></span></li>\n</ul>\n\n<p style=\"margin-left:0cm; margin-right:0cm\">&nbsp;</p>\n\n<p style=\"margin-left:36pt; margin-right:0cm\"><span style=\"font-size:11pt\"><span style=\"font-family:Calibri,sans-serif\"><span style=\"font-size:14.0pt\">Nguồn m&aacute;y t&iacute;nh l&agrave; nơi cung cấp điện năng cho m&aacute;y hoạt động do đ&oacute; nguồn cũng l&agrave; 1 phần kh&ocirc;ng thể bỏ qua khi mua m&aacute;y.</span></span></span></p>','','Bán máy tính cũ, mua máy tính cũ, bài học khi mua máy tính cũ , mua máy tính cũ ở đâu.','mua bán máy tính cũ hiện nay rất nhộn nhịp và sinh động hơn bao giờ hết một trong nhưng lý do được đưa ra là công nghệ thay đổi liên tục ở đời máy mới , nhu cầu công việc ngày 1 tăng, tình hình kinh tế đã thay đổi ít nhiều .....',72,1,1,'2018-03-20 08:41:31','2018-04-18 07:24:08'),(42,'Tổng hợp những kinh nghiệm khi mua máy tính cũ','tong-hop-nhung-kinh-nghiem-khi-mua-may-tinh-cu','DC-Mobile.png','Để sắm cho mình 1 chiếc máy tính cũ thì hiện nay ngoài những đã đọc qua trên báo mạng thì bạn cũng nên có cho mình 1 số kinh nghiệm thực tế khi mua máy tính cũ - nếu bạn là một người dùng thực sự muốn mua máy tính cụ hoặc biết chút kinh nghiệm để đáp ứng nhu cầu công việc hiện tại thì bài học này sẽ cung cấp tới bạn những gì cần biết khi mua máy tính cũ.','<p style=\"margin-left:0cm; margin-right:0cm; text-align:center\">&nbsp;</p>\n\n<p style=\"margin-left:0cm; margin-right:0cm; text-align:center\"><img alt=\"tổng hợp kinh nghiệm mua máy tính cũ\" src=\"/upload/ketnoi/tonghop/tong-hop-kinh-nghiem.jpg\" /></p>\n\n<p style=\"margin-left:0cm; margin-right:0cm; text-align:center\"><span style=\"font-size:11pt\"><span style=\"font-family:Calibri,sans-serif\"><em><span style=\"font-size:14.0pt\">H&igrave;nh : Kinh nghiệm khi mua m&aacute;y t&iacute;nh cũ</span></em></span></span></p>\n\n<p style=\"margin-left:0cm; margin-right:0cm\"><span style=\"font-size:11pt\"><span style=\"font-family:Calibri,sans-serif\"><span style=\"font-size:14.0pt\">Những c&acirc;u hỏi được đặt ra trước khi đi mua m&aacute;y t&iacute;nh cũ&nbsp;l&agrave; :</span></span></span></p>\n\n<ul>\n	<li><span style=\"font-size:11pt\"><span style=\"font-family:Calibri,sans-serif\"><em><span style=\"font-size:14.0pt\">N&ecirc;n chọn h&atilde;ng n&agrave;o tốt &nbsp;hơn ch&uacute;t nhỉ ?</span></em></span></span></li>\n	<li><span style=\"font-size:11pt\"><span style=\"font-family:Calibri,sans-serif\"><em><span style=\"font-size:14.0pt\">M&igrave;nh l&agrave;m c&aacute;i n&agrave;y th&igrave; mua m&aacute;y cấu h&igrave;nh sao &nbsp;nhỉ ?</span></em></span></span></li>\n	<li><span style=\"font-size:11pt\"><span style=\"font-family:Calibri,sans-serif\"><em><span style=\"font-size:14.0pt\">&nbsp;3 triệu m&igrave;nh c&oacute; thể mua m&aacute;y n&agrave;o ngon ch&uacute;t nhỉ ?</span></em></span></span></li>\n	<li><span style=\"font-size:11pt\"><span style=\"font-family:Calibri,sans-serif\"><em><span style=\"font-size:14.0pt\">.........</span></em></span></span></li>\n</ul>\n\n<p style=\"margin-left:0cm; margin-right:0cm\"><span style=\"font-size:11pt\"><span style=\"font-family:Calibri,sans-serif\"><span style=\"font-size:14.0pt\">Đ&oacute; l&agrave; những c&acirc;u hỏi đang được nhiều người d&ugrave;ng đặt ra khi mua m&aacute;y cũ. Sau đ&acirc;y m&igrave;nh sẽ tổng hợp kiến thức về m&aacute;y t&iacute;nh n&oacute;i chung v&agrave; m&aacute;y t&iacute;nh cũ n&oacute;i ri&ecirc;ng để bạn c&oacute; dịp mua m&aacute;y t&iacute;nh cũ&nbsp;nh&eacute; :</span></span></span></p>\n\n<p style=\"margin-left:36pt; margin-right:0cm\">&nbsp;</p>\n\n<ul>\n	<li><span style=\"font-size:13pt\"><span style=\"font-family:Cambria,serif\"><span style=\"color:#4f81bd\"><span style=\"font-size:16.0pt\">Th&ocirc;ng số cấu h&igrave;nh m&aacute;y t&iacute;nh bạn cần biết&nbsp;&nbsp;&nbsp;&nbsp;&nbsp;&nbsp; </span></span></span></span></li>\n</ul>\n\n<p style=\"margin-left:0cm; margin-right:0cm\">&nbsp;</p>\n\n<p style=\"margin-left:36pt; margin-right:0cm\"><span style=\"font-size:11pt\"><span style=\"font-family:Calibri,sans-serif\"><span style=\"font-size:14.0pt\">Cấu h&igrave;nh m&aacute;y l&agrave; những th&ocirc;ng số tr&ecirc;n c&aacute;c thiết bị được gắn gh&eacute;p v&agrave;o m&aacute;y cũ thể l&agrave;&nbsp; bộ xử l&yacute; (CPU :... ghz), Ram(t&iacute;nh bằng Gb), Bộ nhớ(t&iacute;nh bằng GB hoặc TB, Card graphic (t&iacute;nh bằng Gb), Đời main, Core (i bao nhi&ecirc;u), k&iacute;ch thước m&agrave;n h&igrave;nh(t&iacute;nh bằng inch)...</span></span></span></p>\n\n<p style=\"margin-left:0cm; margin-right:0cm\"><span style=\"font-size:11pt\"><span style=\"font-family:Calibri,sans-serif\">&nbsp;&nbsp;&nbsp;&nbsp;&nbsp;&nbsp;&nbsp;&nbsp;&nbsp;&nbsp;&nbsp;&nbsp; </span></span></p>\n\n<ul>\n	<li><span style=\"font-size:13pt\"><span style=\"font-family:Cambria,serif\"><span style=\"color:#4f81bd\"><span style=\"font-size:14.0pt\">Đối tượng người mua m&aacute;y t&iacute;nh d&ugrave;ng để l&agrave;m g&igrave; ?</span></span></span></span></li>\n</ul>\n\n<p style=\"margin-left:0cm; margin-right:0cm\">&nbsp;</p>\n\n<p style=\"margin-left:36pt; margin-right:0cm\"><span style=\"font-size:11pt\"><span style=\"font-family:Calibri,sans-serif\"><span style=\"font-size:14.0pt\">Việc n&agrave;y nhằm c&acirc;n bằng nhu &ndash; cầu của bạn tr&ecirc;n thực tế nhằm x&aacute;c định cho ph&ugrave; hợp với bản th&acirc;n người d&ugrave;ng.</span></span></span></p>\n\n<p style=\"margin-left:36pt; margin-right:0cm\">&nbsp;</p>\n\n<p style=\"margin-left:40px\"><span style=\"font-size:11pt\"><span style=\"font-family:Calibri,sans-serif\"><span style=\"font-size:14.0pt\">Nếu l&agrave; d&acirc;n văn ph&ograve;ng, phục vụ giải tr&iacute;,học về m&aacute;y t&iacute;nh ... th&igrave; n&ecirc;n chọn loại c&oacute; cấu h&igrave;nh vừa phải , m&agrave;n h&igrave;nh rộng &nbsp;v&agrave; c&oacute; thể c&ugrave;i 1 ch&uacute;t. </span></span></span></p>\n\n<p style=\"margin-left:36pt; margin-right:0cm\">&nbsp;</p>\n\n<p style=\"margin-left:40px\"><span style=\"font-size:11pt\"><span style=\"font-family:Calibri,sans-serif\"><span style=\"font-size:14.0pt\">Nếu l&agrave; d&acirc;n đồ họa hoặc thiết kế &nbsp;h&igrave;nh v&agrave; ảnh th&igrave; bắt buộc m&aacute;y bạn mua phải c&oacute; Card đồ họa hộ trợ c&oacute; thể gắn trực tiếp tr&ecirc;n main hoặc card rời.</span></span></span></p>\n\n<p style=\"margin-left:36pt; margin-right:0cm\">&nbsp;</p>\n\n<p style=\"margin-left:40px\"><span style=\"font-size:11pt\"><span style=\"font-family:Calibri,sans-serif\"><span style=\"font-size:14.0pt\">&nbsp;Nếu bạn sử dụng m&aacute;y cho việc chơi game th&igrave; kh&ocirc;ng chỉ card đồ họa phải&nbsp; tốt m&agrave; c&ograve;n b&agrave;n ph&iacute;m bấm kh&ocirc;ng d&iacute;nh, &iacute;t n&oacute;ng, m&agrave;n h&igrave;nh 15inch trở l&ecirc;n đối với laptop.</span></span></span></p>\n\n<ul>\n	<li><span style=\"font-size:11pt\"><span style=\"font-family:Cambria,serif\"><span style=\"color:#4f81bd\"><span style=\"font-size:14.0pt\">Chọn nơi cung cấp m&aacute;y t&iacute;nh cũ chất lượng v&agrave; uy t&iacute;n.</span></span></span></span></li>\n</ul>\n\n<p style=\"margin-left:0cm; margin-right:0cm\">&nbsp;</p>\n\n<p style=\"margin-left:36pt; margin-right:0cm\"><span style=\"font-size:11pt\"><span style=\"font-family:Calibri,sans-serif\"><span style=\"font-size:14.0pt\">Nhưng địa chỉ chất lượng v&agrave; uy t&iacute;n được đ&aacute;nh gi&aacute; bằng nhiều g&oacute;c đ&oacute; như chế độ của địa chỉ cung cấp đối với kh&aacute;ch h&agrave;ng &ndash; sự phục vụ của địa chỉ đ&oacute;, thời gian cảm kết với kh&aacute;ch h&agrave;ng &ndash; chất lượng sản phẩm được nhiều người đ&aacute;nh gi&aacute;... vậy để m&aacute;y m&aacute;y t&iacute;nh cũ&nbsp;bạn h&atilde;y &aacute;p dụng nhưng điều tr&ecirc;n để chọn đ&uacute;ng đia chỉ mua m&aacute;y t&iacute;nh cũ.</span></span></span></p>\n\n<p style=\"margin-left:36pt; margin-right:0cm\">&nbsp;</p>\n\n<ul>\n	<li><span style=\"font-size:11pt\"><span style=\"font-family:Cambria,serif\"><span style=\"color:#4f81bd\"><span style=\"font-size:14.0pt\">Nhờ người th&acirc;n &ndash; b&agrave;n b&egrave; c&oacute; k&iacute;nh nghiệp về m&aacute;y t&iacute;nh.</span></span></span></span></li>\n</ul>\n\n<p style=\"margin-left:0cm; margin-right:0cm\">&nbsp;</p>\n\n<p style=\"margin-left:36pt; margin-right:0cm\"><span style=\"font-size:11pt\"><span style=\"font-family:Calibri,sans-serif\"><span style=\"font-size:14.0pt\">Tr&ecirc;n thực tế người đ&atilde; qua thời gian d&ugrave;ng m&aacute;y t&iacute;nh th&igrave; &iacute;t nhiều cũng hộ trợ bạn khi bạn đến địa chỉ mua m&aacute;y t&iacute;nh cũ m&agrave; kh&ocirc;ng l&uacute;ng t&uacute;ng v&agrave; &nbsp;sẽ y&ecirc;n t&acirc;m chọn m&agrave; kh&ocirc;ng lo về chất lượng v&agrave; cấu h&igrave;nh m&aacute;y.</span></span></span></p>\n\n<p style=\"margin-left:36pt; margin-right:0cm\">&nbsp;</p>\n\n<ul>\n	<li><span style=\"font-size:11pt\"><span style=\"font-family:Cambria,serif\"><span style=\"color:#4f81bd\"><span style=\"font-size:14.0pt\">Kh&ocirc;ng n&ecirc;n mua m&aacute;y t&iacute;nh cũ ở cửa h&agrave;ng online hoặc mạng x&atilde; hội.</span></span></span></span></li>\n</ul>\n\n<p style=\"margin-left:0cm; margin-right:0cm\">&nbsp;</p>\n\n<p style=\"margin-left:36pt; margin-right:0cm\"><span style=\"font-size:11pt\"><span style=\"font-family:Calibri,sans-serif\"><span style=\"font-size:14.0pt\">Những nơi n&agrave;y lu&ocirc;n tiềm ẩn rủ r&ograve; rất cao về gian lận tiền bạc m&agrave; c&ograve;n thay đổi linh kiện trong m&aacute;y rất kh&oacute; nhận biết trong thời gian ngắn.</span></span></span></p>\n\n<p style=\"margin-left:36pt; margin-right:0cm\">&nbsp;</p>\n\n<ul>\n	<li><span style=\"font-size:11pt\"><span style=\"font-family:Cambria,serif\"><span style=\"color:#4f81bd\"><span style=\"font-size:14.0pt\">Kiểm tra tổng qu&aacute;t khi mua m&aacute;y t&iacute;nh cũ.</span></span></span></span></li>\n</ul>\n\n<p style=\"margin-left:0cm; margin-right:0cm\">&nbsp;</p>\n\n<p style=\"margin-left:36pt; margin-right:0cm\"><span style=\"font-size:11pt\"><span style=\"font-family:Calibri,sans-serif\"><span style=\"font-size:14.0pt\">Khi thấu hiểu c&aacute;c phần tr&ecirc;n rồi th&igrave; trước hết bạn phải phải kiểm tra t&iacute;nh thực tế về cấu h&igrave;nh m&aacute;y t&iacute;nh cũ đ&oacute; như cpu,ram, b&agrave;n ph&iacute;m,chuột, ổ cứng, m&agrave;n h&igrave;nh,....v&agrave; độ n&oacute;ng của m&aacute;y sau khi hoạt động. </span></span></span></p>\n\n<p style=\"margin-left:36pt; margin-right:0cm\">&nbsp;</p>\n\n<ul>\n	<li><span style=\"font-size:11pt\"><span style=\"font-family:Cambria,serif\"><span style=\"color:#4f81bd\"><span style=\"font-size:14.0pt\">Để &yacute; đến nguồn m&aacute;y t&iacute;nh.</span></span></span></span></li>\n</ul>\n\n<p style=\"margin-left:0cm; margin-right:0cm\">&nbsp;</p>\n\n<p style=\"margin-left:36pt; margin-right:0cm\"><span style=\"font-size:11pt\"><span style=\"font-family:Calibri,sans-serif\"><span style=\"font-size:14.0pt\">Nguồn m&aacute;y t&iacute;nh l&agrave; nơi cung cấp điện năng cho m&aacute;y hoạt động do đ&oacute; nguồn cũng l&agrave; 1 phần kh&ocirc;ng thể bỏ qua khi mua m&aacute;y.</span></span></span></p>\n\n<p style=\"margin-left:36pt; margin-right:0cm\">&nbsp;</p>\n\n<p style=\"margin-left:36pt; margin-right:0cm\">&nbsp;</p>\n\n<ul>\n	<li><span style=\"font-size:11pt\"><span style=\"font-family:Cambria,serif\"><span style=\"color:#4f81bd\"><span style=\"font-size:14.0pt\">Ch&iacute;nh s&aacute;ch bảo h&agrave;nh m&aacute;y t&iacute;nh cũ</span></span></span></span></li>\n</ul>\n\n<p style=\"margin-left:36pt; margin-right:0cm\"><span style=\"font-size:11pt\"><span style=\"font-family:Calibri,sans-serif\"><span style=\"font-size:14.0pt\">Mặc d&ugrave; với danh nghĩa l&agrave; m&aacute;y t&iacute;nh cũ&nbsp;nhưng nhưng nhưng chế độ đ&oacute; bắt buộc phải c&oacute; nếu bạn kh&ocirc;ng muốn d&iacute;nh đến rủ ro cao sau khi mua. kh&ocirc;ng th&igrave; bạn n&ecirc;n quan t&acirc;m đến ch&iacute;nh s&aacute;ch bảo h&agrave;nh m&aacute;y, th&aacute;i độ ứng xử nh&acirc;n vi&ecirc;n kỹ thuật, cam kết của người b&aacute;n v&agrave; gi&aacute; cả nơi đ&oacute;.</span></span></span></p>\n\n<p style=\"margin-left:0cm; margin-right:0cm\">&nbsp;</p>','','mua máy tính cũ, kinh nghiệm mua máy tính','Để sắn cho mình 1 chiếc máy tính cũ thì hiện nay ngoài những đã đọc qua trên báo mạng thì bạn cũng nên có cho mình 1 số kinh nghiệm thực tế khi mua máy tính cũ -',65,1,1,'2018-03-20 09:45:07','2018-04-16 20:49:01'),(43,'Mua laptop dell dòng nào tốt nhất hiện nay','mua-laptop-dell-dong-nao-tot-nhat-hien-nay','dell-inspiron-.jpg','Laptop máy Dell là một hãng máy tính mà được nhiều người lựa chọn làm công cụ để làm việc. Không chỉ vì ưu điểm là bền , cấu hính tốt mà Dell còn khắc phục những nhược điểm về kiểu dáng và hình thức rất nhanh. Đem lại tin tưởng cho người dùng. Vậy mua laptop dell dòng nào tốt nhất ?','<p style=\"margin-left:0cm; margin-right:0cm\">&nbsp;</p>\r\n\r\n<p style=\"margin-left:0cm; margin-right:0cm; text-align:center\"><img alt=\"Dong may dell\" src=\"/upload/ketnoi/tonghop/may-laptop-Dell.jpg\" /></p>\r\n\r\n<p style=\"margin-left:0cm; margin-right:0cm\">&nbsp;</p>\r\n\r\n<p style=\"margin-left:0cm; margin-right:0cm; text-align:center\"><span style=\"font-size:11pt\"><span style=\"font-family:Calibri,sans-serif\"><em><span style=\"font-size:18.0pt\"><span style=\"background-color:white\"><span style=\"color:black\">H&igrave;nh 1 : M&aacute;y t&iacute;nh Dell.</span></span></span></em></span></span></p>\r\n\r\n<p style=\"margin-left:0cm; margin-right:0cm\">&nbsp;</p>\r\n\r\n<p style=\"margin-left:0cm; margin-right:0cm\"><span style=\"font-size:11pt\"><span style=\"font-family:Calibri,sans-serif\"><strong><span style=\"font-size:18.0pt\"><span style=\"background-color:white\"><span style=\"color:black\">C&aacute;c d&ograve;ng laptop dell tốt nhất hiện nay</span></span></span></strong></span></span></p>\r\n\r\n<p style=\"margin-left:0cm; margin-right:0cm\">&nbsp;</p>\r\n\r\n<p style=\"margin-left:0cm; margin-right:0cm\"><span style=\"font-size:11pt\"><span style=\"font-family:Calibri,sans-serif\"><strong><span style=\"font-size:18.0pt\">Nhận diện m&aacute;y dell</span></strong></span></span></p>\r\n\r\n<p style=\"margin-left:0cm; margin-right:0cm\">&nbsp;</p>\r\n\r\n<p style=\"margin-left:0cm; margin-right:0cm\"><span style=\"font-size:11pt\"><span style=\"font-family:Calibri,sans-serif\"><span style=\"font-size:18.0pt\">Laptop Dell hiện tại sản xuất ra hai d&ograve;ng ch&iacute;nh l&agrave; Vostro v&agrave; Inspiron. </span></span></span></p>\r\n\r\n<p style=\"margin-left:0cm; margin-right:0cm\"><span style=\"font-size:11pt\"><span style=\"font-family:Calibri,sans-serif\"><span style=\"font-size:18.0pt\">Với d&ograve;ng Vostro thường được k&yacute; hiệu chữ V+4 số. Với 4 số nay tăng dần theo thời gian ph&aacute;t triển của d&ograve;ng. Chủ yếu d&ograve;ng n&agrave;y thuộc v&agrave;o tầng cao hướng đến đối tượng l&agrave; doanh nghiệp, tổ chức d&ugrave;ng.</span></span></span></p>\r\n\r\n<p style=\"margin-left:0cm; margin-right:0cm\"><span style=\"font-size:11pt\"><span style=\"font-family:Calibri,sans-serif\"><span style=\"font-size:18.0pt\">Với d&ograve;ng Inspiron thường được k&yacute; hiệu l&agrave; N +4 số Với 4 số nay tăng dần theo thời gian ph&aacute;t triển của d&ograve;ng. Chủ yếu d&ograve;ng n&agrave;y thuộc phụ vụ cho đa tầng v&igrave; mức gi&aacute; v&agrave; cấu h&igrave;nh kh&aacute; đa dạng.</span></span></span></p>\r\n\r\n<p style=\"margin-left:0cm; margin-right:0cm\"><span style=\"font-size:11pt\"><span style=\"font-family:Calibri,sans-serif\"><span style=\"font-size:18.0pt\">Trong 4 chữ số đ&oacute; th&igrave; : số đầu biểu thị d&ograve;ng m&aacute;y đang ở giai đoạn ph&aacute;t triển thứ mấy của h&atilde;ng, số thứ 2 l&agrave; biểu thị k&iacute;ch thước m&agrave;n h&igrave;nh v&iacute; dụ : 5 l&agrave; 15.6 inch.</span></span></span></p>\r\n\r\n<p style=\"margin-left:0cm; margin-right:0cm\">&nbsp;</p>\r\n\r\n<p style=\"margin-left:0cm; margin-right:0cm\"><span style=\"font-size:11pt\"><span style=\"font-family:Calibri,sans-serif\"><strong><span style=\"font-size:18.0pt\">Cấu h&igrave;nh m&aacute;y dell</span></strong></span></span></p>\r\n\r\n<p style=\"margin-left:0cm; margin-right:0cm\">&nbsp;</p>\r\n\r\n<p style=\"margin-left:0cm; margin-right:0cm\"><span style=\"font-size:11pt\"><span style=\"font-family:Calibri,sans-serif\"><strong><span style=\"font-size:18.0pt\">CPU </span></strong><span style=\"font-size:18.0pt\">: L&agrave; phần quan trọng nhất của m&aacute;y t&iacute;nh. N&oacute; l&agrave; trung t&acirc;m xử l&yacute; th&ocirc;ng tin v&agrave; quyết định nhiều tới tốc độ của m&aacute;y.&nbsp; Với c&aacute;c CPU được lắp tr&ecirc;n m&aacute;y t&iacute;nh Dell như Pentium, core dual, i3 i5 i7 Haswell, Broadwell. Khi c&oacute; một m&aacute;y k&yacute; hi&ecirc;u i7 _ 7200U &nbsp;l&agrave; thể hiện loại chip U v&agrave; chip M. Chip U yếu hơn Chip M nhưng đem lại lợi &iacute;ch kh&ocirc;ng nhỏ cho người d&ugrave;ng như tiết kiệm điện l&acirc;u n&oacute;ng. Tủy thuộc v&agrave;o nhu cầu m&agrave; bạn c&oacute; thể chọn lựa cho hợp l&yacute;.</span></span></span></p>\r\n\r\n<p style=\"margin-left:0cm; margin-right:0cm\">&nbsp;</p>\r\n\r\n<p style=\"margin-left:0cm; margin-right:0cm\"><span style=\"font-size:11pt\"><span style=\"font-family:Calibri,sans-serif\"><strong><span style=\"font-size:18.0pt\">RAM </span></strong><span style=\"font-size:18.0pt\">: &nbsp;l&agrave; bộ nhớ truy cập ngẫu nhi&ecirc;n của m&aacute;y nếu bạn c&oacute; &yacute; định mua th&igrave; n&ecirc;n d&ugrave;ng 4 hoặc 8 Gb l&agrave; đủ.</span></span></span></p>\r\n\r\n<p style=\"margin-left:0cm; margin-right:0cm\">&nbsp;</p>\r\n\r\n<p style=\"margin-left:0cm; margin-right:0cm\"><span style=\"font-size:11pt\"><span style=\"font-family:Calibri,sans-serif\"><strong><span style=\"font-size:18.0pt\">Ổ cứng </span></strong><span style=\"font-size:18.0pt\">: l&agrave; phần lưu trữ th&ocirc;ng tin v&agrave; dữ liệu của m&aacute;y. C&oacute; 2 loại l&agrave; HDD v&agrave; SSD với tốc độ của SSD l&agrave; nhanh hơn.</span></span></span></p>\r\n\r\n<p style=\"margin-left:0cm; margin-right:0cm\">&nbsp;</p>\r\n\r\n<p style=\"margin-left:0cm; margin-right:0cm\"><span style=\"font-size:11pt\"><span style=\"font-family:Calibri,sans-serif\"><strong><span style=\"font-size:18.0pt\">M&agrave;n H&igrave;nh</span></strong><span style=\"font-size:18.0pt\"> : l&agrave; phần hiển thị th&ocirc;ng tin của m&aacute;y t&iacute;nh. C&aacute;c bạn c&oacute; thể lựa chọn 14,15,6 hoặc 17 inch t&ugrave;y thuộc v&agrave;o t&iacute;nh chất c&ocirc;ng việc.</span></span></span></p>\r\n\r\n<p style=\"margin-left:0cm; margin-right:0cm\"><span style=\"font-size:11pt\"><span style=\"font-family:Calibri,sans-serif\"><strong><span style=\"font-size:18.0pt\">Card m&agrave;n h&igrave;nh</span></strong><span style=\"font-size:18.0pt\"> : l&agrave; phần hộ trợ độ họa hiện th&igrave; cho m&aacute;y nếu bạn l&agrave; d&acirc;n game hoặc photoshop th&igrave; n&ecirc;n lưu &yacute; đến vấn đền n&agrave;y.</span></span></span></p>\r\n\r\n<p style=\"margin-left:0cm; margin-right:0cm\">&nbsp;</p>\r\n\r\n<p style=\"margin-left:0cm; margin-right:0cm\"><span style=\"font-size:11pt\"><span style=\"font-family:Calibri,sans-serif\"><span style=\"font-size:18.0pt\">Ngo&agrave;i ra c&ograve;n một số th&ocirc;ng số kh&aacute;c Cổng usb 3.0, Pin-thường 4 Cell, Trọng lượng,Ổ đĩa DVD...</span></span></span></p>\r\n\r\n<p style=\"margin-left:0cm; margin-right:0cm\"><span style=\"font-size:11pt\"><span style=\"font-family:Calibri,sans-serif\"><span style=\"font-size:18.0pt\">Khi c&aacute;c bạn <span style=\"background-color:white\"><span style=\"color:black\">mua laptop dell d&ograve;ng n&agrave;o tốt nhất</span></span> th&igrave; bạn n&ecirc;n biết về c&aacute;c cấu h&igrave;nh m&agrave; đem ra lựa chọn cho hợp l&yacute;.</span></span></span></p>\r\n\r\n<p style=\"margin-left:0cm; margin-right:0cm\">&nbsp;</p>\r\n\r\n<p style=\"margin-left:0cm; margin-right:0cm\"><span style=\"font-size:11pt\"><span style=\"font-family:Calibri,sans-serif\"><strong><span style=\"font-size:18.0pt\">Một số d&ograve;ng m&aacute;y dell đang thịnh h&agrave;nh</span></strong></span></span></p>\r\n\r\n<p style=\"margin-left:0cm; margin-right:0cm\"><span style=\"font-size:11pt\"><span style=\"font-family:Calibri,sans-serif\"><strong><span style=\"font-size:18.0pt\">Inspiron Mini</span></strong><span style=\"font-size:18.0pt\">: l&agrave; d&ograve;ng netbook của Dell c&oacute; k&iacute;ch thước nhỏ m&agrave;n h&igrave;nh chỉ 10 inch v&agrave; bộ vi xử l&yacute; Intel Atom.</span></span></span></p>\r\n\r\n<p style=\"margin-left:0cm; margin-right:0cm\">&nbsp;</p>\r\n\r\n<p style=\"margin-left:0cm; margin-right:0cm\"><span style=\"font-size:11pt\"><span style=\"font-family:Calibri,sans-serif\"><strong><span style=\"font-size:18.0pt\">Inspiron</span></strong><span style=\"font-size:18.0pt\">: l&agrave; d&ograve;ng m&aacute;y cơ bản của Dell với th&ocirc;ng số cấu h&igrave;nh vừa phải. Chỉ hay d&ugrave;ng cho người d&ugrave;ng c&oacute; thu nhập thấp.</span></span></span></p>\r\n\r\n<p style=\"margin-left:0cm; margin-right:0cm\">&nbsp;</p>\r\n\r\n<p style=\"margin-left:0cm; margin-right:0cm; text-align:center\"><img alt=\"laptop inspiron\" src=\"/upload/ketnoi/tonghop/dell-inspiron-.jpg\" style=\"height:300px; width:450px\" /></p>\r\n\r\n<p style=\"margin-left:0cm; margin-right:0cm; text-align:center\"><span style=\"font-size:11pt\"><span style=\"font-family:Calibri,sans-serif\"><em><span style=\"font-size:18.0pt\">H&igrave;nh 2 : Chiếc laptop Dell Inspiron</span></em></span></span></p>\r\n\r\n<p style=\"margin-left:0cm; margin-right:0cm\"><span style=\"font-size:11pt\"><span style=\"font-family:Calibri,sans-serif\"><strong><span style=\"font-size:18.0pt\">XPS</span></strong><span style=\"font-size:18.0pt\">: d&ograve;ng laptop cao cấp của Dell với với th&ocirc;ng số cấu h&igrave;nh vừa phải, thiết kế đẹp v&agrave; khả năng đa phương tiện tốt. D&ograve;ng n&agrave;y c&oacute; ưu điểm về chất lượng &acirc;m thanh.</span></span></span></p>\r\n\r\n<p style=\"margin-left:0cm; margin-right:0cm\">&nbsp;</p>\r\n\r\n<p style=\"margin-left:0cm; margin-right:0cm\"><span style=\"font-size:11pt\"><span style=\"font-family:Calibri,sans-serif\"><strong><span style=\"font-size:18.0pt\">Studio</span></strong><span style=\"font-size:18.0pt\">: l&agrave; d&ograve;ng m&aacute;y bậc cao của Dell với th&ocirc;ng số cấu h&igrave;nh cực khủng. Chỉ hay d&ugrave;ng cho người d&ugrave;ng c&oacute; thu nhập cao trong x&atilde; hội</span></span></span></p>\r\n\r\n<p style=\"margin-left:0cm; margin-right:0cm\"><span style=\"font-size:11pt\"><span style=\"font-family:Calibri,sans-serif\"><strong><span style=\"font-size:18.0pt\">Alienware</span></strong><span style=\"font-size:18.0pt\">: l&agrave; d&ograve;ng m&aacute;y chuy&ecirc;n phục vụ cho d&acirc;n game của Dell với th&ocirc;ng số cấu h&igrave;nh tốt nhất. Tốc độ xử l&yacute; v&agrave; t&iacute;nh năng, thiết kế kh&aacute; ấn tượng</span></span></span></p>\r\n\r\n<p style=\"margin-left:0cm; margin-right:0cm\">&nbsp;</p>\r\n\r\n<p style=\"margin-left:0cm; margin-right:0cm\"><span style=\"font-size:11pt\"><span style=\"font-family:Calibri,sans-serif\"><strong><span style=\"font-size:18.0pt\">Vostro</span></strong><span style=\"font-size:18.0pt\">: l&agrave; d&ograve;ng laptop của h&atilde;ng Dell thuộc tầm thấp d&agrave;nh cho doanh nh&acirc;n, doanh nghiệp vừa v&agrave; nhỏ, cung cấp một cấu h&igrave;nh m&aacute;y tốt cho những doanh nghiệp. V&igrave; n&oacute; rất dễ d&ugrave;ng v&agrave; mọi thứ điều t&iacute;ch hợp sẵn. </span></span></span></p>\r\n\r\n<p style=\"margin-left:0cm; margin-right:0cm\">&nbsp;</p>\r\n\r\n<p style=\"margin-left:0cm; margin-right:0cm\"><span style=\"font-size:11pt\"><span style=\"font-family:Calibri,sans-serif\"><strong><span style=\"font-size:18.0pt\">Latitude</span></strong><span style=\"font-size:18.0pt\">: l&agrave; d&ograve;ng laptop của h&atilde;ng Dell thuộc tầm trung. Cấu h&igrave;nh t&iacute;ch hợp trong sản xuất d&ograve;ng m&aacute;y laptop n&agrave;y cũng vừa phải. Tr&ecirc;n model, chữ &quot;E&quot; biểu thị cho &quot;họ&quot; Latitude để nhận biết d&ograve;ng.</span></span></span></p>\r\n\r\n<p style=\"margin-left:0cm; margin-right:0cm\">&nbsp;</p>\r\n\r\n<p style=\"margin-left:0cm; margin-right:0cm\"><span style=\"font-size:11pt\"><span style=\"font-family:Calibri,sans-serif\"><strong><span style=\"font-size:18.0pt\">Precision</span></strong><span style=\"font-size:18.0pt\">: l&agrave; d&ograve;ng laptop chuy&ecirc;n m&aacute;y trạm l&agrave;m việc của Dell. C&aacute;c th&ocirc;ng số kỹ thuật cực chất rồi. Với k&yacute; hiệu tr&ecirc;n m&aacute;y l&agrave; chữ&nbsp; M.</span></span></span></p>\r\n\r\n<p style=\"margin-left:0cm; margin-right:0cm\">&nbsp;</p>\r\n\r\n<p style=\"margin-left:0cm; margin-right:0cm; text-align:center\"><span style=\"font-size:11pt\"><span style=\"font-family:Calibri,sans-serif\"><span style=\"font-size:18.0pt\"><img alt=\"Precision\" src=\"/upload/ketnoi/tonghop/Precision_M6600.png\" style=\"height:319px; width:599px\" /></span></span></span><br />\r\n&nbsp;</p>\r\n\r\n<p style=\"margin-left:0cm; margin-right:0cm; text-align:center\"><span style=\"font-size:11pt\"><span style=\"font-family:Calibri,sans-serif\"><em><span style=\"font-size:18.0pt\">H&igrave;nh 3 :&nbsp; Chiếc m&aacute;y t&iacute;nh laptop Precision.</span></em></span></span></p>\r\n\r\n<p style=\"margin-left:0cm; margin-right:0cm\"><span style=\"font-size:11pt\"><span style=\"font-family:Calibri,sans-serif\"><span style=\"font-size:18.0pt\">Dưa ra quyết định <strong><span style=\"background-color:white\"><span style=\"color:black\">mua laptop dell d&ograve;ng n&agrave;o tốt nhất</span></span></strong> cho bản th&acirc;n th&igrave; bạn h&atilde;y xem x&eacute;t cấu h&igrave;nh, c&aacute;c d&ograve;ng hiện c&oacute; v&agrave; t&agrave;i ch&iacute;nh kinh tế của m&igrave;nh.</span></span></span></p>','','mua laptop dell dòng nào tốt nhất, mua laptop dell','Bền, cấu hình tốt mà Dell còn khắc phục điểm về kiểu dáng, hình thức. Đem lại tin tưởng cho người dùng. Vậy mua laptop dell dòng nào tốt nhất',53,1,1,'2018-03-22 11:28:21','2018-04-17 16:27:42'),(44,'Cách kiểm tra máy khi mua laptop cũ chuẩn nhất','cach-kiem-tra-may-khi-mua-laptop-cu-chuan-nhat','cauhinh.jpg','Mua laptop cũ để dùng trong công việc là nhu cầu đang phổ biến hiện nay. Với một số lợi ích như rẻ tiền hơn, cấu hình tốt.... tùy nhiên bạn cần phải trang bị các kiến thức về laptop thì mới có thể chọn được máy tốt. Sau đây mình sẽ hướng dẫn các bạn cách kiểm tra máy khi mua laptop cũ về  dùng.','<p style=\"margin-left:0cm; margin-right:0cm\"><span style=\"font-size:13pt\"><span style=\"font-family:Cambria,serif\"><span style=\"color:#4f81bd\"><span style=\"font-size:14.0pt\"><span style=\"background-color:white\">Quy trình c&aacute;ch kiểm tra m&aacute;y khi mua laptop cũ</span></span></span></span></span></p>\n\n<p style=\"margin-left:0cm; margin-right:0cm\">&nbsp;</p>\n\n<h3 style=\"margin-left:0cm; margin-right:0cm\"><span style=\"font-size:11pt\"><span style=\"font-family:Cambria,serif\"><span style=\"color:#4f81bd\"><span style=\"font-size:14.0pt\">Ki&ecirc;̉m tra t&ocirc;̉ng th&ecirc;̉ b&ecirc;n ngoài của máy </span></span></span></span></h3>\n\n<p style=\"margin-left:0cm; margin-right:0cm\">&nbsp;</p>\n\n<p style=\"margin-left:0cm; margin-right:0cm\"><span style=\"font-size:11pt\"><span style=\"font-family:Calibri,sans-serif\"><span style=\"font-size:14.0pt\">Vi&ecirc;̣c ki&ecirc;̉m tra t&ocirc;̉ng th&ecirc;̉ máy laptop cụ khi mua là những gì hi&ecirc;̣n ra b&ecirc;n ngoài chi&ecirc;́c máy tính cụ đó. Cụ th&ecirc;̉ là bạn phải quan sát vỏ máy , khung máy, tem chính hạng còn kh&ocirc;ng, tem nhà ph&acirc;n ph&ocirc;́i còn kh&ocirc;ng... những vị trí này có th&ecirc;̉ cho đang ki&ecirc;̉m tra ph&acirc;̀n cứng v&acirc;̣t lý của máy.</span></span></span></p>\n\n<p style=\"margin-left:0cm; margin-right:0cm\"><span style=\"font-size:11pt\"><span style=\"font-family:Calibri,sans-serif\"><span style=\"font-size:14.0pt\">N&ecirc;́u máy laptop đó kh&ocirc;ng còn tem thì có th&ecirc;̉ phải quan t&acirc;m đ&ecirc;́n bảo hành của máy. Thì mới đáng đ&ocirc;̀ng ti&ecirc;̀n bạn bỏ r&acirc;̀m kh&ocirc;ng phải mắc h&ocirc;́i h&acirc;̣n khi mua laptop cụ này.</span></span></span></p>\n\n<p style=\"margin-left:0cm; margin-right:0cm\">&nbsp;</p>\n\n<p style=\"margin-left:0cm; margin-right:0cm; text-align:center\"><img alt=\"chọn mua laptop cụ\" src=\"/upload/ketnoi/tonghop/chon-mua-laptop_cu.jpg\" /></p>\n\n<p style=\"margin-left:0cm; margin-right:0cm; text-align:center\"><span style=\"font-size:11pt\"><span style=\"font-family:Calibri,sans-serif\"><em><span style=\"font-size:14.0pt\">Hình 1 : Chọn mua máy và ki&ecirc;̉m tra máy</span></em></span></span></p>\n\n<p style=\"margin-left:0cm; margin-right:0cm\">&nbsp;</p>\n\n<h3 style=\"margin-left:0cm; margin-right:0cm\"><span style=\"font-size:11pt\"><span style=\"font-family:Cambria,serif\"><span style=\"color:#4f81bd\"><span style=\"font-size:14.0pt\">Ki&ecirc;̉m tra c&acirc;́u hình của máy</span></span></span></span></h3>\n\n<p style=\"margin-left:0cm; margin-right:0cm\">&nbsp;</p>\n\n<p style=\"margin-left:0cm; margin-right:0cm\"><span style=\"font-size:11pt\"><span style=\"font-family:Calibri,sans-serif\"><span style=\"font-size:14.0pt\">Với &nbsp;c&ocirc;ng vi&ecirc;̣c này bạn chỉ quan t&acirc;m đ&ecirc;́n CPU bao nhi&ecirc;u Ghz , pentium hay core bao nhi&ecirc;̀u là được. Với các th&ocirc;ng s&ocirc;́ tr&ecirc;n nhằm đảm bảo và ki&ecirc;̉m tra t&ocirc;́c đ&ocirc;̣ xử lý của máy là bao nhi&ecirc;u. Nhanh hay ch&acirc;̣m là cái này góp ph&acirc;̀n quan trọng.</span></span></span></p>\n\n<p style=\"margin-left:0cm; margin-right:0cm\"><span style=\"font-size:11pt\"><span style=\"font-family:Calibri,sans-serif\"><span style=\"font-size:14.0pt\">Với cái c&acirc;̀n quan t&acirc;m là RAM tính bằng Gb&nbsp; , Card đ&ocirc;̀ họa bao nhi&ecirc;u Gb.&nbsp; N&ecirc;́u bạn là d&acirc;n đ&ocirc;̀ họa hay d&acirc;n game thì 2 y&ecirc;́u t&ocirc;́ này quan trọng b&acirc;̣c nh&acirc;́t của vi&ecirc;̣c mua máy tính laptopp.</span></span></span></p>\n\n<p style=\"margin-left:0cm; margin-right:0cm\">&nbsp;</p>\n\n<p style=\"margin-left:0cm; margin-right:0cm; text-align:center\"><img alt=\"cấu hình máy laptop\" src=\"/upload/ketnoi/tonghop/cauhinh.jpg\" /></p>\n\n<p style=\"margin-left:0cm; margin-right:0cm; text-align:center\"><span style=\"font-size:11pt\"><span style=\"font-family:Calibri,sans-serif\"><em><span style=\"font-size:14.0pt\">Hình 2 : cách ki&ecirc;̉m tra máy khi mua laptop cũ</span></em></span></span></p>\n\n<h3 style=\"margin-left:0cm; margin-right:0cm\"><span style=\"font-size:11pt\"><span style=\"font-family:Cambria,serif\"><span style=\"color:#4f81bd\"><span style=\"font-size:14.0pt\">Ki&ecirc;̉m tra màn hình laptop</span></span></span></span></h3>\n\n<p style=\"margin-left:0cm; margin-right:0cm\">&nbsp;</p>\n\n<p style=\"margin-left:0cm; margin-right:0cm\"><span style=\"font-size:11pt\"><span style=\"font-family:Calibri,sans-serif\"><span style=\"font-size:14.0pt\">Màn hình là ph&acirc;̀n hi&ecirc;̉n thị th&ocirc;ng tin từ máy tinh. Do đó với vi&ecirc;̣c ki&ecirc;̉m tra xem màn hình có đ&ocirc;̣ ph&acirc;n giải th&ecirc;́ nào, ánh sáng của máy như th&ecirc;́ nào , có bị tr&acirc;̀y xước mạnh hay nhẹ và màn hình có bị kẻ sọc màu hay kh&ocirc;ng ? bạn có th&ecirc;̉ sử dụng c&ocirc;ng cụ ki&ecirc;̉m tra màn hinh đ&ecirc;̉ ki&ecirc;̉m tra.</span></span></span></p>\n\n<p style=\"margin-left:0cm; margin-right:0cm\">&nbsp;</p>\n\n<p style=\"margin-left:0cm; margin-right:0cm; text-align:center\"><img alt=\"lỗi màn hình\" src=\"/upload/ketnoi/tonghop/soc-man-hinh-min.png\" /></p>\n\n<p style=\"margin-left:0cm; margin-right:0cm; text-align:center\"><span style=\"font-size:11pt\"><span style=\"font-family:Calibri,sans-serif\"><em><span style=\"font-size:14.0pt\">Hình 3 &nbsp;: Ki&ecirc;̉m tra màn hình.</span></em></span></span></p>\n\n<h3 style=\"margin-left:0cm; margin-right:0cm\"><span style=\"font-size:11pt\"><span style=\"font-family:Cambria,serif\"><span style=\"color:#4f81bd\"><span style=\"font-size:14.0pt\">Ki&ecirc;̉m tra bàn phím máy tính</span></span></span></span></h3>\n\n<p style=\"margin-left:0cm; margin-right:0cm\">&nbsp;</p>\n\n<p style=\"margin-left:0cm; margin-right:0cm\"><span style=\"font-size:11pt\"><span style=\"font-family:Calibri,sans-serif\"><span style=\"font-size:14.0pt\">Bàn phím là ph&acirc;̀n dùng đ&ecirc;̉ gõ chữ và s&ocirc;́ hoặc ký tự đặc bi&ecirc;̣t mà bạn phải thao tác thương xuy&ecirc;n. Do đó những vi&ecirc;̣c bạn phải ki&ecirc;̉m tra là phím có dính khi b&acirc;́m kh&ocirc;ng, có bị li&ecirc;̣t phím nào kh&ocirc;ng, t&ocirc;́c đ&ocirc;̣ hi&ecirc;̉n thị như th&ecirc;́ nào...&nbsp; </span></span></span></p>\n\n<p style=\"margin-left:0cm; margin-right:0cm\">&nbsp;</p>\n\n<h3 style=\"margin-left:0cm; margin-right:0cm\"><span style=\"font-size:11pt\"><span style=\"font-family:Cambria,serif\"><span style=\"color:#4f81bd\"><span style=\"font-size:14.0pt\">Ki&ecirc;̉m tra loa của máy tính</span></span></span></span></h3>\n\n<p style=\"margin-left:0cm; margin-right:0cm\">&nbsp;</p>\n\n<p style=\"margin-left:0cm; margin-right:0cm\"><span style=\"font-size:11pt\"><span style=\"font-family:Calibri,sans-serif\"><span style=\"font-size:14.0pt\">Là ph&acirc;̀n phát &acirc;m thanh&nbsp; của máy tính laoptp. Với laptop nó sẽ có 2 ph&acirc;n loa là loa b&ecirc;n trái và loa b&ecirc;n phải. Hãy b&acirc;̣t m&ocirc;̣t file đa phương ti&ecirc;̣n hay có ph&acirc;̀n test loa trong control panel và lắng nghe xem có bị rè kh&ocirc;ng.</span></span></span></p>\n\n<p style=\"margin-left:0cm; margin-right:0cm\">&nbsp;</p>\n\n<p style=\"margin-left:0cm; margin-right:0cm; text-align:center\"><img alt=\"loa laptop\" src=\"/upload/ketnoi/tonghop/loa-laptop.jpg\" /></p>\n\n<p style=\"margin-left:0cm; margin-right:0cm; text-align:center\"><span style=\"font-size:11pt\"><span style=\"font-family:Calibri,sans-serif\"><em><span style=\"font-size:14.0pt\">Hình 4 : Loa máy tính laptop</span></em></span></span></p>\n\n<p style=\"margin-left:0cm; margin-right:0cm\">&nbsp;</p>\n\n<h3 style=\"margin-left:0cm; margin-right:0cm\"><span style=\"font-size:11pt\"><span style=\"font-family:Cambria,serif\"><span style=\"color:#4f81bd\"><span style=\"font-size:14.0pt\">Ki&ecirc;̉m tra chu&ocirc;̣t cảm ứng của máy </span></span></span></span></h3>\n\n<p style=\"margin-left:0cm; margin-right:0cm\">&nbsp;</p>\n\n<p style=\"margin-left:0cm; margin-right:0cm\"><span style=\"font-size:11pt\"><span style=\"font-family:Calibri,sans-serif\"><span style=\"font-size:14.0pt\">Chu&ocirc;̣t cảm ứng là ph&acirc;n được tích hợp ngay tr&ecirc;n máy dùng đ&ecirc;̉ đi&ecirc;̀u khi&ecirc;̉n và trực ti&ecirc;́p click trong máy tính. Bạn hãy ki&ecirc;̉m tra đ&ocirc;̣ nhạy và có mắc l&ocirc;̃i l&acirc;̀m nào kh&ocirc;ng, có hi&ecirc;̣n tượng nhảy&nbsp; đ&ocirc;̣t bi&ecirc;́n khi cắp sạc kh&ocirc;ng cái này do adapter. Bạn có th&ecirc;̉ y&ecirc;u c&acirc;̀u thay adapter mới và ki&ecirc;̉m tra lại.</span></span></span></p>\n\n<p style=\"margin-left:0cm; margin-right:0cm\">&nbsp;</p>\n\n<h3 style=\"margin-left:0cm; margin-right:0cm\"><span style=\"font-size:11pt\"><span style=\"font-family:Cambria,serif\"><span style=\"color:#4f81bd\"><span style=\"font-size:14.0pt\">Ki&ecirc;̉m tra &ocirc;̉ đĩa CD/DVD</span></span></span></span></h3>\n\n<p style=\"margin-left:0cm; margin-right:0cm\">&nbsp;</p>\n\n<p style=\"margin-left:0cm; margin-right:0cm\"><span style=\"font-size:11pt\"><span style=\"font-family:Calibri,sans-serif\"><span style=\"font-size:14.0pt\">&Ocirc;̉ địa quang này có chức năng là ghi và đọc địa cả CD và DVD. Do đó bạn có th&ecirc;̉ ki&ecirc;̉m tra sơ b&ocirc;̣ ph&acirc;̀n này đ&ecirc;̉ nắm bắt tình trạng của chức năng nay. &nbsp;&nbsp;Bằng cách dùng địa đ&ecirc;̉ thử .</span></span></span></p>\n\n<p style=\"margin-left:0cm; margin-right:0cm\">&nbsp;</p>\n\n<h3 style=\"margin-left:0cm; margin-right:0cm\"><span style=\"font-size:11pt\"><span style=\"font-family:Cambria,serif\"><span style=\"color:#4f81bd\"><span style=\"font-size:14.0pt\">Ki&ecirc;̉m tra pin của máy tính</span></span></span></span></h3>\n\n<p style=\"margin-left:0cm; margin-right:0cm\">&nbsp;</p>\n\n<p style=\"margin-left:0cm; margin-right:0cm\"><span style=\"font-size:11pt\"><span style=\"font-family:Calibri,sans-serif\"><span style=\"font-size:14.0pt\">Pin là ph&acirc;̀n gắn trực ti&ecirc;́p tr&ecirc;n máy có chức năng c&acirc;́p đi&ecirc;̣n cho hoạt đ&ocirc;̣ng của máy.&nbsp; N&ecirc;́u bạn th&acirc;́y thời lượng của nó&nbsp; kéo dài sau khi sử dụng thì&nbsp; càng t&ocirc;́t&nbsp; tr&ecirc;n&nbsp; thực t&ecirc;́ vi&ecirc;̣c thay th&ecirc;́ pin m&ocirc;̣t cách thu&acirc;̣n ti&ecirc;̃n nhưng bạn n&ecirc;n nhớ khi mua máy tính cũ có th&ecirc;̉&nbsp; t&ocirc;́t được ph&acirc;̀n nào thì máy tính laptop cũ tu&ocirc;̉i thọ càng t&ocirc;́t b&acirc;́y nhi&ecirc;u.</span></span></span></p>\n\n<p style=\"margin-left:0cm; margin-right:0cm\">&nbsp;</p>\n\n<h3 style=\"margin-left:0cm; margin-right:0cm\"><span style=\"font-size:11pt\"><span style=\"font-family:Cambria,serif\"><span style=\"color:#4f81bd\"><span style=\"font-size:14.0pt\">Ki&ecirc;̉m tra ngu&ocirc;̀n đi&ecirc;̣n sạc cho máy tính</span></span></span></span></h3>\n\n<p style=\"margin-left:0cm; margin-right:0cm\">&nbsp;</p>\n\n<p style=\"margin-left:0cm; margin-right:0cm\"><span style=\"font-size:11pt\"><span style=\"font-family:Calibri,sans-serif\"><span style=\"font-size:14.0pt\">Ngu&ocirc;̀n &nbsp;đi&ecirc;̣n sạc của máy là ngu&ocirc;̀n đi&ecirc;̣n chuy&ecirc;̉n đ&ocirc;̉i từ 220V th&ocirc;ng thường xu&ocirc;́ng 17 ~ 18 V có chức năng chính là sạc pin cho laptop và ngu&ocirc;̀n đi&ecirc;̣n li&ecirc;n tục khi kh&ocirc;ng có pin trong quá trình máy hoạt đ&ocirc;̣ng. Do đó bạn c&acirc;̀n ki&ecirc;̉m tra xem nó ti&ecirc;́p xúc th&ecirc;́ nào&nbsp; khi cắm, đ&acirc;̀u cắm có chảy nhựa kh&ocirc;ng và có chắp n&ocirc;́i gì kh&ocirc;ng.</span></span></span></p>\n\n<p style=\"margin-left:0cm; margin-right:0cm\">&nbsp;</p>\n\n<h3 style=\"margin-left:0cm; margin-right:0cm\"><span style=\"font-size:11pt\"><span style=\"font-family:Cambria,serif\"><span style=\"color:#4f81bd\"><span style=\"font-size:14.0pt\">Ki&ecirc;̉m tra &ocirc;̉ cứng của máy tính</span></span></span></span></h3>\n\n<p style=\"margin-left:0cm; margin-right:0cm\">&nbsp;</p>\n\n<p style=\"margin-left:0cm; margin-right:0cm\"><span style=\"font-size:11pt\"><span style=\"font-family:Calibri,sans-serif\"><span style=\"font-size:14.0pt\">&Ocirc;̉ cứng là ph&acirc;̀n lưu trữ th&ocirc;ng tin và dữ li&ecirc;̃u của máy tính. Do đó cái bạn c&acirc;̀n ki&ecirc;̉m tra là &ocirc;̉ cứng thu&ocirc;̣c HDD hay SSD, t&ocirc;́c đ&ocirc;̣ truy v&acirc;́n tr&ecirc;n &ocirc;̉ đĩa th&ecirc;́ nào, du lượng lưu trữ th&ecirc;́ nào ? bạn n&ecirc;n ki&ecirc;̉m tra th&acirc;̣t kỹ ph&acirc;̀n này.</span></span></span></p>\n\n<p style=\"margin-left:0cm; margin-right:0cm\">&nbsp;</p>\n\n<h3 style=\"margin-left:0cm; margin-right:0cm\"><span style=\"font-size:11pt\"><span style=\"font-family:Cambria,serif\"><span style=\"color:#4f81bd\"><span style=\"font-size:14.0pt\">Ki&ecirc;̉m tra các c&ocirc;̉ng k&ecirc;́t n&ocirc;́i usb và k&ecirc;́t n&ocirc;́i wifi</span></span></span></span></h3>\n\n<p style=\"margin-left:0cm; margin-right:0cm\">&nbsp;</p>\n\n<p style=\"margin-left:0cm; margin-right:0cm\"><span style=\"font-size:11pt\"><span style=\"font-family:Calibri,sans-serif\"><span style=\"font-size:14.0pt\">Là những vị trí đ&acirc;̀u vào của máy tính do v&acirc;̣y đ&ecirc;̉ ki&ecirc;̉m tra ph&acirc;̀n này bạn n&ecirc;n chú ý đ&ecirc;́n vi&ecirc;̣c thử c&acirc;́m usb hoặc chu&ocirc;̣t usb vào các c&ocirc;̉ng &nbsp;của máy xem nó có hi&ecirc;̣n kh&ocirc;ng .</span></span></span></p>\n\n<p style=\"margin-left:0cm; margin-right:0cm\"><span style=\"font-size:11pt\"><span style=\"font-family:Calibri,sans-serif\"><span style=\"font-size:14.0pt\">Vi&ecirc;̣c k&ecirc;́t n&ocirc;́i wifi của máy xem nó th&ecirc;̉ bắt t&ocirc;́t kh&ocirc;ng. L&ocirc;̃i thường gặp phải v&ecirc;̀ vi&ecirc;̣c k&ecirc;́t n&ocirc;́i wifi là do Card &nbsp;bị hỏng mà nó có th&ecirc;̉ được kh&ocirc;ng bắt được. N&ecirc;́u phát sinh l&ocirc;̃i này bạn có th&ecirc;̉ y&ecirc;u c&acirc;u người bán thay cái card mới.</span></span></span></p>\n\n<p style=\"margin-left:0cm; margin-right:0cm\">&nbsp;</p>\n\n<p style=\"margin-left:0cm; margin-right:0cm\"><span style=\"font-size:11pt\"><span style=\"font-family:Calibri,sans-serif\"><span style=\"font-size:14.0pt\">Tr&ecirc;n đ&acirc;y là toàn b&ocirc;̣ vị trí và các b&ocirc;̣ ph&acirc;̣n tr&ecirc;n máy tính mà bạn c&acirc;̀n ki&ecirc;̉m tra trước khi mua.&nbsp; Với&nbsp; cách ki&ecirc;̉m tra máy khi mua laptop&nbsp; cụ này </span></span></span></p>','','cách kiểm tra laptop cũ máy khi mua, cách kiểm tra máy khi mua laptop cũ','tùy nhiên bạn cần phải trang bị các kiến thức về laptop thì mới có thể chọn được máy tốt. Sau đây mình sẽ hướng dẫn các bạn cách kiểm tra máy khi mua laptop cũ về  dùng.',46,1,1,'2018-03-24 03:57:17','2018-04-18 01:32:14'),(45,'Laptop giá rẻ cấu hình mạnh cho sinh viên để phục vụ việc học tốt hơn','laptop-gia-re-cau-hinh-manh-cho-sinh-vien-de-phuc-vu-viec-hoc-tot-hon','chon-mua-laptop-9299.jpg','Sắn một chiếc laptop để phục vụ việc học đối với sinh viên các khoa hiện nay khá cấp bách. Đơn giản vì việc học của sinh viên hiện này đòi hỏi sử dụng dụng máy tính rất phổ biến. Đặc biết là với nghành công nghệ thông tin và điển tử viễn thông. Để mua laptop giá rẻ cấu hình mạnh cho sinh viên là một điều cần cân nhắc cụ thể và có sự tính toán khi chọn mua. Sau đây là một số bước cơ bản trước khi mua máy laptop về dùng.','<p style=\"margin-left:0cm; margin-right:0cm\"><span style=\"font-size:13pt\"><span style=\"font-family:Cambria,serif\"><span style=\"color:#4f81bd\"><span style=\"font-size:16.0pt\"><span style=\"font-family:&quot;Times New Roman&quot;,&quot;serif&quot;\">Nhu cầu sử dụng t&ugrave;y theo ng&agrave;nh học v&agrave; sở th&iacute;ch</span></span></span></span></span></p>\r\n\r\n<p style=\"margin-left:0cm; margin-right:0cm\">&nbsp;</p>\r\n\r\n<p style=\"margin-left:0cm; margin-right:0cm\"><span style=\"font-size:11pt\"><span style=\"font-family:Calibri,sans-serif\"><span style=\"font-size:14.0pt\"><span style=\"font-family:&quot;Times New Roman&quot;,&quot;serif&quot;\">Điều tất yếu khi bạn mua bất cứ sản phẩm g&igrave; th&igrave; phải t&igrave;m hiểu được nhu cầu của m&igrave;nh, để rồi từ đ&oacute; mới quyết định chọn mua. Đối với việc chọn mua laptop sinh vi&ecirc;n, điều tất nhi&ecirc;n đ&oacute; l&agrave; nhu cầu học tập. Th&ocirc;ng thường mỗi người học sẽ c&oacute; nhu cầu kh&aacute;c nhau :</span></span></span></span></p>\r\n\r\n<p style=\"margin-left:0cm; margin-right:0cm\">&nbsp;</p>\r\n\r\n<p style=\"margin-left:0cm; margin-right:0cm\"><span style=\"font-size:11pt\"><span style=\"font-family:Calibri,sans-serif\"><span style=\"font-size:14.0pt\"><span style=\"font-family:&quot;Times New Roman&quot;,&quot;serif&quot;\">Nh&oacute;m cơ bản gồm phục vụ nhu cầu học tập,văn ph&ograve;ng cơ bản, kh&ocirc;ng chuy&ecirc;n s&acirc;u như đa số gi&agrave;nh cho c&aacute;c bạn học về kinh tế và kh&ocirc;ng sử dụng những phần mềm nặng, kh&ocirc;ng y&ecirc;u cầu đồ họa cao. Sử dụng Word, Excel hay Power Point,&hellip; cơ bản. Mục đ&iacute;ch giải tr&iacute;, xem phim, học online và Facebook.</span></span></span></span></p>\r\n\r\n<p style=\"margin-left:0cm; margin-right:0cm\">&nbsp;</p>\r\n\r\n<p style=\"margin-left:0cm; margin-right:0cm\"><span style=\"font-size:11pt\"><span style=\"font-family:Calibri,sans-serif\"><span style=\"font-size:14.0pt\"><span style=\"font-family:&quot;Times New Roman&quot;,&quot;serif&quot;\">Nh&oacute;m kỹ thuật gồm Lập tr&igrave;nh vi&ecirc;n và Thiết kế đồ họa : Đa số c&aacute;c bạn học về mảng kỹ thuật như IT, Design, Cơ kh&iacute;, kiến tr&uacute;c,&hellip; Đối với nh&oacute;m n&agrave;y đ&ograve;i hỏi chiếc laptop c&oacute; tr&igrave;nh vi xử l&yacute; mạnh, card m&agrave;n h&igrave;nh rời phục vụ chức năng đồ họa .</span></span></span></span></p>\r\n\r\n<p style=\"margin-left:0cm; margin-right:0cm\">&nbsp;</p>\r\n\r\n<p style=\"margin-left:0cm; margin-right:0cm\"><span style=\"font-size:11pt\"><span style=\"font-family:Calibri,sans-serif\"><span style=\"font-size:14.0pt\"><span style=\"font-family:&quot;Times New Roman&quot;,&quot;serif&quot;\">Nh&oacute;m chơi game giải tr&iacute; cao như đối với d&ograve;ng n&agrave;y th&igrave; gi&agrave;nh cho c&aacute;c bạn c&oacute; điều kiện, sở th&iacute;ch chơi game. M&aacute;y cần cấu h&igrave;nh khủng, chip thế hệ mới, card m&agrave;n h&igrave;nh rời,&hellip; D&ograve;ng n&agrave;y bao qu&aacute;t hết được tất cả c&aacute;c nhu cầu của c&aacute;c nh&oacute;m tr&ecirc;n.</span></span></span></span></p>\r\n\r\n<p style=\"margin-left:0cm; margin-right:0cm; text-align:center\"><img alt=\"\" src=\"/upload/400x250-DC-Mobile.png\" /></p>\r\n\r\n<h3 style=\"margin-left:0cm; margin-right:0cm\"><span style=\"font-size:11pt\"><span style=\"font-family:Cambria,serif\"><span style=\"color:#4f81bd\"><span style=\"font-size:16.0pt\">Chọn địa đi&ecirc;̉m mua laptop</span></span></span></span></h3>\r\n\r\n<p style=\"margin-left:0cm; margin-right:0cm\">&nbsp;</p>\r\n\r\n<p style=\"margin-left:0cm; margin-right:0cm\"><span style=\"font-size:11pt\"><span style=\"font-family:Calibri,sans-serif\"><span style=\"font-size:14.0pt\"><span style=\"font-family:&quot;Times New Roman&quot;,&quot;serif&quot;\">Sau khi đã nắm bắt 1 s&ocirc;́ th&ocirc;ng tin v&ecirc;̀ c&acirc;́u hình và mục đích sử dụng máy tính laptop. Thì ti&ecirc;́p đ&ecirc;́n bạn phải chọn những của hàng ưu ti&ecirc;́n đ&ecirc;̉ mua máy laptop. Tuy cái này kh&ocirc;ng phải quá trọng nhưng chọn địa đi&ecirc;̉m sai sẽ ảnh hưởng trực ti&ecirc;́p đ&ecirc;́n tu&ocirc;̉i thọ của máy.Kh&ocirc;ng nhưng th&ecirc;́ kh&acirc;u này cũng g&acirc;y ra cho bạn kh&ocirc;ng ít phi&ecirc;̀n toái sau khi mua. Như chính sách bảo hành máy, thái đ&ocirc;̣ phục vụ và thời gian xử lý trục trặc.</span></span></span></span></p>\r\n\r\n<p style=\"margin-left:0cm; margin-right:0cm\">&nbsp;</p>\r\n\r\n<p style=\"margin-left:0cm; margin-right:0cm\"><span style=\"font-size:11pt\"><span style=\"font-family:Calibri,sans-serif\"><span style=\"font-size:14.0pt\"><span style=\"font-family:&quot;Times New Roman&quot;,&quot;serif&quot;\">Cửa hàng đi&ecirc;̉n hình như : </span></span></span></span></p>\r\n\r\n<p style=\"margin-left:0cm; margin-right:0cm\"><span style=\"font-size:11pt\"><span style=\"font-family:Calibri,sans-serif\"><span style=\"font-size:14.0pt\"><span style=\"font-family:&quot;Times New Roman&quot;,&quot;serif&quot;\">DC mobile</span></span></span></span></p>\r\n\r\n<p style=\"margin-left:0cm; margin-right:0cm\"><span style=\"font-size:11pt\"><span style=\"font-family:Calibri,sans-serif\"><span style=\"font-size:14.0pt\"><span style=\"font-family:&quot;Times New Roman&quot;,&quot;serif&quot;\">Địa chỉ: 35/6 B&ugrave;i Quang L&agrave; P 12 Q,G&ograve; Vấp TP.Hồ Ch&iacute; Minh</span></span></span></span></p>\r\n\r\n<p style=\"margin-left:0cm; margin-right:0cm\"><span style=\"font-size:11pt\"><span style=\"font-family:Calibri,sans-serif\"><span style=\"font-size:14.0pt\"><span style=\"font-family:&quot;Times New Roman&quot;,&quot;serif&quot;\">Điện thoại: 0949.027.720 - 0963.027.720</span></span></span></span></p>\r\n\r\n<p style=\"margin-left:0cm; margin-right:0cm\"><span style=\"font-size:11pt\"><span style=\"font-family:Calibri,sans-serif\"><span style=\"font-size:14.0pt\"><span style=\"font-family:&quot;Times New Roman&quot;,&quot;serif&quot;\">Website: https://dcmobile.vn.</span></span></span></span></p>\r\n\r\n<p style=\"margin-left:0cm; margin-right:0cm\">&nbsp;</p>\r\n\r\n<h2 style=\"margin-left:0cm; margin-right:0cm\"><span style=\"font-size:13pt\"><span style=\"font-family:Cambria,serif\"><span style=\"color:#4f81bd\"><span style=\"font-size:14.0pt\"><span style=\"font-family:&quot;Times New Roman&quot;,&quot;serif&quot;\">C&acirc;́u hình máy tính laptop khi mua</span></span></span></span></span></h2>\r\n\r\n<p style=\"margin-left:0cm; margin-right:0cm\">&nbsp;</p>\r\n\r\n<p style=\"margin-left:0cm; margin-right:0cm\"><span style=\"font-size:11pt\"><span style=\"font-family:Calibri,sans-serif\"><strong><span style=\"font-size:14.0pt\"><span style=\"font-family:&quot;Times New Roman&quot;,&quot;serif&quot;\">CPU</span></span></strong><span style=\"font-size:14.0pt\"><span style=\"font-family:&quot;Times New Roman&quot;,&quot;serif&quot;\">: Phần này là th&ocirc;ng s&ocirc;́ xử lý th&ocirc;ng tin của máy tính bằng đơn vị GHz. Bạn cần để &yacute; đến l&agrave; chip Intel core i x. Với x c&agrave;ng lớn c&agrave;ng tốt, </span></span></span></span></p>\r\n\r\n<p style=\"margin-left:0cm; margin-right:0cm\"><span style=\"font-size:11pt\"><span style=\"font-family:Calibri,sans-serif\"><strong><span style=\"font-size:14.0pt\"><span style=\"font-family:&quot;Times New Roman&quot;,&quot;serif&quot;\">RAM</span></span></strong><span style=\"font-size:14.0pt\"><span style=\"font-family:&quot;Times New Roman&quot;,&quot;serif&quot;\">: &nbsp;là b&ocirc;̣ nhớ ng&acirc;̃u nhi&ecirc;n , 4GB cho nh&oacute;m Ram cơ bản. Tốt nhất n&ecirc;n chọn RAM DDR4 (loại mới) v&agrave; ph&acirc;̀n này có thẻ n&acirc;ng cấp.</span></span></span></span></p>\r\n\r\n<p style=\"margin-left:0cm; margin-right:0cm\"><span style=\"font-size:11pt\"><span style=\"font-family:Calibri,sans-serif\"><strong><span style=\"font-size:14.0pt\"><span style=\"font-family:&quot;Times New Roman&quot;,&quot;serif&quot;\">Ổ cứng</span></span></strong><span style=\"font-size:14.0pt\"><span style=\"font-family:&quot;Times New Roman&quot;,&quot;serif&quot;\">: &nbsp;là ph&acirc;̀n lưu trữ dữ li&ecirc;̣u của máy có 2 dạng đang th&ocirc;ng dụng là HDD và SSD. Với dung lượng ph&ocirc;̉ bi&ecirc;́n là 500gb hoặc 1TB . Các bạn th&iacute;ch tốc độ nhanh, chơi game, xử l&yacute; đồ họa nhanh th&igrave; chơi lu&ocirc;n con SSD 128gb hoặc dung lượng lớn hơn. HDD có t&ocirc;́c đ&ocirc;̣ ch&acirc;̣m hơn SSD.</span></span></span></span></p>\r\n\r\n<p style=\"margin-left:0cm; margin-right:0cm\"><span style=\"font-size:11pt\"><span style=\"font-family:Calibri,sans-serif\"><strong><span style=\"font-size:14.0pt\"><span style=\"font-family:&quot;Times New Roman&quot;,&quot;serif&quot;\">Card VGA</span></span></strong><span style=\"font-size:14.0pt\"><span style=\"font-family:&quot;Times New Roman&quot;,&quot;serif&quot;\">: &nbsp;có 2 d&ograve;ng card rời thường th&acirc;́y l&agrave; Nvidia, AMD,&hellip; Dung lượng c&agrave;ng cao, số liệu c&agrave;ng cao c&agrave;ng tốt.</span></span></span></span></p>\r\n\r\n<p style=\"margin-left:0cm; margin-right:0cm\"><span style=\"font-size:11pt\"><span style=\"font-family:Calibri,sans-serif\"><strong><span style=\"font-size:14.0pt\"><span style=\"font-family:&quot;Times New Roman&quot;,&quot;serif&quot;\">M&agrave;n h&igrave;nh</span></span></strong><span style=\"font-size:14.0pt\"><span style=\"font-family:&quot;Times New Roman&quot;,&quot;serif&quot;\">: là ph&acirc;̀n hi&ecirc;̉n thị th&ocirc;ng tin dữ li&ecirc;̣u. Tùy vào như c&acirc;̀u sử dụng mà c&acirc;̀n nhắc có các loại 14 inch, 15,6inch...</span></span></span></span></p>\r\n\r\n<p style=\"margin-left:0cm; margin-right:0cm\"><span style=\"font-size:11pt\"><span style=\"font-family:Calibri,sans-serif\"><strong><span style=\"font-size:14.0pt\"><span style=\"font-family:&quot;Times New Roman&quot;,&quot;serif&quot;\">Pin</span></span></strong><span style=\"font-size:14.0pt\"><span style=\"font-family:&quot;Times New Roman&quot;,&quot;serif&quot;\">: &nbsp;là ph&acirc;̀n c&acirc;́p ngu&ocirc;̀n cho máy. Có 2 loại là pin rời và pin li&ecirc;̀n. Cell c&agrave;ng cao c&agrave;ng tốt. T&ugrave;y sở th&iacute;ch c&oacute; người th&iacute;ch kiểu n&agrave;y kiểu kia.</span></span></span></span></p>\r\n\r\n<p style=\"margin-left:0cm; margin-right:0cm\">&nbsp;</p>\r\n\r\n<h2 style=\"margin-left:0cm; margin-right:0cm\"><span style=\"font-size:13pt\"><span style=\"font-family:Cambria,serif\"><span style=\"color:#4f81bd\"><span style=\"font-size:16.0pt\"><span style=\"font-family:&quot;Times New Roman&quot;,&quot;serif&quot;\">Các hãng máy tính laptop ph&ocirc;̉ bi&ecirc;́n hi&ecirc;̣n nay</span></span></span></span></span></h2>\r\n\r\n<p style=\"margin-left:0cm; margin-right:0cm\">&nbsp;</p>\r\n\r\n<p style=\"margin-left:0cm; margin-right:0cm\"><span style=\"font-size:11pt\"><span style=\"font-family:Calibri,sans-serif\"><span style=\"font-size:14.0pt\"><span style=\"font-family:&quot;Times New Roman&quot;,&quot;serif&quot;\">Apple : D&ograve;ng laptop Macbook th&igrave; đ&atilde; qu&aacute; tốt v&agrave; c&oacute; chất ri&ecirc;ng trong thị trường laptop. Tuy nhi&ecirc;n chất lượng t&ocirc;́t v&agrave; thiết kế đẹp nhưng gi&aacute; kh&aacute; cao.</span></span></span></span></p>\r\n\r\n<p style=\"margin-left:0cm; margin-right:0cm\">&nbsp;</p>\r\n\r\n<p style=\"margin-left:0cm; margin-right:0cm\"><span style=\"font-size:11pt\"><span style=\"font-family:Calibri,sans-serif\"><span style=\"font-size:14.0pt\"><span style=\"font-family:&quot;Times New Roman&quot;,&quot;serif&quot;\">ASUS : về chất lượng khá &ocirc;̉n, đa phần sinh vi&ecirc;n thường chọn mẫu laptop h&atilde;ng n&agrave;y v&igrave; gi&aacute; rẻ, nhiều mẫu m&atilde; v&agrave; chất lượng ổn định. Đặc biệt l&agrave; h&atilde;ng duy nhất c&oacute; chế độ bảo h&agrave;nh 2 năm.</span></span></span></span></p>\r\n\r\n<p style=\"margin-left:0cm; margin-right:0cm\">&nbsp;</p>\r\n\r\n<p style=\"margin-left:0cm; margin-right:0cm\"><span style=\"font-size:11pt\"><span style=\"font-family:Calibri,sans-serif\"><span style=\"font-size:14.0pt\"><span style=\"font-family:&quot;Times New Roman&quot;,&quot;serif&quot;\">DELL : Đa phần sinh vi&ecirc;n th&iacute;ch h&atilde;ng n&agrave;y vì chất lượng bền, m&aacute;y chịu va chạm. Hãng DELL c&oacute; thiết kế kh&ocirc;ng đẹp nhưng độ bền th&igrave; n&oacute; gần như tốt nhất.</span></span></span></span></p>\r\n\r\n<p style=\"margin-left:0cm; margin-right:0cm\"><span style=\"font-size:11pt\"><span style=\"font-family:Calibri,sans-serif\"><span style=\"font-size:14.0pt\"><span style=\"font-family:&quot;Times New Roman&quot;,&quot;serif&quot;\">HP :&nbsp; H&atilde;ng n&agrave;y cũng được sinh vi&ecirc;n hay chọn v&igrave; kiểu d&aacute;ng đẹp v&agrave; độ bền cao. </span></span></span></span></p>\r\n\r\n<p style=\"margin-left:0cm; margin-right:0cm\"><span style=\"font-size:11pt\"><span style=\"font-family:Calibri,sans-serif\"><span style=\"font-size:14.0pt\"><span style=\"font-family:&quot;Times New Roman&quot;,&quot;serif&quot;\">ACER : L&agrave; h&atilde;ng do Đ&agrave;i Loan sản xu&acirc;́t. Loại này có ưu đi&ecirc;̉m v&ecirc;̀ mạng, sử dụng ACER thường sẽ y&ecirc;n mến h&atilde;ng n&agrave;y.</span></span></span></span></p>\r\n\r\n<p style=\"margin-left:0cm; margin-right:0cm\"><span style=\"font-size:11pt\"><span style=\"font-family:Calibri,sans-serif\"><span style=\"font-size:14.0pt\"><span style=\"font-family:&quot;Times New Roman&quot;,&quot;serif&quot;\">Lenovo : là hàng khá n&ocirc;̉i ti&ecirc;́ng v&ecirc;̀ giao di&ecirc;̃n cũng như c&acirc;́u hình, đặc biệt l&agrave; d&ograve;ng Thinkpad hiện nay đ&atilde; qu&aacute; nổi tiếng.</span></span></span></span></p>','','Laptop giá rẻ cấu hình mạnh cho sinh viên','Để trang bị cho mình một chiếc laptop phục vụ việc được tốt hơn. Ngoài ra, việc tài chính còn phải đòi bạn có chút hiểu biết về laptop. Sau đây mình sẽ hướng dẫn bạn các làm sao cho để mua được rẻ mà cấu hình lại mạnh nhé......',33,1,1,'2018-04-01 02:35:24','2018-04-17 16:27:39');
/*!40000 ALTER TABLE `article` ENABLE KEYS */;
UNLOCK TABLES;

--
-- Table structure for table `article_category`
--

DROP TABLE IF EXISTS `article_category`;
/*!40101 SET @saved_cs_client     = @@character_set_client */;
/*!40101 SET character_set_client = utf8 */;
CREATE TABLE `article_category` (
  `id` bigint(20) NOT NULL AUTO_INCREMENT,
  `article_id` int(11) DEFAULT NULL,
  `category_id` int(11) DEFAULT NULL,
  `created_at` datetime DEFAULT NULL,
  `updated_at` datetime DEFAULT NULL,
  PRIMARY KEY (`id`)
) ENGINE=InnoDB AUTO_INCREMENT=66 DEFAULT CHARSET=utf8 COLLATE=utf8_unicode_ci;
/*!40101 SET character_set_client = @saved_cs_client */;

--
-- Dumping data for table `article_category`
--

LOCK TABLES `article_category` WRITE;
/*!40000 ALTER TABLE `article_category` DISABLE KEYS */;
INSERT INTO `article_category` VALUES (47,31,11,'2018-03-08 08:35:42','2018-03-08 08:35:42'),(48,32,11,'2018-03-09 08:36:21','2018-03-09 08:36:21'),(49,33,11,'2018-03-09 09:07:05','2018-03-09 09:07:05'),(50,34,11,'2018-03-13 08:08:34','2018-03-13 08:08:34'),(51,35,11,'2018-03-14 04:45:52','2018-03-14 04:45:52'),(52,36,11,'2018-03-19 10:25:39','2018-03-19 10:25:39'),(53,37,11,'2018-03-20 03:13:16','2018-03-20 03:13:16'),(54,38,11,'2018-03-20 03:40:27','2018-03-20 03:40:27'),(59,40,11,'2018-03-20 05:14:29','2018-03-20 05:14:29'),(60,39,11,'2018-03-20 05:20:37','2018-03-20 05:20:37'),(61,41,11,'2018-03-20 08:41:31','2018-03-20 08:41:31'),(62,42,11,'2018-03-20 09:45:07','2018-03-20 09:45:07'),(63,43,11,'2018-03-22 11:28:21','2018-03-22 11:28:21'),(64,44,11,'2018-03-24 03:57:17','2018-03-24 03:57:17'),(65,45,11,'2018-04-01 02:35:24','2018-04-01 02:35:24');
/*!40000 ALTER TABLE `article_category` ENABLE KEYS */;
UNLOCK TABLES;

--
-- Table structure for table `banner`
--

DROP TABLE IF EXISTS `banner`;
/*!40101 SET @saved_cs_client     = @@character_set_client */;
/*!40101 SET character_set_client = utf8 */;
CREATE TABLE `banner` (
  `id` bigint(20) NOT NULL AUTO_INCREMENT,
  `category_id` int(11) DEFAULT NULL,
  `caption` text COLLATE utf8_unicode_ci,
  `alt` text COLLATE utf8_unicode_ci,
  `image` varchar(255) COLLATE utf8_unicode_ci DEFAULT NULL,
  `page_url` text COLLATE utf8_unicode_ci,
  `sort_order` int(11) DEFAULT NULL,
  `status` int(11) DEFAULT NULL,
  `created_at` datetime DEFAULT NULL,
  `updated_at` datetime DEFAULT NULL,
  PRIMARY KEY (`id`)
) ENGINE=InnoDB AUTO_INCREMENT=50 DEFAULT CHARSET=utf8 COLLATE=utf8_unicode_ci;
/*!40101 SET character_set_client = @saved_cs_client */;

--
-- Dumping data for table `banner`
--

LOCK TABLES `banner` WRITE;
/*!40000 ALTER TABLE `banner` DISABLE KEYS */;
INSERT INTO `banner` VALUES (2,1,'Khi trẻ cười','khi trẻ cười 2','slider_2.jpg','cloudbeauty.vn',2,1,'2017-12-16 05:04:04','2018-02-27 02:07:51'),(3,2,'','','member-1.png','',1,1,'2017-12-28 02:38:24','2017-12-28 02:40:03'),(4,2,'','','member-2.png','',2,1,'2017-12-28 02:38:40','2017-12-28 02:40:03'),(5,2,'','','member-3.png','',3,1,'2017-12-28 02:38:51','2017-12-28 02:40:07'),(6,2,'','','member-4.png','',4,1,'2017-12-28 02:38:59','2017-12-28 02:40:03'),(7,2,'','','member-5.png','',5,1,'2017-12-28 02:39:08','2017-12-28 02:40:03'),(8,2,'','','member-6.png','',6,1,'2017-12-28 02:39:19','2017-12-28 02:40:03'),(9,2,'','','member-7.png','',7,1,'2017-12-28 02:39:28','2017-12-28 02:40:03'),(14,1,'test 1','test 1','slider_3.jpg','http://magiwan.vn/',3,1,'2018-01-18 07:23:11','2018-02-27 02:07:58'),(15,2,'','','partner-1.png','',8,1,'2018-01-20 04:26:00','2018-01-20 04:26:00'),(16,2,'','','partner-2.png','',9,1,'2018-01-20 04:26:06','2018-01-20 04:26:06'),(17,2,'','','partner-3.png','',10,1,'2018-01-20 04:26:14','2018-01-20 04:26:14'),(18,2,'','','partner-4.png','',11,1,'2018-01-20 04:26:23','2018-01-20 04:26:23'),(19,2,'','','partner-5.png','',12,1,'2018-01-20 04:26:32','2018-01-20 04:26:32'),(20,2,'','','partner-6.png','',13,1,'2018-01-20 04:26:43','2018-01-20 04:26:43'),(21,2,'','','partner-7.png','',14,1,'2018-01-20 04:26:54','2018-01-20 04:27:02'),(22,2,'','','partner-8.png','',15,1,'2018-01-20 04:27:12','2018-01-20 04:27:12'),(23,2,'','','partner-9.png','',16,1,'2018-01-20 04:27:20','2018-01-20 04:27:20'),(24,2,'','','partner-10.png','',17,1,'2018-01-20 04:27:28','2018-01-20 04:27:28'),(25,2,'','','partner-11.png','',19,1,'2018-01-20 04:27:38','2018-01-20 04:27:38'),(26,2,'','','partner-12.png','',20,1,'2018-01-20 04:27:50','2018-01-20 04:27:50'),(27,2,'','','partner-13.png','',21,1,'2018-01-20 04:28:00','2018-01-20 04:28:05'),(28,5,'Thời trang nữ','Thời trang nữ','thoi-trang-nu-1.jpg','',1,1,'2018-02-22 16:19:19','2018-02-22 17:44:45'),(29,5,'Thời trang nữ','thoi-trang-nu','thoi-trang-nu-2.jpg','',2,1,'2018-02-22 16:19:35','2018-02-22 17:44:53'),(30,7,'','','thoi-trang-nu-1.jpg','',1,1,'2018-02-25 12:13:48','2018-02-25 12:13:48'),(31,7,'','','thoi-trang-nu-2.jpg','',2,1,'2018-02-25 12:13:55','2018-02-25 12:13:55'),(32,8,'','','thoi-trang-nu-1.jpg','',1,1,'2018-02-25 12:14:08','2018-02-25 12:14:08'),(33,8,'','','thoi-trang-nu-2.jpg','',2,1,'2018-02-25 12:14:14','2018-02-25 12:14:14'),(34,9,'','','thoi-trang-nu-1.jpg','',1,1,'2018-02-25 12:14:27','2018-02-25 12:14:27'),(35,9,'','','thoi-trang-nu-2.jpg','',2,1,'2018-02-25 12:14:33','2018-02-25 12:14:33'),(36,10,'','','thoi-trang-nu-1.jpg','',1,1,'2018-02-25 12:14:43','2018-02-25 12:14:43'),(37,10,'','','thoi-trang-nu-2.jpg','',2,1,'2018-02-25 12:14:50','2018-02-25 12:14:50'),(38,11,'','','thoi-trang-nu-1.jpg','',1,1,'2018-02-25 12:15:00','2018-02-25 12:15:00'),(39,11,'','','thoi-trang-nu-2.jpg','',2,1,'2018-02-25 12:15:08','2018-02-25 12:15:08'),(40,12,'','','thoi-trang-nu-1.jpg','',1,1,'2018-02-25 12:15:20','2018-02-25 12:15:20'),(41,12,'','','thoi-trang-nu-2.jpg','',2,1,'2018-02-25 12:15:25','2018-02-25 12:15:25'),(42,13,'','','thoi-trang-nu-1.jpg','',1,1,'2018-02-25 12:15:37','2018-02-25 12:15:37'),(43,13,'','','thoi-trang-nu-2.jpg','',2,1,'2018-02-25 12:15:43','2018-02-25 12:15:43'),(44,14,'','','thoi-trang-nu-1.jpg','',1,1,'2018-02-25 12:15:54','2018-02-25 12:15:54'),(45,14,'','','thoi-trang-nu-2.jpg','',2,1,'2018-02-25 12:16:00','2018-02-25 12:16:00'),(46,15,'','','thoi-trang-nu-1.jpg','',1,1,'2018-02-25 12:16:11','2018-02-25 12:16:11'),(47,15,'','','thoi-trang-nu-2.jpg','',2,1,'2018-02-25 12:16:17','2018-02-25 12:16:17'),(48,6,'','','thoi-trang-nu-1.jpg','',1,1,'2018-02-25 12:16:33','2018-02-25 12:16:33'),(49,6,'','','thoi-trang-nu-2.jpg','',2,1,'2018-02-25 12:16:39','2018-02-25 12:16:39');
/*!40000 ALTER TABLE `banner` ENABLE KEYS */;
UNLOCK TABLES;

--
-- Table structure for table `category_article`
--

DROP TABLE IF EXISTS `category_article`;
/*!40101 SET @saved_cs_client     = @@character_set_client */;
/*!40101 SET character_set_client = utf8 */;
CREATE TABLE `category_article` (
  `id` bigint(20) NOT NULL AUTO_INCREMENT,
  `fullname` varchar(255) COLLATE utf8_unicode_ci DEFAULT NULL,
  `meta_keyword` text COLLATE utf8_unicode_ci,
  `meta_description` text COLLATE utf8_unicode_ci,
  `alias` varchar(255) COLLATE utf8_unicode_ci DEFAULT NULL,
  `parent_id` int(11) DEFAULT NULL,
  `image` varchar(255) COLLATE utf8_unicode_ci DEFAULT NULL,
  `sort_order` int(11) DEFAULT NULL,
  `status` int(1) DEFAULT NULL,
  `created_at` datetime DEFAULT NULL,
  `updated_at` datetime DEFAULT NULL,
  PRIMARY KEY (`id`)
) ENGINE=InnoDB AUTO_INCREMENT=12 DEFAULT CHARSET=utf8 COLLATE=utf8_unicode_ci;
/*!40101 SET character_set_client = @saved_cs_client */;

--
-- Dumping data for table `category_article`
--

LOCK TABLES `category_article` WRITE;
/*!40000 ALTER TABLE `category_article` DISABLE KEYS */;
INSERT INTO `category_article` VALUES (4,'Hỗ trợ khách hàng','metakeyword Tin dự án','metadescription Tin dự án','ho-tro-khach-hang',0,'conmochieu-5.png',1,1,'2017-12-18 02:17:10','2018-02-28 07:22:22'),(5,'Đời sống số','metakeword Ngành gỗ','metadescription Ngành gỗ','doi-song-so',0,'conmochieu-6.png',2,1,'2017-12-18 02:17:19','2018-02-28 08:08:31'),(8,'Sản phẩm','','','san-pham',0,NULL,3,1,'2018-02-28 08:08:49','2018-02-28 08:08:49'),(9,'Điện tử gia dụng','','','dien-tu-gia-dung',0,NULL,4,1,'2018-02-28 08:09:03','2018-02-28 08:09:03'),(11,'Kinh nghiệm laptop','','','kinh-nghiem-laptop',0,NULL,6,1,'2018-02-28 08:09:50','2018-03-13 05:15:41');
/*!40000 ALTER TABLE `category_article` ENABLE KEYS */;
UNLOCK TABLES;

--
-- Table structure for table `category_banner`
--

DROP TABLE IF EXISTS `category_banner`;
/*!40101 SET @saved_cs_client     = @@character_set_client */;
/*!40101 SET character_set_client = utf8 */;
CREATE TABLE `category_banner` (
  `id` int(11) NOT NULL AUTO_INCREMENT,
  `fullname` varchar(255) COLLATE utf8_unicode_ci DEFAULT NULL,
  `theme_location` varchar(255) COLLATE utf8_unicode_ci DEFAULT NULL,
  `status` int(11) DEFAULT NULL,
  `sort_order` int(11) DEFAULT NULL,
  `created_at` datetime DEFAULT NULL,
  `updated_at` datetime DEFAULT NULL,
  PRIMARY KEY (`id`)
) ENGINE=InnoDB AUTO_INCREMENT=16 DEFAULT CHARSET=utf8 COLLATE=utf8_unicode_ci;
/*!40101 SET character_set_client = @saved_cs_client */;

--
-- Dumping data for table `category_banner`
--

LOCK TABLES `category_banner` WRITE;
/*!40000 ALTER TABLE `category_banner` DISABLE KEYS */;
INSERT INTO `category_banner` VALUES (1,'Slideshow','slideshow',1,1,'2017-12-16 05:02:58','2017-12-28 08:45:44'),(2,'Đối tác','doi-tac',1,12,'2017-12-26 04:32:09','2018-02-25 12:13:20'),(5,'Thời trang nữ','thoi-trang-nu',1,2,'2018-02-22 16:18:56','2018-02-25 12:13:20'),(6,'Điện thoại máy tính','dien-thoai-may-tinh',1,13,'2018-02-25 12:10:15','2018-02-25 12:13:20'),(7,'Thời trang nam','thoi-trang-nam',1,3,'2018-02-25 12:10:28','2018-02-25 12:13:20'),(8,'Giày dép túi xách','giay-dep-tui-xach',1,4,'2018-02-25 12:10:49','2018-02-25 12:13:20'),(9,'Phụ kiện số camera','phu-kien-so-camera',1,5,'2018-02-25 12:11:10','2018-02-25 12:13:20'),(10,'Mẹ  bé - Đồ chơi','me-be-do-choi',1,6,'2018-02-25 12:11:27','2018-02-25 12:13:20'),(11,'Đồng hồ phụ kiện','dong-ho-phu-kien',1,7,'2018-02-25 12:11:47','2018-02-25 12:13:20'),(12,'Nhà cửa tân trang nhà','nha-cua-tan-trang-nha',1,8,'2018-02-25 12:12:08','2018-02-25 12:13:20'),(13,'Sức khỏe sắc đẹp','suc-khoe-sac-dep',1,9,'2018-02-25 12:12:26','2018-02-25 12:13:20'),(14,'Tivi thiết bị âm thanh','tivi-thiet-bi-am-thanh',1,10,'2018-02-25 12:12:42','2018-02-25 12:13:20'),(15,'Dụng cụ thể thao','dung-cu-the-thao',1,11,'2018-02-25 12:13:00','2018-02-25 12:13:20');
/*!40000 ALTER TABLE `category_banner` ENABLE KEYS */;
UNLOCK TABLES;

--
-- Table structure for table `category_param`
--

DROP TABLE IF EXISTS `category_param`;
/*!40101 SET @saved_cs_client     = @@character_set_client */;
/*!40101 SET character_set_client = utf8 */;
CREATE TABLE `category_param` (
  `id` bigint(20) NOT NULL AUTO_INCREMENT,
  `fullname` varchar(255) COLLATE utf8_unicode_ci DEFAULT NULL,
  `alias` varchar(255) COLLATE utf8_unicode_ci DEFAULT NULL,
  `parent_id` int(11) DEFAULT NULL,
  `param_value` varchar(255) COLLATE utf8_unicode_ci DEFAULT NULL,
  `sort_order` int(11) DEFAULT NULL,
  `status` int(1) DEFAULT NULL,
  `created_at` datetime DEFAULT NULL,
  `updated_at` datetime DEFAULT NULL,
  PRIMARY KEY (`id`)
) ENGINE=InnoDB AUTO_INCREMENT=72 DEFAULT CHARSET=utf8 COLLATE=utf8_unicode_ci;
/*!40101 SET character_set_client = @saved_cs_client */;

--
-- Dumping data for table `category_param`
--

LOCK TABLES `category_param` WRITE;
/*!40000 ALTER TABLE `category_param` DISABLE KEYS */;
INSERT INTO `category_param` VALUES (1,'Xuất xứ','xuat-xu',0,'',1,1,'2018-02-01 20:40:54','2018-02-02 01:34:27'),(5,'Nhật','nhat',1,'',1,1,'2018-02-01 20:46:48','2018-02-02 01:40:43'),(9,'Thương hiệu','thuong-hieu',0,'',2,1,'2018-02-02 01:38:44','2018-02-02 01:38:48'),(10,'Mỹ','my',1,'',2,1,'2018-02-02 01:39:59','2018-02-02 01:39:59'),(11,'Hàn Quốc','han-quoc',1,'',3,1,'2018-02-02 01:40:14','2018-02-02 01:40:14'),(12,'Trung Quốc','trung-quoc',1,'',4,1,'2018-02-02 01:40:27','2018-02-02 01:40:30'),(13,'Nike','nike',9,'',19,1,'2018-02-02 01:41:04','2018-03-03 03:44:46'),(14,'Adidas','adidas',9,'',12,1,'2018-02-02 01:41:32','2018-03-03 03:44:46'),(15,'Jordan','jordan',9,'',14,1,'2018-02-02 01:41:45','2018-03-03 03:44:46'),(16,'Converse','converse',9,'',15,1,'2018-02-02 01:42:53','2018-03-03 03:44:46'),(17,'Reebok','reebok',9,'',16,1,'2018-02-02 01:43:05','2018-03-03 03:44:46'),(18,'Vans','vans',9,'',17,1,'2018-02-02 01:43:17','2018-03-03 03:44:46'),(19,'Under Armour','under-armour',9,'',18,1,'2018-02-02 01:43:26','2018-03-03 03:44:46'),(20,'Puma','puma',9,'',5,1,'2018-02-02 01:43:34','2018-03-03 03:44:46'),(21,'New Balance','new-balance',9,'',13,1,'2018-02-02 01:43:49','2018-03-03 03:44:46'),(22,'Đơn vị','don-vi',0,'',3,1,'2018-02-02 01:44:45','2018-02-02 01:45:02'),(23,'Chiếc','chiec',22,'',1,1,'2018-02-02 01:45:15','2018-02-02 01:45:15'),(24,'Bịch','bich',22,'',1,1,'2018-02-02 01:45:25','2018-02-02 01:45:25'),(25,'Lọ','lo',22,'',1,1,'2018-02-02 01:45:34','2018-02-02 01:45:34'),(26,'Lô hàng','lo-hang',22,'',1,1,'2018-02-02 01:46:20','2018-02-02 01:46:20'),(27,'Màu','mau',0,'',4,1,'2018-02-02 01:47:29','2018-02-02 01:47:29'),(28,'Xanh lá cây','xanh-la-cay',27,'#00c60e',5,1,'2018-02-02 01:48:01','2018-02-02 01:51:22'),(29,'Đỏ','do',27,'#c60000',4,1,'2018-02-02 01:48:22','2018-02-02 01:51:22'),(30,'Tím','tim',27,'#8c00c6',3,1,'2018-02-02 01:48:45','2018-02-02 01:51:22'),(31,'Vàng','vang',27,'#e6e900',2,1,'2018-02-02 01:49:17','2018-02-02 01:51:22'),(32,'Hồng','hong',27,'#ff00e4',1,1,'2018-02-02 01:49:49','2018-02-02 01:51:22'),(33,'Bạc','bac',27,'#e8d65d',6,1,'2018-02-02 01:51:00','2018-02-02 01:51:22'),(34,'Kích thước','kich-thuoc',0,'1',5,1,'2018-02-02 04:24:15','2018-02-02 04:24:23'),(35,'S','s',34,'',1,1,'2018-02-02 04:24:40','2018-02-02 04:24:40'),(36,'M','m',34,'',2,1,'2018-02-02 04:24:54','2018-02-02 04:25:48'),(37,'L','l',34,'',3,1,'2018-02-02 04:25:02','2018-02-02 04:25:48'),(38,'XL','xl',34,'',4,1,'2018-02-02 04:25:11','2018-02-02 04:25:48'),(39,'XS','xs',34,'',5,1,'2018-02-02 04:25:21','2018-02-02 04:25:48'),(40,'REN','ren',9,'',7,1,'2018-02-03 04:15:08','2018-03-03 03:44:46'),(41,'NOSBYN','nosbyn',9,'',8,1,'2018-02-03 04:15:24','2018-03-03 03:44:46'),(42,'THE BLUE T-SHIRT','the-blue-t-shirt',9,'',9,1,'2018-02-03 04:15:38','2018-03-03 03:44:46'),(43,'COCOSIN','cocosin',9,'',1,1,'2018-02-03 04:15:53','2018-02-03 04:15:53'),(44,'WEPHOBIA','wephobia',9,'',2,1,'2018-02-03 04:16:05','2018-03-03 03:44:46'),(45,'MAGONN','magonn',9,'',4,1,'2018-02-03 04:16:21','2018-03-03 03:44:46'),(46,'LIBE','libe',9,'',6,1,'2018-02-03 04:16:33','2018-03-03 03:44:46'),(47,'Chất liệu','chat-lieu',0,'',6,1,'2018-02-03 11:34:21','2018-02-03 11:34:29'),(48,'Thun','thun',47,'',2,1,'2018-02-03 11:34:43','2018-02-03 11:35:29'),(49,'Vải','vai',47,'',1,1,'2018-02-03 11:34:53','2018-02-03 11:35:29'),(50,'Nhà thiết kế','nha-thiet-ke',0,'',7,1,'2018-02-03 11:36:34','2018-02-03 11:36:34'),(51,'Clara Fashion','clara-fashion',50,'',1,1,'2018-02-03 11:36:54','2018-02-03 11:36:54'),(52,'Tình trạng','tinh-trang',0,'',7,1,'2018-02-27 03:33:32','2018-02-27 03:33:46'),(53,'Còn hàng','con-hang',52,'1',1,1,'2018-02-27 03:34:09','2018-03-01 03:15:16'),(54,'Hết hàng','het-hang',52,'0',2,1,'2018-02-27 03:34:29','2018-03-01 03:15:25'),(55,'Bảo hành','bao-hanh',0,'',8,1,'2018-03-01 03:21:37','2018-03-01 03:21:44'),(56,'1 tháng','1-thang',55,'',1,1,'2018-03-01 03:23:13','2018-03-01 03:23:13'),(57,'2 tháng','2-thang',55,'',2,1,'2018-03-01 03:23:23','2018-03-01 03:23:23'),(58,'3 tháng','3-thang',55,'',3,1,'2018-03-01 03:23:31','2018-03-01 03:23:31'),(59,'4 tháng','4-thang',55,'',4,1,'2018-03-01 03:23:38','2018-03-01 03:23:38'),(60,'5 tháng','5-thang',55,'',5,1,'2018-03-01 03:23:50','2018-03-01 03:23:50'),(61,'6 tháng','6-thang',55,'',6,1,'2018-03-01 03:24:00','2018-03-01 03:24:00'),(62,'7 tháng','7-thang',55,'',7,1,'2018-03-01 03:24:09','2018-03-01 03:24:09'),(63,'Việt Nam','viet-nam',1,'',5,1,'2018-03-02 18:28:20','2018-03-02 18:28:20'),(64,'Công trí','cong-tri',50,'',2,1,'2018-03-03 02:31:01','2018-03-03 02:31:01'),(65,'Đỗ Mạnh Cường','do-manh-cuong',50,'',3,1,'2018-03-03 02:31:26','2018-03-03 02:31:26'),(66,'Lý Quý Khánh','ly-quy-khanh',50,'',4,1,'2018-03-03 02:31:44','2018-03-03 02:31:44'),(67,'Cotton','cotton',47,'',3,1,'2018-03-03 02:32:09','2018-03-03 02:32:09'),(68,'Lenovo','lenovo',9,'',10,1,'2018-03-03 03:43:53','2018-03-03 03:44:46'),(69,'HP','hp',9,'',11,1,'2018-03-03 03:44:04','2018-03-03 03:44:46'),(70,'Acer','acer',9,'',3,1,'2018-03-03 03:44:12','2018-03-03 03:44:46'),(71,'Asus','asus',9,'',20,1,'2018-03-03 03:46:39','2018-03-03 03:46:55');
/*!40000 ALTER TABLE `category_param` ENABLE KEYS */;
UNLOCK TABLES;

--
-- Table structure for table `category_product`
--

DROP TABLE IF EXISTS `category_product`;
/*!40101 SET @saved_cs_client     = @@character_set_client */;
/*!40101 SET character_set_client = utf8 */;
CREATE TABLE `category_product` (
  `id` int(11) NOT NULL AUTO_INCREMENT,
  `fullname` varchar(255) CHARACTER SET utf8 DEFAULT NULL,
  `meta_keyword` text COLLATE utf8_unicode_ci,
  `meta_description` text COLLATE utf8_unicode_ci,
  `alias` varchar(255) CHARACTER SET utf8 DEFAULT NULL,
  `image` varchar(255) CHARACTER SET utf8 DEFAULT NULL,
  `status` int(11) DEFAULT NULL,
  `parent_id` int(11) DEFAULT NULL,
  `sort_order` int(11) DEFAULT NULL,
  `created_at` datetime DEFAULT NULL,
  `updated_at` datetime DEFAULT NULL,
  PRIMARY KEY (`id`)
) ENGINE=InnoDB AUTO_INCREMENT=18 DEFAULT CHARSET=utf8 COLLATE=utf8_unicode_ci ROW_FORMAT=COMPACT;
/*!40101 SET character_set_client = @saved_cs_client */;

--
-- Dumping data for table `category_product`
--

LOCK TABLES `category_product` WRITE;
/*!40000 ALTER TABLE `category_product` DISABLE KEYS */;
INSERT INTO `category_product` VALUES (1,'Laptop','metakeyword Gỗ óc chó','metadescription Gỗ óc chó','laptop','laptop-sinh-vien.png',1,0,1,'2018-01-02 05:00:16','2018-02-28 01:58:22'),(12,'Máy tính','metakeyword Điện thoại mới','metadescription Điện thoại mới','may-tinh',NULL,1,0,2,'2018-02-01 03:00:35','2018-02-28 01:58:26'),(16,'Phụ kiện máy tính','metakeyword Máy tính để bàn','metadescription Máy tính để bàn','phu-kien-may-tinh',NULL,1,0,6,'2018-02-01 03:07:07','2018-02-26 07:36:09'),(17,'Loa âm thanh','metakeyword Máy in và phụ kiện','metadescription Máy in và phụ kiện','loa-am-thanh',NULL,1,0,7,'2018-02-01 03:07:37','2018-02-28 04:01:59');
/*!40000 ALTER TABLE `category_product` ENABLE KEYS */;
UNLOCK TABLES;

--
-- Table structure for table `category_video`
--

DROP TABLE IF EXISTS `category_video`;
/*!40101 SET @saved_cs_client     = @@character_set_client */;
/*!40101 SET character_set_client = utf8 */;
CREATE TABLE `category_video` (
  `id` bigint(20) NOT NULL AUTO_INCREMENT,
  `fullname` varchar(255) COLLATE utf8_unicode_ci DEFAULT NULL,
  `meta_keyword` text COLLATE utf8_unicode_ci,
  `meta_description` text COLLATE utf8_unicode_ci,
  `alias` varchar(255) COLLATE utf8_unicode_ci DEFAULT NULL,
  `parent_id` int(11) DEFAULT NULL,
  `image` varchar(255) COLLATE utf8_unicode_ci DEFAULT NULL,
  `sort_order` int(11) DEFAULT NULL,
  `status` int(1) DEFAULT NULL,
  `created_at` datetime DEFAULT NULL,
  `updated_at` datetime DEFAULT NULL,
  PRIMARY KEY (`id`)
) ENGINE=InnoDB AUTO_INCREMENT=2 DEFAULT CHARSET=utf8 COLLATE=utf8_unicode_ci;
/*!40101 SET character_set_client = @saved_cs_client */;

--
-- Dumping data for table `category_video`
--

LOCK TABLES `category_video` WRITE;
/*!40000 ALTER TABLE `category_video` DISABLE KEYS */;
INSERT INTO `category_video` VALUES (1,'Video','metakeyword video','metadescription video','video',NULL,'thuvienhinh-1.png',1,1,'2018-01-09 10:03:48','2018-01-09 11:08:05');
/*!40000 ALTER TABLE `category_video` ENABLE KEYS */;
UNLOCK TABLES;

--
-- Table structure for table `district`
--

DROP TABLE IF EXISTS `district`;
/*!40101 SET @saved_cs_client     = @@character_set_client */;
/*!40101 SET character_set_client = utf8 */;
CREATE TABLE `district` (
  `id` bigint(20) NOT NULL AUTO_INCREMENT,
  `fullname` varchar(255) COLLATE utf8_unicode_ci DEFAULT NULL,
  `alias` varchar(255) COLLATE utf8_unicode_ci DEFAULT NULL,
  `province_id` int(11) DEFAULT NULL,
  `sort_order` int(11) DEFAULT NULL,
  `status` int(11) DEFAULT NULL,
  `created_at` datetime DEFAULT NULL,
  `updated_at` datetime DEFAULT NULL,
  PRIMARY KEY (`id`)
) ENGINE=InnoDB AUTO_INCREMENT=9 DEFAULT CHARSET=utf8 COLLATE=utf8_unicode_ci;
/*!40101 SET character_set_client = @saved_cs_client */;

--
-- Dumping data for table `district`
--

LOCK TABLES `district` WRITE;
/*!40000 ALTER TABLE `district` DISABLE KEYS */;
INSERT INTO `district` VALUES (1,'Tân Bình','tan-binh',24,3,1,'2018-02-26 03:03:50','2018-02-26 03:23:39'),(2,'Phú Nhuận','phu-nhuan',24,4,1,'2018-02-26 03:19:32','2018-02-26 03:23:39'),(3,'Quận 1','quan-1',24,1,1,'2018-02-26 03:19:56','2018-02-26 03:21:12'),(4,'Quận 2','quan-2',24,2,1,'2018-02-26 03:20:06','2018-02-26 03:26:09'),(5,'Quận 2','quan-2',36,6,1,'2018-02-26 03:23:23','2018-02-26 03:25:07'),(6,'Quận 1','quan-1',36,5,1,'2018-02-26 03:24:19','2018-02-26 03:25:00'),(7,'Tân Bình','tan-binh',36,7,1,'2018-02-26 03:24:47','2018-02-26 03:25:07'),(8,'Phú Nhuận','phu-nhuan',36,8,1,'2018-02-26 03:25:52','2018-02-26 03:25:52');
/*!40000 ALTER TABLE `district` ENABLE KEYS */;
UNLOCK TABLES;

--
-- Table structure for table `group_member`
--

DROP TABLE IF EXISTS `group_member`;
/*!40101 SET @saved_cs_client     = @@character_set_client */;
/*!40101 SET character_set_client = utf8 */;
CREATE TABLE `group_member` (
  `id` bigint(20) NOT NULL AUTO_INCREMENT,
  `fullname` varchar(255) COLLATE utf8_unicode_ci DEFAULT NULL,
  `alias` varchar(255) COLLATE utf8_unicode_ci DEFAULT NULL,
  `sort_order` int(11) DEFAULT NULL,
  `created_at` datetime DEFAULT NULL,
  `updated_at` datetime DEFAULT NULL,
  PRIMARY KEY (`id`)
) ENGINE=InnoDB AUTO_INCREMENT=5 DEFAULT CHARSET=utf8 COLLATE=utf8_unicode_ci;
/*!40101 SET character_set_client = @saved_cs_client */;

--
-- Dumping data for table `group_member`
--

LOCK TABLES `group_member` WRITE;
/*!40000 ALTER TABLE `group_member` DISABLE KEYS */;
INSERT INTO `group_member` VALUES (1,'Administrator','administrator',1,'2016-12-17 05:05:18','2018-02-01 20:44:57'),(2,'Bài viết','bai-viet',2,'2016-12-17 05:05:41','2018-01-26 04:49:29'),(3,'Thành viên vip','thanh-vien-vip',3,'2018-01-26 04:06:49','2018-01-26 04:49:35'),(4,'Thành viên thường','thanh-vien-thuong',4,'2018-01-26 04:08:16','2018-01-26 04:49:49');
/*!40000 ALTER TABLE `group_member` ENABLE KEYS */;
UNLOCK TABLES;

--
-- Table structure for table `group_privilege`
--

DROP TABLE IF EXISTS `group_privilege`;
/*!40101 SET @saved_cs_client     = @@character_set_client */;
/*!40101 SET character_set_client = utf8 */;
CREATE TABLE `group_privilege` (
  `id` int(11) NOT NULL AUTO_INCREMENT,
  `group_member_id` int(11) NOT NULL,
  `privilege_id` int(11) NOT NULL,
  `created_at` datetime NOT NULL,
  `updated_at` datetime NOT NULL,
  PRIMARY KEY (`id`)
) ENGINE=InnoDB AUTO_INCREMENT=3720 DEFAULT CHARSET=utf8 COLLATE=utf8_unicode_ci;
/*!40101 SET character_set_client = @saved_cs_client */;

--
-- Dumping data for table `group_privilege`
--

LOCK TABLES `group_privilege` WRITE;
/*!40000 ALTER TABLE `group_privilege` DISABLE KEYS */;
INSERT INTO `group_privilege` VALUES (3040,2,1,'2018-01-22 02:03:55','2018-01-22 02:03:55'),(3041,2,2,'2018-01-22 02:03:55','2018-01-22 02:03:55'),(3042,2,3,'2018-01-22 02:03:55','2018-01-22 02:03:55'),(3043,2,4,'2018-01-22 02:03:55','2018-01-22 02:03:55'),(3044,2,5,'2018-01-22 02:03:55','2018-01-22 02:03:55'),(3045,2,16,'2018-01-22 02:03:55','2018-01-22 02:03:55'),(3046,2,17,'2018-01-22 02:03:55','2018-01-22 02:03:55'),(3047,2,33,'2018-01-22 02:03:55','2018-01-22 02:03:55'),(3048,2,49,'2018-01-22 02:03:55','2018-01-22 02:03:55'),(3049,2,50,'2018-01-22 02:03:55','2018-01-22 02:03:55'),(3050,2,55,'2018-01-22 02:03:55','2018-01-22 02:03:55'),(3051,2,56,'2018-01-22 02:03:55','2018-01-22 02:03:55'),(3052,2,57,'2018-01-22 02:03:55','2018-01-22 02:03:55'),(3053,2,58,'2018-01-22 02:03:55','2018-01-22 02:03:55'),(3054,2,59,'2018-01-22 02:03:55','2018-01-22 02:03:55'),(3055,2,60,'2018-01-22 02:03:55','2018-01-22 02:03:55'),(3056,2,61,'2018-01-22 02:03:55','2018-01-22 02:03:55'),(3057,2,62,'2018-01-22 02:03:55','2018-01-22 02:03:55'),(3058,2,63,'2018-01-22 02:03:55','2018-01-22 02:03:55'),(3059,2,67,'2018-01-22 02:03:55','2018-01-22 02:03:55'),(3060,2,68,'2018-01-22 02:03:55','2018-01-22 02:03:55'),(3061,2,79,'2018-01-22 02:03:55','2018-01-22 02:03:55'),(3062,2,80,'2018-01-22 02:03:55','2018-01-22 02:03:55'),(3063,2,85,'2018-01-22 02:03:55','2018-01-22 02:03:55'),(3064,2,86,'2018-01-22 02:03:55','2018-01-22 02:03:55'),(3065,2,103,'2018-01-22 02:03:55','2018-01-22 02:03:55'),(3066,2,104,'2018-01-22 02:03:55','2018-01-22 02:03:55'),(3067,2,105,'2018-01-22 02:03:55','2018-01-22 02:03:55'),(3068,2,106,'2018-01-22 02:03:55','2018-01-22 02:03:55'),(3069,2,107,'2018-01-22 02:03:55','2018-01-22 02:03:55'),(3070,2,108,'2018-01-22 02:03:55','2018-01-22 02:03:55'),(3071,2,109,'2018-01-22 02:03:55','2018-01-22 02:03:55'),(3072,2,110,'2018-01-22 02:03:55','2018-01-22 02:03:55'),(3073,2,111,'2018-01-22 02:03:55','2018-01-22 02:03:55'),(3074,2,112,'2018-01-22 02:03:55','2018-01-22 02:03:55'),(3075,2,113,'2018-01-22 02:03:55','2018-01-22 02:03:55'),(3076,2,114,'2018-01-22 02:03:55','2018-01-22 02:03:55'),(3077,2,115,'2018-01-22 02:03:55','2018-01-22 02:03:55'),(3078,2,116,'2018-01-22 02:03:55','2018-01-22 02:03:55'),(3079,2,117,'2018-01-22 02:03:55','2018-01-22 02:03:55'),(3080,2,118,'2018-01-22 02:03:55','2018-01-22 02:03:55'),(3081,2,119,'2018-01-22 02:03:55','2018-01-22 02:03:55'),(3082,2,120,'2018-01-22 02:03:55','2018-01-22 02:03:55'),(3083,2,121,'2018-01-22 02:03:55','2018-01-22 02:03:55'),(3084,2,122,'2018-01-22 02:03:55','2018-01-22 02:03:55'),(3085,2,123,'2018-01-22 02:03:55','2018-01-22 02:03:55'),(3086,2,124,'2018-01-22 02:03:55','2018-01-22 02:03:55'),(3087,2,125,'2018-01-22 02:03:55','2018-01-22 02:03:55'),(3088,2,126,'2018-01-22 02:03:55','2018-01-22 02:03:55'),(3089,2,127,'2018-01-22 02:03:55','2018-01-22 02:03:55'),(3090,2,128,'2018-01-22 02:03:55','2018-01-22 02:03:55'),(3091,2,129,'2018-01-22 02:03:55','2018-01-22 02:03:55'),(3092,2,130,'2018-01-22 02:03:55','2018-01-22 02:03:55'),(3093,2,131,'2018-01-22 02:03:55','2018-01-22 02:03:55'),(3094,2,132,'2018-01-22 02:03:55','2018-01-22 02:03:55'),(3095,2,133,'2018-01-22 02:03:55','2018-01-22 02:03:55'),(3096,2,134,'2018-01-22 02:03:55','2018-01-22 02:03:55'),(3097,2,135,'2018-01-22 02:03:55','2018-01-22 02:03:55'),(3098,2,136,'2018-01-22 02:03:55','2018-01-22 02:03:55'),(3099,2,137,'2018-01-22 02:03:55','2018-01-22 02:03:55'),(3100,2,138,'2018-01-22 02:03:55','2018-01-22 02:03:55'),(3101,2,139,'2018-01-22 02:03:55','2018-01-22 02:03:55'),(3102,2,140,'2018-01-22 02:03:55','2018-01-22 02:03:55'),(3103,2,141,'2018-01-22 02:03:55','2018-01-22 02:03:55'),(3104,2,142,'2018-01-22 02:03:55','2018-01-22 02:03:55'),(3105,2,143,'2018-01-22 02:03:55','2018-01-22 02:03:55'),(3106,2,144,'2018-01-22 02:03:55','2018-01-22 02:03:55'),(3180,3,0,'2018-01-26 04:06:59','2018-01-26 04:06:59'),(3641,1,1,'2018-02-01 20:44:57','2018-02-01 20:44:57'),(3642,1,2,'2018-02-01 20:44:57','2018-02-01 20:44:57'),(3643,1,3,'2018-02-01 20:44:57','2018-02-01 20:44:57'),(3644,1,4,'2018-02-01 20:44:57','2018-02-01 20:44:57'),(3645,1,5,'2018-02-01 20:44:57','2018-02-01 20:44:57'),(3646,1,16,'2018-02-01 20:44:57','2018-02-01 20:44:57'),(3647,1,17,'2018-02-01 20:44:57','2018-02-01 20:44:57'),(3648,1,18,'2018-02-01 20:44:57','2018-02-01 20:44:57'),(3649,1,19,'2018-02-01 20:44:57','2018-02-01 20:44:57'),(3650,1,24,'2018-02-01 20:44:57','2018-02-01 20:44:57'),(3651,1,25,'2018-02-01 20:44:57','2018-02-01 20:44:57'),(3652,1,33,'2018-02-01 20:44:57','2018-02-01 20:44:57'),(3653,1,43,'2018-02-01 20:44:57','2018-02-01 20:44:57'),(3654,1,44,'2018-02-01 20:44:57','2018-02-01 20:44:57'),(3655,1,49,'2018-02-01 20:44:57','2018-02-01 20:44:57'),(3656,1,50,'2018-02-01 20:44:57','2018-02-01 20:44:57'),(3657,1,55,'2018-02-01 20:44:57','2018-02-01 20:44:57'),(3658,1,56,'2018-02-01 20:44:57','2018-02-01 20:44:57'),(3659,1,57,'2018-02-01 20:44:57','2018-02-01 20:44:57'),(3660,1,58,'2018-02-01 20:44:57','2018-02-01 20:44:57'),(3661,1,59,'2018-02-01 20:44:57','2018-02-01 20:44:57'),(3662,1,60,'2018-02-01 20:44:57','2018-02-01 20:44:57'),(3663,1,61,'2018-02-01 20:44:57','2018-02-01 20:44:57'),(3664,1,62,'2018-02-01 20:44:57','2018-02-01 20:44:57'),(3665,1,63,'2018-02-01 20:44:57','2018-02-01 20:44:57'),(3666,1,67,'2018-02-01 20:44:57','2018-02-01 20:44:57'),(3667,1,68,'2018-02-01 20:44:57','2018-02-01 20:44:57'),(3668,1,79,'2018-02-01 20:44:57','2018-02-01 20:44:57'),(3669,1,80,'2018-02-01 20:44:57','2018-02-01 20:44:57'),(3670,1,85,'2018-02-01 20:44:57','2018-02-01 20:44:57'),(3671,1,86,'2018-02-01 20:44:57','2018-02-01 20:44:57'),(3672,1,103,'2018-02-01 20:44:57','2018-02-01 20:44:57'),(3673,1,104,'2018-02-01 20:44:57','2018-02-01 20:44:57'),(3674,1,105,'2018-02-01 20:44:57','2018-02-01 20:44:57'),(3675,1,106,'2018-02-01 20:44:57','2018-02-01 20:44:57'),(3676,1,107,'2018-02-01 20:44:57','2018-02-01 20:44:57'),(3677,1,108,'2018-02-01 20:44:57','2018-02-01 20:44:57'),(3678,1,109,'2018-02-01 20:44:57','2018-02-01 20:44:57'),(3679,1,110,'2018-02-01 20:44:57','2018-02-01 20:44:57'),(3680,1,111,'2018-02-01 20:44:57','2018-02-01 20:44:57'),(3681,1,112,'2018-02-01 20:44:57','2018-02-01 20:44:57'),(3682,1,113,'2018-02-01 20:44:57','2018-02-01 20:44:57'),(3683,1,114,'2018-02-01 20:44:57','2018-02-01 20:44:57'),(3684,1,115,'2018-02-01 20:44:57','2018-02-01 20:44:57'),(3685,1,116,'2018-02-01 20:44:57','2018-02-01 20:44:57'),(3686,1,117,'2018-02-01 20:44:57','2018-02-01 20:44:57'),(3687,1,118,'2018-02-01 20:44:57','2018-02-01 20:44:57'),(3688,1,119,'2018-02-01 20:44:57','2018-02-01 20:44:57'),(3689,1,120,'2018-02-01 20:44:57','2018-02-01 20:44:57'),(3690,1,121,'2018-02-01 20:44:57','2018-02-01 20:44:57'),(3691,1,122,'2018-02-01 20:44:57','2018-02-01 20:44:57'),(3692,1,123,'2018-02-01 20:44:57','2018-02-01 20:44:57'),(3693,1,124,'2018-02-01 20:44:57','2018-02-01 20:44:57'),(3694,1,125,'2018-02-01 20:44:57','2018-02-01 20:44:57'),(3695,1,126,'2018-02-01 20:44:57','2018-02-01 20:44:57'),(3696,1,127,'2018-02-01 20:44:57','2018-02-01 20:44:57'),(3697,1,128,'2018-02-01 20:44:57','2018-02-01 20:44:57'),(3698,1,129,'2018-02-01 20:44:57','2018-02-01 20:44:57'),(3699,1,130,'2018-02-01 20:44:57','2018-02-01 20:44:57'),(3700,1,131,'2018-02-01 20:44:57','2018-02-01 20:44:57'),(3701,1,132,'2018-02-01 20:44:57','2018-02-01 20:44:57'),(3702,1,133,'2018-02-01 20:44:57','2018-02-01 20:44:57'),(3703,1,134,'2018-02-01 20:44:57','2018-02-01 20:44:57'),(3704,1,135,'2018-02-01 20:44:57','2018-02-01 20:44:57'),(3705,1,136,'2018-02-01 20:44:57','2018-02-01 20:44:57'),(3706,1,137,'2018-02-01 20:44:57','2018-02-01 20:44:57'),(3707,1,138,'2018-02-01 20:44:57','2018-02-01 20:44:57'),(3708,1,139,'2018-02-01 20:44:57','2018-02-01 20:44:57'),(3709,1,140,'2018-02-01 20:44:57','2018-02-01 20:44:57'),(3710,1,141,'2018-02-01 20:44:57','2018-02-01 20:44:57'),(3711,1,142,'2018-02-01 20:44:57','2018-02-01 20:44:57'),(3712,1,143,'2018-02-01 20:44:57','2018-02-01 20:44:57'),(3713,1,144,'2018-02-01 20:44:57','2018-02-01 20:44:57'),(3714,1,145,'2018-02-01 20:44:57','2018-02-01 20:44:57'),(3715,1,146,'2018-02-01 20:44:57','2018-02-01 20:44:57'),(3716,1,147,'2018-02-01 20:44:57','2018-02-01 20:44:57'),(3717,1,148,'2018-02-01 20:44:57','2018-02-01 20:44:57'),(3718,1,149,'2018-02-01 20:44:57','2018-02-01 20:44:57'),(3719,1,150,'2018-02-01 20:44:57','2018-02-01 20:44:57');
/*!40000 ALTER TABLE `group_privilege` ENABLE KEYS */;
UNLOCK TABLES;

--
-- Table structure for table `invoice`
--

DROP TABLE IF EXISTS `invoice`;
/*!40101 SET @saved_cs_client     = @@character_set_client */;
/*!40101 SET character_set_client = utf8 */;
CREATE TABLE `invoice` (
  `id` int(11) NOT NULL AUTO_INCREMENT,
  `code` varchar(255) CHARACTER SET utf8 DEFAULT NULL,
  `email` varchar(255) CHARACTER SET utf8 DEFAULT NULL,
  `fullname` varchar(255) CHARACTER SET utf8 DEFAULT NULL,
  `address` varchar(255) CHARACTER SET utf8 DEFAULT NULL,
  `phone` varchar(255) CHARACTER SET utf8 DEFAULT NULL,
  `note` text COLLATE utf8_unicode_ci,
  `quantity` int(11) DEFAULT NULL,
  `total_price` double DEFAULT NULL,
  `status` int(11) DEFAULT NULL,
  `sort_order` int(11) DEFAULT NULL,
  `created_at` datetime DEFAULT NULL,
  `updated_at` datetime DEFAULT NULL,
  PRIMARY KEY (`id`)
) ENGINE=InnoDB DEFAULT CHARSET=utf8 COLLATE=utf8_unicode_ci ROW_FORMAT=COMPACT;
/*!40101 SET character_set_client = @saved_cs_client */;

--
-- Dumping data for table `invoice`
--

LOCK TABLES `invoice` WRITE;
/*!40000 ALTER TABLE `invoice` DISABLE KEYS */;
/*!40000 ALTER TABLE `invoice` ENABLE KEYS */;
UNLOCK TABLES;

--
-- Table structure for table `invoice_detail`
--

DROP TABLE IF EXISTS `invoice_detail`;
/*!40101 SET @saved_cs_client     = @@character_set_client */;
/*!40101 SET character_set_client = utf8 */;
CREATE TABLE `invoice_detail` (
  `id` int(11) NOT NULL AUTO_INCREMENT,
  `invoice_id` int(11) DEFAULT NULL,
  `product_id` int(11) DEFAULT NULL,
  `product_code` varchar(255) CHARACTER SET utf8 DEFAULT NULL,
  `product_name` varchar(255) CHARACTER SET utf8 DEFAULT NULL,
  `product_image` varchar(255) CHARACTER SET utf8 DEFAULT NULL,
  `product_price` decimal(10,2) DEFAULT NULL,
  `product_quantity` int(11) DEFAULT NULL,
  `product_total_price` decimal(10,2) DEFAULT NULL,
  `created_at` datetime DEFAULT NULL,
  `updated_at` datetime DEFAULT NULL,
  PRIMARY KEY (`id`)
) ENGINE=InnoDB DEFAULT CHARSET=utf8 COLLATE=utf8_unicode_ci ROW_FORMAT=COMPACT;
/*!40101 SET character_set_client = @saved_cs_client */;

--
-- Dumping data for table `invoice_detail`
--

LOCK TABLES `invoice_detail` WRITE;
/*!40000 ALTER TABLE `invoice_detail` DISABLE KEYS */;
/*!40000 ALTER TABLE `invoice_detail` ENABLE KEYS */;
UNLOCK TABLES;

--
-- Table structure for table `menu`
--

DROP TABLE IF EXISTS `menu`;
/*!40101 SET @saved_cs_client     = @@character_set_client */;
/*!40101 SET character_set_client = utf8 */;
CREATE TABLE `menu` (
  `id` bigint(20) NOT NULL AUTO_INCREMENT,
  `fullname` varchar(255) COLLATE utf8_unicode_ci DEFAULT NULL,
  `alias` varchar(255) COLLATE utf8_unicode_ci DEFAULT NULL,
  `parent_id` int(11) DEFAULT NULL,
  `menu_type_id` int(11) DEFAULT NULL,
  `level` int(11) DEFAULT NULL,
  `menu_class` varchar(255) COLLATE utf8_unicode_ci DEFAULT NULL,
  `sort_order` int(11) DEFAULT NULL,
  `status` int(1) DEFAULT NULL,
  `created_at` datetime DEFAULT NULL,
  `updated_at` datetime DEFAULT NULL,
  PRIMARY KEY (`id`)
) ENGINE=InnoDB AUTO_INCREMENT=415 DEFAULT CHARSET=utf8 COLLATE=utf8_unicode_ci;
/*!40101 SET character_set_client = @saved_cs_client */;

--
-- Dumping data for table `menu`
--

LOCK TABLES `menu` WRITE;
/*!40000 ALTER TABLE `menu` DISABLE KEYS */;
INSERT INTO `menu` VALUES (57,'Trang chủ','trang-chu',0,5,0,NULL,1,1,'2018-01-10 07:14:21','2018-01-10 07:14:21'),(61,'Liên hệ','lien-he',0,5,0,NULL,3,1,'2018-01-10 07:15:34','2018-03-04 12:48:59'),(340,'Laptop','laptop',0,1,0,'',1,1,'2018-02-26 07:47:48','2018-02-28 02:00:27'),(341,'Máy tính','may-tinh',0,1,0,'',2,1,'2018-02-26 07:47:58','2018-02-28 02:00:31'),(345,'Phụ kiện máy tính','phu-kien-may-tinh',0,1,0,'',6,1,'2018-02-26 07:48:46','2018-02-26 07:48:46'),(346,'Loa âm thanh','loa-am-thanh',0,1,0,'',7,1,'2018-02-26 07:48:59','2018-02-28 04:02:28'),(361,'Laptop','laptop',0,8,0,'',1,1,'2018-02-28 07:00:20','2018-02-28 07:00:20'),(362,'Máy tính','may-tinh',0,8,0,'',2,1,'2018-02-28 07:00:28','2018-02-28 07:00:28'),(366,'Phụ kiện máy tính','phu-kien-may-tinh',0,8,0,'',6,1,'2018-02-28 07:01:08','2018-02-28 07:01:08'),(367,'Loa âm thanh','loa-am-thanh',0,8,0,'',7,1,'2018-02-28 07:01:17','2018-02-28 07:01:17'),(372,'Chính sách giao hàng','chinh-sach-giao-hang',0,9,0,'',1,1,'2018-02-28 07:25:53','2018-02-28 07:25:53'),(373,'Đổi trả bảo hành','doi-tra-bao-hanh',0,9,0,'',2,1,'2018-02-28 07:26:05','2018-02-28 07:26:05'),(374,'Hướng dẫn mua hàng','huong-dan-mua-hang',0,9,0,'',3,1,'2018-02-28 07:26:16','2018-02-28 07:26:16'),(375,'Quy chế hoạt động','quy-che-hoat-dong',0,9,0,'',4,1,'2018-02-28 07:26:27','2018-02-28 07:26:27'),(376,'Giới thiệu','gioi-thieu',0,9,0,'',5,1,'2018-02-28 07:26:39','2018-02-28 07:26:39'),(377,'Liên hệ','lien-he',0,9,0,'',6,1,'2018-02-28 07:26:56','2018-02-28 07:27:00'),(382,'Đời sống số','doi-song-so',0,3,0,'',1,1,'2018-02-28 08:10:40','2018-02-28 08:10:40'),(383,'Sản phẩm','san-pham',0,3,0,'',2,1,'2018-02-28 08:10:48','2018-02-28 08:10:48'),(387,'Kinh nghiệm','kinh-nghiem-laptop',0,3,0,'',5,1,'2018-02-28 08:11:39','2018-02-28 08:11:42'),(388,'Laptop','laptop',0,10,0,'',1,1,'2018-02-28 16:53:11','2018-02-28 16:53:11'),(389,'Máy tính','may-tinh',0,10,0,'',2,1,'2018-02-28 16:53:20','2018-02-28 16:53:20'),(393,'Phụ kiện máy tính','phu-kien-may-tinh',0,10,0,'',6,1,'2018-02-28 16:53:51','2018-02-28 16:53:51'),(394,'Loa âm thanh','loa-am-thanh',0,10,0,'',7,1,'2018-02-28 16:54:01','2018-02-28 16:54:01'),(406,'Sản phẩm','nen-mua-may-tinh-xach-tay-cua-hang-nao',0,5,0,'',2,1,'2018-03-04 12:48:56','2018-03-19 10:34:58'),(407,'Laptop','laptop',406,5,1,'',1,1,'2018-03-04 12:49:11','2018-03-04 12:49:11'),(408,'Máy tính','may-tinh',406,5,1,'',2,1,'2018-03-04 12:49:22','2018-03-04 12:49:22'),(412,'Phụ kiện máy tính','phu-kien-may-tinh',406,5,1,'',6,1,'2018-03-04 12:50:11','2018-03-04 12:50:11'),(413,'Loa âm thanh','loa-am-thanh',406,5,1,'',7,1,'2018-03-04 12:50:22','2018-03-04 12:50:22'),(414,'Tin tức','kinh-nghiem-laptop',0,9,0,'',7,1,'2018-03-19 11:41:25','2018-03-19 11:41:25');
/*!40000 ALTER TABLE `menu` ENABLE KEYS */;
UNLOCK TABLES;

--
-- Table structure for table `menu_type`
--

DROP TABLE IF EXISTS `menu_type`;
/*!40101 SET @saved_cs_client     = @@character_set_client */;
/*!40101 SET character_set_client = utf8 */;
CREATE TABLE `menu_type` (
  `id` int(11) NOT NULL AUTO_INCREMENT,
  `fullname` varchar(255) COLLATE utf8_unicode_ci DEFAULT NULL,
  `theme_location` varchar(255) COLLATE utf8_unicode_ci DEFAULT NULL,
  `status` int(11) DEFAULT NULL,
  `sort_order` int(11) DEFAULT NULL,
  `created_at` datetime DEFAULT NULL,
  `updated_at` datetime DEFAULT NULL,
  PRIMARY KEY (`id`)
) ENGINE=InnoDB AUTO_INCREMENT=11 DEFAULT CHARSET=utf8 COLLATE=utf8_unicode_ci;
/*!40101 SET character_set_client = @saved_cs_client */;

--
-- Dumping data for table `menu_type`
--

LOCK TABLES `menu_type` WRITE;
/*!40000 ALTER TABLE `menu_type` DISABLE KEYS */;
INSERT INTO `menu_type` VALUES (1,'MainMenu','main-menu',1,1,'2017-12-15 03:37:06','2018-02-22 17:15:43'),(3,'Tin tức sự kiện','ttsk',1,3,'2018-01-03 04:22:54','2018-02-28 07:58:31'),(5,'MobileMenu','mobile-menu',1,5,'2018-01-09 19:31:48','2018-01-09 19:31:48'),(8,'Danh mục sản phẩm','danhmucspfooter',1,4,'2018-02-28 06:56:55','2018-02-28 06:59:40'),(9,'Hỗ trợ khách hàng','htkh',1,6,'2018-02-28 07:19:49','2018-02-28 07:25:08'),(10,'Sản phẩm','dmsp-left',1,6,'2018-02-28 16:52:58','2018-02-28 16:52:58');
/*!40000 ALTER TABLE `menu_type` ENABLE KEYS */;
UNLOCK TABLES;

--
-- Table structure for table `migrations`
--

DROP TABLE IF EXISTS `migrations`;
/*!40101 SET @saved_cs_client     = @@character_set_client */;
/*!40101 SET character_set_client = utf8 */;
CREATE TABLE `migrations` (
  `id` int(10) unsigned NOT NULL AUTO_INCREMENT,
  `migration` varchar(255) COLLATE utf8mb4_unicode_ci NOT NULL,
  `batch` int(11) NOT NULL,
  PRIMARY KEY (`id`)
) ENGINE=InnoDB AUTO_INCREMENT=3 DEFAULT CHARSET=utf8mb4 COLLATE=utf8mb4_unicode_ci;
/*!40101 SET character_set_client = @saved_cs_client */;

--
-- Dumping data for table `migrations`
--

LOCK TABLES `migrations` WRITE;
/*!40000 ALTER TABLE `migrations` DISABLE KEYS */;
INSERT INTO `migrations` VALUES (1,'2014_07_02_230147_migration_cartalyst_sentinel',1),(2,'2014_10_12_100000_create_password_resets_table',1);
/*!40000 ALTER TABLE `migrations` ENABLE KEYS */;
UNLOCK TABLES;

--
-- Table structure for table `module_item`
--

DROP TABLE IF EXISTS `module_item`;
/*!40101 SET @saved_cs_client     = @@character_set_client */;
/*!40101 SET character_set_client = utf8 */;
CREATE TABLE `module_item` (
  `id` int(11) NOT NULL AUTO_INCREMENT,
  `fullname` varchar(255) COLLATE utf8_unicode_ci DEFAULT NULL,
  `item_id` text COLLATE utf8_unicode_ci,
  `position` varchar(255) COLLATE utf8_unicode_ci DEFAULT NULL,
  `component` varchar(255) COLLATE utf8_unicode_ci DEFAULT NULL,
  `setting` text COLLATE utf8_unicode_ci,
  `status` int(1) DEFAULT NULL,
  `sort_order` int(11) DEFAULT NULL,
  `created_at` datetime DEFAULT NULL,
  `updated_at` datetime DEFAULT NULL,
  PRIMARY KEY (`id`)
) ENGINE=InnoDB AUTO_INCREMENT=2 DEFAULT CHARSET=utf8 COLLATE=utf8_unicode_ci;
/*!40101 SET character_set_client = @saved_cs_client */;

--
-- Dumping data for table `module_item`
--

LOCK TABLES `module_item` WRITE;
/*!40000 ALTER TABLE `module_item` DISABLE KEYS */;
INSERT INTO `module_item` VALUES (1,'Sản phẩm nổi bật','[{\"id\":23,\"sort_order\":23},{\"id\":24,\"sort_order\":24},{\"id\":25,\"sort_order\":25},{\"id\":26,\"sort_order\":26},{\"id\":27,\"sort_order\":27},{\"id\":28,\"sort_order\":28}]','san-pham-noi-bat','product',NULL,1,1,'2018-03-02 18:37:45','2018-03-02 18:37:45');
/*!40000 ALTER TABLE `module_item` ENABLE KEYS */;
UNLOCK TABLES;

--
-- Table structure for table `organization`
--

DROP TABLE IF EXISTS `organization`;
/*!40101 SET @saved_cs_client     = @@character_set_client */;
/*!40101 SET character_set_client = utf8 */;
CREATE TABLE `organization` (
  `id` bigint(20) NOT NULL,
  `fullname` varchar(255) COLLATE utf8_unicode_ci DEFAULT NULL,
  `alias` varchar(255) COLLATE utf8_unicode_ci DEFAULT NULL,
  `meta_keyword` text COLLATE utf8_unicode_ci,
  `meta_description` text COLLATE utf8_unicode_ci,
  `image` varchar(255) COLLATE utf8_unicode_ci DEFAULT NULL,
  `address` text COLLATE utf8_unicode_ci,
  `phone` varchar(255) COLLATE utf8_unicode_ci DEFAULT NULL,
  `email` varchar(255) COLLATE utf8_unicode_ci DEFAULT NULL,
  `website` varchar(255) COLLATE utf8_unicode_ci DEFAULT NULL,
  `intro` text COLLATE utf8_unicode_ci,
  `content` text COLLATE utf8_unicode_ci,
  `count_view` int(11) DEFAULT NULL,
  `sort_order` int(11) DEFAULT NULL,
  `status` int(11) DEFAULT NULL,
  `created_at` datetime DEFAULT NULL,
  `updated_at` datetime DEFAULT NULL,
  PRIMARY KEY (`id`)
) ENGINE=InnoDB DEFAULT CHARSET=utf8 COLLATE=utf8_unicode_ci;
/*!40101 SET character_set_client = @saved_cs_client */;

--
-- Dumping data for table `organization`
--

LOCK TABLES `organization` WRITE;
/*!40000 ALTER TABLE `organization` DISABLE KEYS */;
/*!40000 ALTER TABLE `organization` ENABLE KEYS */;
UNLOCK TABLES;

--
-- Table structure for table `page`
--

DROP TABLE IF EXISTS `page`;
/*!40101 SET @saved_cs_client     = @@character_set_client */;
/*!40101 SET character_set_client = utf8 */;
CREATE TABLE `page` (
  `id` bigint(20) NOT NULL AUTO_INCREMENT,
  `fullname` varchar(255) COLLATE utf8_unicode_ci DEFAULT NULL,
  `alias` varchar(255) COLLATE utf8_unicode_ci DEFAULT NULL,
  `theme_location` varchar(255) COLLATE utf8_unicode_ci DEFAULT NULL,
  `image` varchar(255) COLLATE utf8_unicode_ci DEFAULT NULL,
  `intro` longtext COLLATE utf8_unicode_ci,
  `content` longtext COLLATE utf8_unicode_ci,
  `description` longtext COLLATE utf8_unicode_ci,
  `meta_keyword` text COLLATE utf8_unicode_ci,
  `meta_description` text COLLATE utf8_unicode_ci,
  `count_view` int(11) DEFAULT NULL,
  `sort_order` int(11) DEFAULT NULL,
  `status` int(11) DEFAULT NULL,
  `created_at` datetime DEFAULT NULL,
  `updated_at` datetime DEFAULT NULL,
  PRIMARY KEY (`id`)
) ENGINE=InnoDB AUTO_INCREMENT=15 DEFAULT CHARSET=utf8 COLLATE=utf8_unicode_ci;
/*!40101 SET character_set_client = @saved_cs_client */;

--
-- Dumping data for table `page`
--

LOCK TABLES `page` WRITE;
/*!40000 ALTER TABLE `page` DISABLE KEYS */;
INSERT INTO `page` VALUES (1,'Công Ty TNHH VIDOCO','cong-ty-tnhh-vidoco','intro-footer',NULL,'','<p>THƯƠNG HIỆU LAPTOP FHP</p>\n\n<p>Điện thoại: 0949.027.720<br />\nEmail: vidoco.vn@gmail.com<br />\nWebsite:http://fhp.com.vn/</p>','','','',NULL,6,1,'2017-12-28 04:10:41','2018-03-20 04:21:40'),(2,'Về chúng tôi','ve-chung-toi','about-us-footer',NULL,'','<p>&quot;GreenEcoLife cam kết tất cả quyền lợi d&agrave;nh cho kh&aacute;ch h&agrave;ng&quot;</p>','','','',NULL,2,1,'2017-12-28 04:54:45','2018-01-14 06:43:47'),(4,'Về Công Ty TNHH GreeneCoLife','ve-cong-ty-tnhh-greenecolife','introduce','conmochieu-10.png','Lorem Ipsum is simply dummy text of the printing and typesetting industry. Lorem Ipsum has been the industry\'s standard dummy text ever since the 1500s, when an unknown printer took a galley of type and scrambled it to make a type specimen book. It has survived not only five centuries, but also the leap into electronic typesetting, remaining essentially unchanged. It was popularised in the 1960s with the release of Letraset sheets containing Lorem Ipsum passages, and more recently with desktop publishing software like Aldus PageMaker including versions of Lorem Ipsum.\n\nWhy do we use it?\nIt is a long established fact that a reader will be distracted by the readable content of a page when looking at its layout. The point of using Lorem Ipsum is that it has a more-or-less normal distribution of letters, as opposed to using \'Content here, content here\', making it look like readable English. Many desktop publishing packages and web page editors now use Lorem Ipsum as their default model text, and a search for \'lorem ipsum\' will uncover many web sites still in their infancy. Various versions have evolved over the years, sometimes by accident, sometimes on purpose (injected humour and the like).','<p style=\"text-align:justify\"><span style=\"font-size:24px\"><strong>GỖ NHẬP KHẨU: GỖ SỒI, GỖ &Oacute;C CH&Oacute;, GỖ TẦN B&Igrave;</strong></span></p>\n\n<p style=\"text-align:justify\"><span style=\"font-size:18px\"><em>Giới thiệu chung:</em></span></p>\n\n<p style=\"text-align:justify\">C&ocirc;ng ty tnhh GreenEcoLife (GEL), l&agrave; nh&agrave; nhập khẩu v&agrave; ph&acirc;n phối gỗ nguy&ecirc;n liệu Mỹ: gỗ &oacute;c ch&oacute;, gỗ sồi, gỗ tần b&igrave;, v&aacute;n s&agrave;n, &hellip;</p>\n\n<p style=\"text-align:justify\">Năm 2012, với nhu cầu cần rất nhiều về nguồn gỗ nguy&ecirc;n liệu chất lượng cho lĩnh vực sản xuất nội thất gỗ cao cấp của Việt Nam. GreenEcoLife Việt Nam ra đời từ đ&oacute;.</p>\n\n<p style=\"text-align:justify\">Hiện n&agrave;y, C&ocirc;ng ty tnhh GreenEcoLife (GEL) l&agrave; một trong c&aacute;c nh&agrave; nhập khẩu v&agrave; cung cấp gỗ nguy&ecirc;n liệu h&agrave;ng đầu tại khu vực miền Nam về: gỗ sồi, gỗ &oacute;c ch&oacute;, gỗ tần b&igrave;, &hellip;</p>\n\n<p style=\"text-align:justify\"><span style=\"font-size:18px\"><em>C&aacute;c sản phẩm gỗ nhập khẩu GreenEcoLife Việt Nam:</em></span></p>\n\n<p style=\"text-align:center\"><img alt=\"\" src=\"/upload/gioi-thieu-go-soi-trang-.jpg\" /></p>\n\n<p style=\"text-align:center\"><em>H&igrave;nh ảnh : Gỗ sồi trắng</em></p>\n\n<p style=\"text-align:center\">&nbsp;</p>\n\n<p style=\"text-align:center\"><img alt=\"\" src=\"/upload/gioi-thieu-go-oc-cho.jpg\" /></p>\n\n<p style=\"text-align:center\"><em>H&igrave;nh ảnh : Gỗ &oacute;c ch&oacute;</em></p>\n\n<p style=\"text-align:center\">&nbsp;</p>\n\n<p style=\"text-align:center\"><img alt=\"\" src=\"/upload/gioi-thieu-go-tan-bi.jpg\" /></p>\n\n<p style=\"text-align:center\"><em>H&igrave;nh ảnh : Gỗ tần b&igrave;</em></p>\n\n<p style=\"text-align:center\">&nbsp;</p>\n\n<p>C&aacute;c đối t&aacute;c v&agrave; kh&aacute;ch h&agrave;ng của C&ocirc;ng ty tnhh GreenEcoLife (GEL) chủ yếu l&agrave;: c&ocirc;ng ty thương mại, xưởng sản xuất, nội thất, c&ocirc;ng ty thiết kế x&acirc;y dựng, &hellip;.</p>\n\n<p>Hiện nay, với nguồn gỗ tự nhi&ecirc;n ng&agrave;y c&agrave;ng khan hiếm, gi&aacute; gỗ nguy&ecirc;n liệu tự nhi&ecirc;n ng&agrave;y c&agrave;ng bị đẩy l&ecirc;n cao, c&ugrave;ng với rất nhiều c&aacute;c c&ocirc;ng ty nhập khẩu gỗ h&igrave;nh th&agrave;nh tr&ecirc;n thị trường, chất lượng gỗ cũng kh&aacute;c nhau, &nbsp;th&igrave; Greenecolife Việt Nam sẽ l&agrave; sự lựa chọn ho&agrave;n hảo về cung cấp gỗ nguy&ecirc;n liệu d&agrave;nh cho qu&yacute; xưởng sản xuất gỗ, qu&yacute; c&ocirc;ng ty thiết kế nội thất với chất lượng gỗ nguy&ecirc;n liệu tốt v&agrave; gi&aacute; cả phải chăng.</p>','','metakeyword giới thiệu','metadescription giới thiệu',234,5,0,'2018-01-03 10:35:10','2018-03-21 03:07:25'),(5,'Thông tin liên hệ','thong-tin-lien-he','thong-tin-lien-he-widget',NULL,'','<h2><span style=\"color:#2980b9\"><strong>C&Ocirc;NG TY TNHH GREENECOLIFE</strong></span></h2>\n\n<p><em><strong>Vp Giao dịch:</strong></em> 27/13/8 Đường số 27, P.Hiệp B&igrave;nh Ch&aacute;nh, Q.Thủ Đức</p>\n\n<p><em><strong>Điện thoại:</strong></em> 0902.90.74.75</p>\n\n<p><em><strong>Email:</strong></em> gellumber@gmail.com</p>\n\n<p><em><strong>Website:</strong></em> http://greenecolife.vn</p>','','','',NULL,1,0,'2018-01-14 16:13:12','2018-03-21 03:09:28'),(6,'Fanpage','fanpage','fanpage-footer',NULL,'<div class=\"fb-page\" data-href=\"https://www.facebook.com/dcmobilecomputer/\" data-tabs=\"timeline\" data-width=\"250\" data-height=\"200\" data-small-header=\"true\" data-adapt-container-width=\"true\" data-hide-cover=\"false\" data-show-facepile=\"true\"><blockquote cite=\"https://www.facebook.com/dcmobilecomputer/\" class=\"fb-xfbml-parse-ignore\"><a href=\"https://www.facebook.com/gonguyenlieumy/\">Công ty tnhh Greenecolife</a></blockquote></div>','','','','',NULL,7,1,'2018-01-19 02:31:15','2018-03-21 03:07:54'),(7,'Tầm nhìn','tam-nhin','tam-nhin-home-content','conmochieu-1.png','Trở thành công ty đứng đầu về hệ thống phân phối rộng khắp Việt Nam trong những năm đầu tiên.\nTầm nhìn đến 2030: \"Trở thành 1 trong 10 công ty phát triển Bất động sản tốt nhất Đông Nam Á”','<p style=\"text-align:justify\">Lorem Ipsum is simply dummy text of the printing and typesetting industry. Lorem Ipsum has been the industry&#39;s standard dummy text ever since the 1500s, when an unknown printer took a galley of type and scrambled it to make a type specimen book. It has survived not only five centuries, but also the leap into electronic typesetting, remaining essentially unchanged. It was popularised in the 1960s with the release of Letraset sheets containing Lorem Ipsum passages, and more recently with desktop publishing software like Aldus PageMaker including versions of Lorem Ipsum.</p>','','','',31,1,1,'2018-01-19 09:04:27','2018-01-22 10:25:53'),(8,'Sứ mệnh','su-menh','su-menh-hand-content','conmochieu-2.png','Cung cấp sản phẩm và dịch vụ ưu việt, nâng cao giá trị , chất lượng cuộc sống','<p style=\"text-align:justify\">It is a long established fact that a reader will be distracted by the readable content of a page when looking at its layout. The point of using Lorem Ipsum is that it has a more-or-less normal distribution of letters, as opposed to using &#39;Content here, content here&#39;, making it look like readable English. Many desktop publishing packages and web page editors now use Lorem Ipsum as their default model text, and a search for &#39;lorem ipsum&#39; will uncover many web sites still in their infancy. Various versions have evolved over the years, sometimes by accident, sometimes on purpose (injected humour and the like).</p>','','','',10,1,1,'2018-01-19 09:04:52','2018-01-22 08:56:14'),(9,'Giá trị cốt lõi','gia-tri-cot-loi','gia-tri-cot-loi-hand-content','conmochieu-3.png','Khát vọng - Chính trực - Chuyên nghiệp - Nhân văn\nVới nhiều năm kinh nghiệm hoạt động trong lĩnh vực bất động sản và đội ngũ nhân viên chuyên nghiệp, nhiệt tình, có trình độ cao, luôn lấy chữ tín làm trọng.','<p style=\"text-align:justify\">Contrary to popular belief, Lorem Ipsum is not simply random text. It has roots in a piece of classical Latin literature from 45 BC, making it over 2000 years old. Richard McClintock, a Latin professor at Hampden-Sydney College in Virginia, looked up one of the more obscure Latin words, consectetur, from a Lorem Ipsum passage, and going through the cites of the word in classical literature, discovered the undoubtable source. Lorem Ipsum comes from sections 1.10.32 and 1.10.33 of &quot;de Finibus Bonorum et Malorum&quot; (The Extremes of Good and Evil) by Cicero, written in 45 BC. This book is a treatise on the theory of ethics, very popular during the Renaissance. The first line of Lorem Ipsum, &quot;Lorem ipsum dolor sit amet..&quot;, comes from a line in section 1.10.32.</p>','','','',6,1,1,'2018-01-19 09:05:26','2018-01-22 08:56:16'),(10,'Triết lý kinh doanh','triet-ly-kinh-doanh','triet-ly-kinh-doanh-hand-content','conmochieu-4.png','Đối tác, khách hàng là giá trị cơ bản của bất kỳ doanh nghiệp nào, là lý do duy nhất để doanh nghiệp tồn tại và phát triển. Chính sách “khách hàng là trung tâm” chỉ lối cho mọi hoạt động của công ty.','<p style=\"text-align:justify\">There are many variations of passages of Lorem Ipsum available, but the majority have suffered alteration in some form, by injected humour, or randomised words which don&#39;t look even slightly believable. If you are going to use a passage of Lorem Ipsum, you need to be sure there isn&#39;t anything embarrassing hidden in the middle of text. All the Lorem Ipsum generators on the Internet tend to repeat predefined chunks as necessary, making this the first true generator on the Internet. It uses a dictionary of over 200 Latin words, combined with a handful of model sentence structures, to generate Lorem Ipsum which looks reasonable. The generated Lorem Ipsum is therefore always free from repetition, injected humour, or non-characteristic words etc.</p>','','','',5,1,1,'2018-01-19 09:05:56','2018-01-22 08:56:18'),(11,'Quản lý bất động sản','quan-ly-bat-dong-san','service-left','conmochieu-6.png','Lorem Ipsum is simply dummy text of the printing and typesetting industry. Lorem Ipsum has been the industry\'s standard dummy text ever since the 1500s, when an unknown printer took a galley of type and scrambled it to make a type specimen book. It has survived not only five centuries, but also the leap into electronic typesetting, remaining essentially unchanged. It was popularised in the 1960s with the release of Letraset sheets containing Lorem Ipsum passages, and more recently with desktop publishing software like Aldus PageMaker including versions of Lorem Ipsum.','<p style=\"text-align:justify\">Contrary to popular belief, Lorem Ipsum is not simply random text. It has roots in a piece of classical Latin literature from 45 BC, making it over 2000 years old. Richard McClintock, a Latin professor at Hampden-Sydney College in Virginia, looked up one of the more obscure Latin words, consectetur, from a Lorem Ipsum passage, and going through the cites of the word in classical literature, discovered the undoubtable source. Lorem Ipsum comes from sections 1.10.32 and 1.10.33 of &quot;de Finibus Bonorum et Malorum&quot; (The Extremes of Good and Evil) by Cicero, written in 45 BC. This book is a treatise on the theory of ethics, very popular during the Renaissance. The first line of Lorem Ipsum, &quot;Lorem ipsum dolor sit amet..&quot;, comes from a line in section 1.10.32.</p>','','','',25,1,1,'2018-01-19 16:08:40','2018-01-23 02:08:00'),(12,'Cho thuê căn hộ','cho-thue-can-ho','service-center','conmochieu-5.png','It is a long established fact that a reader will be distracted by the readable content of a page when looking at its layout. The point of using Lorem Ipsum is that it has a more-or-less normal distribution of letters, as opposed to using \'Content here, content here\', making it look like readable English. Many desktop publishing packages and web page editors now use Lorem Ipsum as their default model text, and a search for \'lorem ipsum\' will uncover many web sites still in their infancy. Various versions have evolved over the years, sometimes by accident, sometimes on purpose (injected humour and the like).','<p style=\"text-align:justify\">There are many variations of passages of Lorem Ipsum available, but the majority have suffered alteration in some form, by injected humour, or randomised words which don&#39;t look even slightly believable. If you are going to use a passage of Lorem Ipsum, you need to be sure there isn&#39;t anything embarrassing hidden in the middle of text. All the Lorem Ipsum generators on the Internet tend to repeat predefined chunks as necessary, making this the first true generator on the Internet. It uses a dictionary of over 200 Latin words, combined with a handful of model sentence structures, to generate Lorem Ipsum which looks reasonable. The generated Lorem Ipsum is therefore always free from repetition, injected humour, or non-characteristic words etc.</p>','','','',9,1,1,'2018-01-19 16:09:30','2018-01-22 08:56:23'),(13,'Bán bất động sản','ban-bat-dong-san','service-right','conmochieu-4.png','Cras et fringilla neque. Donec vulputate ornare placerat. Proin elit eros, egestas vitae mauris in, mattis tincidunt ipsum. Phasellus sodales, erat sit amet porta pretium, ligula dui convallis leo, semper varius est ipsum semper turpis. Sed id velit tellus. Sed eu metus interdum, fringilla lacus ac, finibus dolor. Maecenas tempus dolor vel tortor accumsan feugiat. Proin in tellus tristique, dignissim nunc vel, gravida mauris. In sed augue viverra, aliquet quam sit amet, fringilla risus. Pellentesque habitant morbi tristique senectus et netus et malesuada fames ac turpis egestas. Nulla lobortis, ex nec pulvinar cursus, risus turpis ornare tellus, a facilisis augue enim sed tellus. Quisque lacinia vel dolor ac porta. Praesent hendrerit dictum velit, sodales sagittis leo interdum quis.','<p style=\"text-align:justify\">Aliquam cursus elit ut commodo tristique. Curabitur at elit scelerisque, consequat dolor vel, egestas ipsum. Sed auctor venenatis quam a ultricies. Quisque vehicula gravida tristique. Maecenas interdum, mi vel pellentesque laoreet, nisl diam sollicitudin urna, ac dictum erat purus sit amet purus. In facilisis consectetur rutrum. Curabitur vitae est a libero volutpat tristique eget a erat. Vivamus in eros dignissim erat congue maximus. Etiam euismod nec metus nec volutpat. Morbi et scelerisque orci. Donec nisl justo, varius sit amet pharetra quis, lacinia in lacus. Nulla cursus vulputate urna vitae mattis. Proin ultrices dignissim felis, eu viverra massa viverra ut. Praesent eu euismod mauris. Pellentesque in lobortis felis, vel egestas erat. Interdum et malesuada fames ac ante ipsum primis in faucibus.</p>\n\n<p style=\"text-align:justify\">Integer elementum, tortor quis egestas rutrum, libero arcu egestas orci, dapibus ornare enim risus sed ex. Aliquam congue laoreet nunc eu varius. Duis ullamcorper urna ac nunc sagittis mattis. Vestibulum ante ipsum primis in faucibus orci luctus et ultrices posuere cubilia Curae; Mauris in nibh non ligula rutrum ultrices at in velit. Nullam tempus dui et eros vestibulum, vitae rhoncus risus facilisis. In eu iaculis mi, id convallis enim. Etiam dignissim lacus elit, eget efficitur dolor auctor ac. Aenean condimentum congue iaculis. Curabitur eget ex tincidunt, scelerisque diam sed, fermentum ligula. Nullam imperdiet, risus elementum malesuada sagittis, massa odio congue eros, vitae interdum nisi dolor ut orci.</p>','','','',9,1,1,'2018-01-19 16:10:20','2018-01-22 08:56:24'),(14,'Call us free','call-us-free','top-info',NULL,'','<p style=\"text-align:center\">Call us free on 0800 255 0498</p>\n\n<p style=\"text-align:center\">or 0161 85 00 88 4</p>\n\n<p style=\"text-align:center\">Monday to Friday 8.30am to 5.30pm</p>','','','',NULL,1,1,'2018-01-25 03:04:04','2018-01-25 03:04:04');
/*!40000 ALTER TABLE `page` ENABLE KEYS */;
UNLOCK TABLES;

--
-- Table structure for table `password_resets`
--

DROP TABLE IF EXISTS `password_resets`;
/*!40101 SET @saved_cs_client     = @@character_set_client */;
/*!40101 SET character_set_client = utf8 */;
CREATE TABLE `password_resets` (
  `email` varchar(191) COLLATE utf8mb4_unicode_ci NOT NULL,
  `token` varchar(191) COLLATE utf8mb4_unicode_ci NOT NULL,
  `created_at` timestamp NULL DEFAULT NULL
) ENGINE=InnoDB DEFAULT CHARSET=utf8mb4 COLLATE=utf8mb4_unicode_ci;
/*!40101 SET character_set_client = @saved_cs_client */;

--
-- Dumping data for table `password_resets`
--

LOCK TABLES `password_resets` WRITE;
/*!40000 ALTER TABLE `password_resets` DISABLE KEYS */;
/*!40000 ALTER TABLE `password_resets` ENABLE KEYS */;
UNLOCK TABLES;

--
-- Table structure for table `payment_method`
--

DROP TABLE IF EXISTS `payment_method`;
/*!40101 SET @saved_cs_client     = @@character_set_client */;
/*!40101 SET character_set_client = utf8 */;
CREATE TABLE `payment_method` (
  `id` int(11) NOT NULL AUTO_INCREMENT,
  `fullname` varchar(255) DEFAULT NULL,
  `alias` varchar(255) DEFAULT NULL,
  `content` text,
  `sort_order` int(11) DEFAULT NULL,
  `status` int(11) DEFAULT NULL,
  `created_at` datetime DEFAULT NULL,
  `updated_at` datetime DEFAULT NULL,
  PRIMARY KEY (`id`)
) ENGINE=InnoDB AUTO_INCREMENT=8 DEFAULT CHARSET=utf8;
/*!40101 SET character_set_client = @saved_cs_client */;

--
-- Dumping data for table `payment_method`
--

LOCK TABLES `payment_method` WRITE;
/*!40000 ALTER TABLE `payment_method` DISABLE KEYS */;
INSERT INTO `payment_method` VALUES (1,'Thanh toán bằng Ví điện tử NgânLượng','NL','<p style=\"text-align:justify\">Thanh toán trực tuyến AN TOÀN và ĐƯỢC BẢO VỆ, sử dụng thẻ ngân hàng trong và ngoài nước hoặc nhiều hình thức tiện lợi khác. Được bảo hộ & cấp phép bởi NGÂN HÀNG NHÀ NƯỚC, ví điện tử duy nhất được cộng đồng ƯA THÍCH NHẤT 2 năm liên tiếp, Bộ Thông tin Truyền thông trao giải thưởng Sao Khuê<br />\nGiao dịch. Đăng ký ví NgânLượng.vn miễn phí <a href=\"https://www.nganluong.vn/?portal=nganluong&page=user_register\"><span style=\"color:#2980b9\">tại đây</span></a></p>',1,1,'2018-01-07 17:25:13','2018-02-06 10:46:40'),(2,'Thanh toán online bằng thẻ ngân hàng nội địa','ATM_ONLINE','<p><i>\n				<span style=\"color:#ff5a00;font-weight:bold;text-decoration:underline;\">Lưu ý</span>: Bạn cần đăng ký Internet-Banking hoặc dịch vụ thanh toán trực tuyến tại ngân hàng trước khi thực hiện.</i></p>\n							\n						<ul class=\"cardList clearfix\">\n						<li class=\"bank-online-methods \">\n							<label for=\"vcb_ck_on\">\n								<i class=\"BIDV\" title=\"Ngân hàng TMCP Đầu tư &amp; Phát triển Việt Nam\"></i>\n								<input type=\"radio\" value=\"BIDV\" name=\"bankcode\">\n							\n						</label></li>\n						<li class=\"bank-online-methods \">\n							<label for=\"vcb_ck_on\">\n								<i class=\"VCB\" title=\"Ngân hàng TMCP Ngoại Thương Việt Nam\"></i>\n								<input type=\"radio\" value=\"VCB\" name=\"bankcode\">\n							\n						</label></li>\n\n						<li class=\"bank-online-methods \">\n							<label for=\"vnbc_ck_on\">\n								<i class=\"DAB\" title=\"Ngân hàng Đông Á\"></i>\n								<input type=\"radio\" value=\"DAB\" name=\"bankcode\">\n							\n						</label></li>\n\n						<li class=\"bank-online-methods \">\n							<label for=\"tcb_ck_on\">\n								<i class=\"TCB\" title=\"Ngân hàng Kỹ Thương\"></i>\n								<input type=\"radio\" value=\"TCB\" name=\"bankcode\">\n							\n						</label></li>\n\n						<li class=\"bank-online-methods \">\n							<label for=\"sml_atm_mb_ck_on\">\n								<i class=\"MB\" title=\"Ngân hàng Quân Đội\"></i>\n								<input type=\"radio\" value=\"MB\" name=\"bankcode\">\n							\n						</label></li>\n\n						<li class=\"bank-online-methods \">\n							<label for=\"sml_atm_vib_ck_on\">\n								<i class=\"VIB\" title=\"Ngân hàng Quốc tế\"></i>\n								<input type=\"radio\" value=\"VIB\" name=\"bankcode\">\n							\n						</label></li>\n\n						<li class=\"bank-online-methods \">\n							<label for=\"sml_atm_vtb_ck_on\">\n								<i class=\"ICB\" title=\"Ngân hàng Công Thương Việt Nam\"></i>\n								<input type=\"radio\" value=\"ICB\" name=\"bankcode\">\n							\n						</label></li>\n\n						<li class=\"bank-online-methods \">\n							<label for=\"sml_atm_exb_ck_on\">\n								<i class=\"EXB\" title=\"Ngân hàng Xuất Nhập Khẩu\"></i>\n								<input type=\"radio\" value=\"EXB\" name=\"bankcode\">\n							\n						</label></li>\n\n						<li class=\"bank-online-methods \">\n							<label for=\"sml_atm_acb_ck_on\">\n								<i class=\"ACB\" title=\"Ngân hàng Á Châu\"></i>\n								<input type=\"radio\" value=\"ACB\" name=\"bankcode\">\n							\n						</label></li>\n\n						<li class=\"bank-online-methods \">\n							<label for=\"sml_atm_hdb_ck_on\">\n								<i class=\"HDB\" title=\"Ngân hàng Phát triển Nhà TPHCM\"></i>\n								<input type=\"radio\" value=\"HDB\" name=\"bankcode\">\n							\n						</label></li>\n\n						<li class=\"bank-online-methods \">\n							<label for=\"sml_atm_msb_ck_on\">\n								<i class=\"MSB\" title=\"Ngân hàng Hàng Hải\"></i>\n								<input type=\"radio\" value=\"MSB\" name=\"bankcode\">\n							\n						</label></li>\n\n						<li class=\"bank-online-methods \">\n							<label for=\"sml_atm_nvb_ck_on\">\n								<i class=\"NVB\" title=\"Ngân hàng Nam Việt\"></i>\n								<input type=\"radio\" value=\"NVB\" name=\"bankcode\">\n							\n						</label></li>\n\n						<li class=\"bank-online-methods \">\n							<label for=\"sml_atm_vab_ck_on\">\n								<i class=\"VAB\" title=\"Ngân hàng Việt Á\"></i>\n								<input type=\"radio\" value=\"VAB\" name=\"bankcode\">\n							\n						</label></li>\n\n						<li class=\"bank-online-methods \">\n							<label for=\"sml_atm_vpb_ck_on\">\n								<i class=\"VPB\" title=\"Ngân Hàng Việt Nam Thịnh Vượng\"></i>\n								<input type=\"radio\" value=\"VPB\" name=\"bankcode\">\n							\n						</label></li>\n\n						<li class=\"bank-online-methods \">\n							<label for=\"sml_atm_scb_ck_on\">\n								<i class=\"SCB\" title=\"Ngân hàng Sài Gòn Thương tín\"></i>\n								<input type=\"radio\" value=\"SCB\" name=\"bankcode\">\n							\n						</label></li>\n\n						\n\n						<li class=\"bank-online-methods \">\n							<label for=\"bnt_atm_pgb_ck_on\">\n								<i class=\"PGB\" title=\"Ngân hàng Xăng dầu Petrolimex\"></i>\n								<input type=\"radio\" value=\"PGB\" name=\"bankcode\">\n							\n						</label></li>\n\n						<li class=\"bank-online-methods \">\n							<label for=\"bnt_atm_gpb_ck_on\">\n								<i class=\"GPB\" title=\"Ngân hàng TMCP Dầu khí Toàn Cầu\"></i>\n								<input type=\"radio\" value=\"GPB\" name=\"bankcode\">\n							\n						</label></li>\n\n						<li class=\"bank-online-methods \">\n							<label for=\"bnt_atm_agb_ck_on\">\n								<i class=\"AGB\" title=\"Ngân hàng Nông nghiệp &amp; Phát triển nông thôn\"></i>\n								<input type=\"radio\" value=\"AGB\" name=\"bankcode\">\n							\n						</label></li>\n\n						<li class=\"bank-online-methods \">\n							<label for=\"bnt_atm_sgb_ck_on\">\n								<i class=\"SGB\" title=\"Ngân hàng Sài Gòn Công Thương\"></i>\n								<input type=\"radio\" value=\"SGB\" name=\"bankcode\">\n							\n						</label></li>	\n						<li class=\"bank-online-methods \">\n							<label for=\"sml_atm_bab_ck_on\">\n								<i class=\"BAB\" title=\"Ngân hàng Bắc Á\"></i>\n								<input type=\"radio\" value=\"BAB\" name=\"bankcode\">\n							\n						</label></li>\n						<li class=\"bank-online-methods \">\n							<label for=\"sml_atm_bab_ck_on\">\n								<i class=\"TPB\" title=\"Tền phong bank\"></i>\n								<input type=\"radio\" value=\"TPB\" name=\"bankcode\">\n							\n						</label></li>\n						<li class=\"bank-online-methods \">\n							<label for=\"sml_atm_bab_ck_on\">\n								<i class=\"NAB\" title=\"Ngân hàng Nam Á\"></i>\n								<input type=\"radio\" value=\"NAB\" name=\"bankcode\">\n							\n						</label></li>\n						<li class=\"bank-online-methods \">\n							<label for=\"sml_atm_bab_ck_on\">\n								<i class=\"SHB\" title=\"Ngân hàng TMCP Sài Gòn - Hà Nội (SHB)\"></i>\n								<input type=\"radio\" value=\"SHB\" name=\"bankcode\">\n							\n						</label></li>\n						<li class=\"bank-online-methods \">\n							<label for=\"sml_atm_bab_ck_on\">\n								<i class=\"OJB\" title=\"Ngân hàng TMCP Đại Dương (OceanBank)\"></i>\n								<input type=\"radio\" value=\"OJB\" name=\"bankcode\">\n							\n						</label></li>\n						\n\n\n\n						\n					</ul>',2,1,'2018-01-07 17:25:25','2018-02-08 02:57:55'),(3,'Thanh toán bằng IB','IB_ONLINE','<p><i>\n						<span style=\"color:#ff5a00;font-weight:bold;text-decoration:underline;\">Lưu ý</span>: Bạn cần đăng ký Internet-Banking hoặc dịch vụ thanh toán trực tuyến tại ngân hàng trước khi thực hiện.</i></p>\n\n				<ul class=\"cardList clearfix\">\n					<li class=\"bank-online-methods \">\n						<label for=\"vcb_ck_on\">\n							<i class=\"BIDV\" title=\"Ngân hàng TMCP Đầu tư &amp; Phát triển Việt Nam\"></i>\n							<input type=\"radio\" value=\"BIDV\" name=\"bankcode\">\n\n						</label></li>\n					<li class=\"bank-online-methods \">\n						<label for=\"vcb_ck_on\">\n							<i class=\"VCB\" title=\"Ngân hàng TMCP Ngoại Thương Việt Nam\"></i>\n							<input type=\"radio\" value=\"VCB\" name=\"bankcode\">\n\n						</label></li>\n\n					<li class=\"bank-online-methods \">\n						<label for=\"vnbc_ck_on\">\n							<i class=\"DAB\" title=\"Ngân hàng Đông Á\"></i>\n							<input type=\"radio\" value=\"DAB\" name=\"bankcode\">\n\n						</label></li>\n\n					<li class=\"bank-online-methods \">\n						<label for=\"tcb_ck_on\">\n							<i class=\"TCB\" title=\"Ngân hàng Kỹ Thương\"></i>\n							<input type=\"radio\" value=\"TCB\" name=\"bankcode\">\n\n						</label></li>\n\n\n				</ul>',3,1,'2018-02-05 11:55:58','2018-02-08 02:58:59'),(4,'Thanh toán atm offline','ATM_OFFLINE','<ul class=\"cardList clearfix\">\n					<li class=\"bank-online-methods \">\n						<label for=\"vcb_ck_on\">\n							<i class=\"BIDV\" title=\"Ngân hàng TMCP Đầu tư &amp; Phát triển Việt Nam\"></i>\n							<input type=\"radio\" value=\"BIDV\" name=\"bankcode\">\n\n						</label></li>\n						\n					<li class=\"bank-online-methods \">\n						<label for=\"vcb_ck_on\">\n							<i class=\"VCB\" title=\"Ngân hàng TMCP Ngoại Thương Việt Nam\"></i>\n							<input type=\"radio\" value=\"VCB\" name=\"bankcode\">\n\n						</label></li>\n\n					<li class=\"bank-online-methods \">\n						<label for=\"vnbc_ck_on\">\n							<i class=\"DAB\" title=\"Ngân hàng Đông Á\"></i>\n							<input type=\"radio\" value=\"DAB\" name=\"bankcode\">\n\n						</label></li>\n\n					<li class=\"bank-online-methods \">\n						<label for=\"tcb_ck_on\">\n							<i class=\"TCB\" title=\"Ngân hàng Kỹ Thương\"></i>\n							<input type=\"radio\" value=\"TCB\" name=\"bankcode\">\n\n						</label></li>\n\n					<li class=\"bank-online-methods \">\n						<label for=\"sml_atm_mb_ck_on\">\n							<i class=\"MB\" title=\"Ngân hàng Quân Đội\"></i>\n							<input type=\"radio\" value=\"MB\" name=\"bankcode\">\n\n						</label></li>\n\n					<li class=\"bank-online-methods \">\n						<label for=\"sml_atm_vtb_ck_on\">\n							<i class=\"ICB\" title=\"Ngân hàng Công Thương Việt Nam\"></i>\n							<input type=\"radio\" value=\"ICB\" name=\"bankcode\">\n\n						</label></li>\n\n					<li class=\"bank-online-methods \">\n						<label for=\"sml_atm_acb_ck_on\">\n							<i class=\"ACB\" title=\"Ngân hàng Á Châu\"></i>\n							<input type=\"radio\" value=\"ACB\" name=\"bankcode\">\n\n						</label></li>\n\n					<li class=\"bank-online-methods \">\n						<label for=\"sml_atm_msb_ck_on\">\n							<i class=\"MSB\" title=\"Ngân hàng Hàng Hải\"></i>\n							<input type=\"radio\" value=\"MSB\" name=\"bankcode\">\n\n						</label></li>\n\n					<li class=\"bank-online-methods \">\n						<label for=\"sml_atm_scb_ck_on\">\n							<i class=\"SCB\" title=\"Ngân hàng Sài Gòn Thương tín\"></i>\n							<input type=\"radio\" value=\"SCB\" name=\"bankcode\">\n\n						</label></li>\n					<li class=\"bank-online-methods \">\n						<label for=\"bnt_atm_pgb_ck_on\">\n							<i class=\"PGB\" title=\"Ngân hàng Xăng dầu Petrolimex\"></i>\n							<input type=\"radio\" value=\"PGB\" name=\"bankcode\">\n\n						</label></li>\n					\n					 <li class=\"bank-online-methods \">\n						<label for=\"bnt_atm_agb_ck_on\">\n							<i class=\"AGB\" title=\"Ngân hàng Nông nghiệp &amp; Phát triển nông thôn\"></i>\n							<input type=\"radio\" value=\"AGB\" name=\"bankcode\">\n\n						</label></li>\n					<li class=\"bank-online-methods \">\n						<label for=\"sml_atm_bab_ck_on\">\n							<i class=\"SHB\" title=\"Ngân hàng TMCP Sài Gòn - Hà Nội (SHB)\"></i>\n							<input type=\"radio\" value=\"SHB\" name=\"bankcode\">\n\n						</label></li>\n					\n\n\n\n				</ul>',4,1,'2018-02-06 10:09:38','2018-02-08 03:00:18'),(5,'Thanh toán tại văn phòng ngân hàng','NH_OFFLINE','<ul class=\"cardList clearfix\">\n					<li class=\"bank-online-methods \">\n						<label for=\"vcb_ck_on\">\n							<i class=\"BIDV\" title=\"Ngân hàng TMCP Đầu tư &amp; Phát triển Việt Nam\"></i>\n							<input type=\"radio\" value=\"BIDV\" name=\"bankcode\">\n\n						</label></li>\n					<li class=\"bank-online-methods \">\n						<label for=\"vcb_ck_on\">\n							<i class=\"VCB\" title=\"Ngân hàng TMCP Ngoại Thương Việt Nam\"></i>\n							<input type=\"radio\" value=\"VCB\" name=\"bankcode\">\n\n						</label></li>\n\n					<li class=\"bank-online-methods \">\n						<label for=\"vnbc_ck_on\">\n							<i class=\"DAB\" title=\"Ngân hàng Đông Á\"></i>\n							<input type=\"radio\" value=\"DAB\" name=\"bankcode\">\n\n						</label></li>\n\n					<li class=\"bank-online-methods \">\n						<label for=\"tcb_ck_on\">\n							<i class=\"TCB\" title=\"Ngân hàng Kỹ Thương\"></i>\n							<input type=\"radio\" value=\"TCB\" name=\"bankcode\">\n\n						</label></li>\n\n					<li class=\"bank-online-methods \">\n						<label for=\"sml_atm_mb_ck_on\">\n							<i class=\"MB\" title=\"Ngân hàng Quân Đội\"></i>\n							<input type=\"radio\" value=\"MB\" name=\"bankcode\">\n\n						</label></li>\n\n					<li class=\"bank-online-methods \">\n						<label for=\"sml_atm_vib_ck_on\">\n							<i class=\"VIB\" title=\"Ngân hàng Quốc tế\"></i>\n							<input type=\"radio\" value=\"VIB\" name=\"bankcode\">\n\n						</label></li>\n\n					<li class=\"bank-online-methods \">\n						<label for=\"sml_atm_vtb_ck_on\">\n							<i class=\"ICB\" title=\"Ngân hàng Công Thương Việt Nam\"></i>\n							<input type=\"radio\" value=\"ICB\" name=\"bankcode\">\n\n						</label></li>\n\n					<li class=\"bank-online-methods \">\n						<label for=\"sml_atm_acb_ck_on\">\n							<i class=\"ACB\" title=\"Ngân hàng Á Châu\"></i>\n							<input type=\"radio\" value=\"ACB\" name=\"bankcode\">\n\n						</label></li>\n\n					<li class=\"bank-online-methods \">\n						<label for=\"sml_atm_msb_ck_on\">\n							<i class=\"MSB\" title=\"Ngân hàng Hàng Hải\"></i>\n							<input type=\"radio\" value=\"MSB\" name=\"bankcode\">\n\n						</label></li>\n\n					<li class=\"bank-online-methods \">\n						<label for=\"sml_atm_scb_ck_on\">\n							<i class=\"SCB\" title=\"Ngân hàng Sài Gòn Thương tín\"></i>\n							<input type=\"radio\" value=\"SCB\" name=\"bankcode\">\n\n						</label></li>\n\n\n\n					<li class=\"bank-online-methods \">\n						<label for=\"bnt_atm_pgb_ck_on\">\n							<i class=\"PGB\" title=\"Ngân hàng Xăng dầu Petrolimex\"></i>\n							<input type=\"radio\" value=\"PGB\" name=\"bankcode\">\n\n						</label></li>\n\n					<li class=\"bank-online-methods \">\n						<label for=\"bnt_atm_agb_ck_on\">\n							<i class=\"AGB\" title=\"Ngân hàng Nông nghiệp &amp; Phát triển nông thôn\"></i>\n							<input type=\"radio\" value=\"AGB\" name=\"bankcode\">\n\n						</label></li>\n					<li class=\"bank-online-methods \">\n						<label for=\"sml_atm_bab_ck_on\">\n							<i class=\"TPB\" title=\"Tền phong bank\"></i>\n							<input type=\"radio\" value=\"TPB\" name=\"bankcode\">\n\n						</label></li>\n\n\n\n				</ul>',5,1,'2018-02-06 10:09:53','2018-02-08 03:01:03'),(6,'Thanh toán bằng thẻ Visa hoặc MasterCard','VISA','<p><span style=\"color:#ff5a00;font-weight:bold;text-decoration:underline;\">Lưu ý</span>:Visa hoặc MasterCard.</p>\n				<ul class=\"cardList clearfix\">\n						<li class=\"bank-online-methods \">\n							<label for=\"vcb_ck_on\">\n								Visa:\n								<input type=\"radio\" value=\"VISA\" name=\"bankcode\">\n							\n						</label></li>\n\n						<li class=\"bank-online-methods \">\n							<label for=\"vnbc_ck_on\">\n								Master:<input type=\"radio\" value=\"MASTER\" name=\"bankcode\">\n						</label></li>\n				</ul>',6,1,'2018-02-06 10:10:08','2018-02-08 03:01:34'),(7,'Thanh toán bằng thẻ Visa hoặc MasterCard trả trước','CREDIT_CARD_PREPAID','<p><span style=\"color:#ff5a00;font-weight:bold;text-decoration:underline;\">Lưu ý</span>:Thanh toán bằng thẻ Visa hoặc MasterCard trả trước.</p>',7,1,'2018-02-06 10:10:45','2018-02-06 11:02:11');
/*!40000 ALTER TABLE `payment_method` ENABLE KEYS */;
UNLOCK TABLES;

--
-- Table structure for table `persistences`
--

DROP TABLE IF EXISTS `persistences`;
/*!40101 SET @saved_cs_client     = @@character_set_client */;
/*!40101 SET character_set_client = utf8 */;
CREATE TABLE `persistences` (
  `id` int(10) unsigned NOT NULL AUTO_INCREMENT,
  `user_id` int(10) unsigned NOT NULL,
  `code` varchar(191) COLLATE utf8mb4_unicode_ci NOT NULL,
  `created_at` timestamp NULL DEFAULT NULL,
  `updated_at` timestamp NULL DEFAULT NULL,
  PRIMARY KEY (`id`),
  UNIQUE KEY `persistences_code_unique` (`code`)
) ENGINE=InnoDB AUTO_INCREMENT=825 DEFAULT CHARSET=utf8mb4 COLLATE=utf8mb4_unicode_ci;
/*!40101 SET character_set_client = @saved_cs_client */;

--
-- Dumping data for table `persistences`
--

LOCK TABLES `persistences` WRITE;
/*!40000 ALTER TABLE `persistences` DISABLE KEYS */;
INSERT INTO `persistences` VALUES (6,1,'WphP2gHqBbRpGKp2WcZb6APTYCNo1onf','2017-11-12 08:12:08','2017-11-12 08:12:08'),(12,1,'HMMWMPpBDgdUbv54tKOldPvWyvcaeDCp','2017-11-12 08:20:55','2017-11-12 08:20:55'),(20,1,'F4bWDfEvllT0fTv4EzWDp3NWpLxGo4n5','2017-11-12 08:44:06','2017-11-12 08:44:06'),(27,1,'f7VCzyYASPW5vTVgTfv3Ji50sxy2ckIt','2017-11-12 10:14:09','2017-11-12 10:14:09'),(35,1,'Zlbi5ja6c9Z7no06i5MvPsa8kZI3oLEZ','2017-11-12 10:41:59','2017-11-12 10:41:59'),(43,3,'ZsvbfzLh4A4k34VMpmZCqIO2KIDk9pzP','2017-11-12 10:51:37','2017-11-12 10:51:37'),(45,3,'61CQHzrI8v42ppzJ35HclGUgzulYNwKD','2017-11-12 10:51:57','2017-11-12 10:51:57'),(48,4,'M1VbjAgWRrVuXhVCqqvWAQHP287e5fuk','2017-11-12 11:00:38','2017-11-12 11:00:38'),(52,4,'zWj9obfujhk7L1DEKOcSOMTi49HvkeVo','2017-11-12 11:04:17','2017-11-12 11:04:17'),(64,4,'sGcmm3lmMPLTUyFeagebRe9YiPjWxHn0','2017-11-12 11:20:36','2017-11-12 11:20:36'),(68,4,'DsgzaC5yhMG3miJpNrQFeWCpBwqfsMuO','2017-11-12 11:21:48','2017-11-12 11:21:48'),(71,4,'aFa63uj6gzLcV0mZtU0nYvVinHZnvyAi','2017-11-12 11:22:33','2017-11-12 11:22:33'),(73,4,'P672dGDcBqxGazfRAzJtUxPwSjTq9N4K','2017-11-12 11:22:59','2017-11-12 11:22:59'),(74,4,'m0D8Z9mVczUYgqkSJXAwGQi8S9EaqrSg','2017-11-12 11:23:03','2017-11-12 11:23:03'),(94,1,'W1uglu6PzKaOfwxa766IOJ33NDdulIri','2017-11-12 13:01:17','2017-11-12 13:01:17'),(105,4,'lpP9axx2fJB8SUi7t2NlNMHasH10fl9N','2017-11-12 19:31:42','2017-11-12 19:31:42'),(106,4,'1PNxpqM3E2RYNr5CT1NzPzCOlNu4xILB','2017-11-12 19:31:45','2017-11-12 19:31:45'),(107,4,'IJleJPrQEduTCpRbolCVqNbD3vzzhqXH','2017-11-12 19:31:51','2017-11-12 19:31:51'),(110,4,'RyU6rnrEVVwusqJpB1boWgpODKNKthib','2017-11-12 19:32:50','2017-11-12 19:32:50'),(113,4,'2iWGSejY4rkJdkY2iK65Na0UV05uJEZ3','2017-11-12 19:34:34','2017-11-12 19:34:34'),(115,1,'WQkHX9pd7HnW6Fwd58b6FNwURcoRYyK6','2017-11-12 19:36:57','2017-11-12 19:36:57'),(119,4,'FGLu6nkqZkVigimI5Chx4mNmXgdi22qe','2017-11-12 19:44:50','2017-11-12 19:44:50'),(124,1,'1kZXCQqSfCEwmILvBACrUaHl5MpzQWXX','2017-11-12 20:47:34','2017-11-12 20:47:34'),(125,1,'XJfqJ7pZakt8xtLNkULZUElD7jHOCtKt','2017-11-13 17:44:28','2017-11-13 17:44:28'),(129,1,'JtMzzU4e61U2GRbOedwzutyNWAHHRHKp','2017-11-13 23:43:59','2017-11-13 23:43:59'),(134,1,'zTVEKL7zcc4kvYk80AuKHQkn17d1TX0d','2017-11-14 07:10:53','2017-11-14 07:10:53'),(135,1,'ZxzpfDpxrMTx7dRhvd1IQs0KoAyp8beZ','2017-11-14 10:00:40','2017-11-14 10:00:40'),(138,1,'M9zXqXyMOTprNqZQI4LEpKqNogmDZiCE','2017-11-14 20:35:29','2017-11-14 20:35:29'),(139,1,'CDF73h1lqr864dh5T5BQdTRf0hcrS45y','2017-11-15 01:20:36','2017-11-15 01:20:36'),(143,1,'50Hrxr02Q6CqKUF4p0G0bpP6PhcrLaNG','2017-11-15 10:34:05','2017-11-15 10:34:05'),(145,1,'LRlBDrPFH3sF0WLHAUBGdJuLn5beDkqb','2017-11-15 10:45:25','2017-11-15 10:45:25'),(149,1,'zV2fdfnD6X5jTDrXbKtgm2BQ4I4CN0vP','2017-11-15 21:20:42','2017-11-15 21:20:42'),(154,1,'VbajMvJtRtkXTmUREmO1x8SnojOzoNy4','2017-11-16 12:09:09','2017-11-16 12:09:09'),(155,1,'EN255XIbrvzjbXm2TdeuHOJnjAHBKhm0','2017-11-16 19:00:45','2017-11-16 19:00:45'),(156,1,'a2STqoxCKAdKjJBxt5RxyBo23j196SqS','2017-11-17 01:55:13','2017-11-17 01:55:13'),(157,1,'bWYcBrGX0pTubrxZ2Gz8mOrpfZh4d3R5','2017-11-17 03:54:15','2017-11-17 03:54:15'),(158,1,'rOqRgZyRXdpE2wPQxm60VZEi4MVsaHwd','2017-11-17 09:26:45','2017-11-17 09:26:45'),(159,1,'MUi9tluQQy8AhsadOL4sMuRSRaMPY2Vi','2017-11-17 21:05:41','2017-11-17 21:05:41'),(162,1,'0fsBWGHy3uFkICDp4rgusPKisYenbUr5','2017-11-18 08:03:50','2017-11-18 08:03:50'),(163,1,'z2MidVz3A5SfcQtc9CjF83lbB9Ncxw4c','2017-11-19 05:53:59','2017-11-19 05:53:59'),(164,1,'C3NrRRgDRZQLTrZraBO9IGEl2wXobUup','2017-11-20 05:47:41','2017-11-20 05:47:41'),(165,1,'wgjWLdlRLP6Cireh1mZswQnOOTXG8z8O','2017-11-21 03:33:18','2017-11-21 03:33:18'),(166,1,'OHI8P6DtqZVW9K4VlZ1mw5gI0IuJYPH1','2017-11-21 04:17:05','2017-11-21 04:17:05'),(167,1,'qNdOfppeTTO8yQemqSZtz0s9qjIu8bSY','2017-11-21 17:39:32','2017-11-21 17:39:32'),(168,1,'UJbhn9QwAcZUUXnVDtSStqNCq5akR4Lw','2017-11-21 23:49:19','2017-11-21 23:49:19'),(169,1,'eo5eQNRwtkvZlv0DmXfze6JymlS0wylC','2017-11-22 18:21:12','2017-11-22 18:21:12'),(173,1,'IulV4jEfAVovdnn5YGOTprw3kkvFe8NP','2017-11-23 05:15:58','2017-11-23 05:15:58'),(174,1,'Awg5gkMADLkjPbiVitjCzS9ad5sCN9eF','2017-11-23 18:51:55','2017-11-23 18:51:55'),(175,1,'STmoiFXISPPMkYZ46mHVd1FgZleRFPma','2017-11-24 01:23:33','2017-11-24 01:23:33'),(176,1,'DS9Yw83Zm2blL1F2azbyCcQ4v2ktYX5H','2017-11-24 02:11:20','2017-11-24 02:11:20'),(177,1,'e1ZyuWKHR7HQaQSkQEv4J6YMwpFFLXeC','2017-11-24 06:39:38','2017-11-24 06:39:38'),(178,1,'6KeLIVlJyL7P6FMEGpgxpNljzsQxI20T','2017-11-25 05:02:32','2017-11-25 05:02:32'),(179,1,'tKhufJfgecAKrGEAT2EBaEPLaf517QVS','2017-11-25 09:08:54','2017-11-25 09:08:54'),(180,1,'t3XDlldaLWhVaxrPuwM6dT02mMflr87j','2017-11-25 19:53:59','2017-11-25 19:53:59'),(182,1,'fM0W9o41fDgCiycVxhvQeJ02Opj3tULU','2017-11-25 21:10:55','2017-11-25 21:10:55'),(184,1,'EMmXbaWTDFtG4QX9UfVNcK7eUBsy7nmJ','2017-11-25 21:32:34','2017-11-25 21:32:34'),(185,1,'r6cxynGaM90IU8uZA7aJFjox941jTivP','2017-11-26 05:12:26','2017-11-26 05:12:26'),(198,1,'qNJI9OXlvBnQT9IZvLyhcvnjFBHI3dZz','2017-11-26 10:37:48','2017-11-26 10:37:48'),(199,1,'C9FPmC5NtedAPoygDQN2oqpB4EZN8azX','2017-11-26 11:20:11','2017-11-26 11:20:11'),(202,1,'qCWvTU0oJSjAyobzeHt21656Rl1eWuvq','2017-11-26 20:07:36','2017-11-26 20:07:36'),(203,1,'I0m5QArlodAFsFQj0cfoSiIaJ2ZGgbyg','2017-11-26 23:06:11','2017-11-26 23:06:11'),(204,1,'6tDVgt6sfCGnbfPYISYbMzCQKpXm8QKc','2017-11-27 00:00:05','2017-11-27 00:00:05'),(205,1,'R0MhkpKtLCI5fIe1wwCeicZa0ftDQPwx','2017-11-27 02:16:57','2017-11-27 02:16:57'),(206,1,'E69AlB0p8xLhxxNVrs46xwrP0a5wm3KX','2017-11-27 07:58:05','2017-11-27 07:58:05'),(207,1,'qFJkZtCoPK72qECK96tX226VuMubIMBv','2017-11-27 19:23:06','2017-11-27 19:23:06'),(208,1,'yTiyEBo8xE3PfzxTL1GFRVnqqi4ChmIZ','2017-11-27 20:15:53','2017-11-27 20:15:53'),(209,1,'YN8x4updqv0OrIsWStBz2c7ZxI7VO5ug','2017-11-27 20:17:20','2017-11-27 20:17:20'),(210,1,'UpPwfQYjNbyRmztTDCfl16md4weLyjG3','2017-11-30 08:03:21','2017-11-30 08:03:21'),(211,1,'ArOxlkVdyW3lu3SJqot209bFrPZUAPgD','2017-12-01 10:48:28','2017-12-01 10:48:28'),(212,1,'xoOGCB3x8fVFoBznts5EU1k13GmZiO11','2017-12-02 19:53:50','2017-12-02 19:53:50'),(214,1,'Jqk5DXGugxgRtsZy4pBEFn7brMvOjghm','2017-12-03 11:57:16','2017-12-03 11:57:16'),(216,1,'nYe5QuFSOr8eu7GG8atx6EbvbM1XUMlY','2017-12-03 17:58:34','2017-12-03 17:58:34'),(217,1,'P5Q1q3gYWSt4k7c0BLPth6QEpGmYVG5T','2017-12-04 11:12:33','2017-12-04 11:12:33'),(218,1,'0aNMDBXR8Xzt5DTF9HcK4OBSaZyohSzF','2017-12-05 09:04:17','2017-12-05 09:04:17'),(219,1,'8J8vasVhkLwqagOIRNKwiIU94QoexH4O','2017-12-05 18:41:41','2017-12-05 18:41:41'),(220,1,'JChXlObze9eklsMJrTNLH6ekOw47H5mz','2017-12-06 00:14:21','2017-12-06 00:14:21'),(221,1,'z18eXjqdkmbBbwJcvBAIt2o5DxA51xjw','2017-12-06 08:20:51','2017-12-06 08:20:51'),(222,1,'F40EmMwa02fVssVHs66z0XASzB3S5sqM','2017-12-08 11:51:41','2017-12-08 11:51:41'),(223,1,'Ee5i5S8MD2HQVPa7TKeEK3HekFbSCLcO','2017-12-10 19:42:21','2017-12-10 19:42:21'),(224,1,'JebpNZTP11ct8IzcxmbYePuG978Jpumq','2017-12-10 20:05:44','2017-12-10 20:05:44'),(226,1,'qPVObxjq9k29qoRVkiAV89K6Ds8MnpRz','2017-12-10 21:48:03','2017-12-10 21:48:03'),(227,1,'Q0mGHYM1KOmlyLqq9Kw2lH5F1e2t8nIE','2017-12-11 09:24:23','2017-12-11 09:24:23'),(228,1,'PKvAShIoy3rHzKX98qFrlcxx9q0weXbE','2017-12-11 20:07:50','2017-12-11 20:07:50'),(229,1,'D3EIc9je8gVdFHzEluwGYSxLvcYWfISa','2017-12-12 10:23:23','2017-12-12 10:23:23'),(230,1,'LlCfFTdhZIG7Fqb0249N2hlssIbwgswv','2017-12-12 19:38:58','2017-12-12 19:38:58'),(231,1,'5P3ys652WPCFCcMEtYp9K6YFz8KClLdt','2017-12-12 20:37:12','2017-12-12 20:37:12'),(232,1,'AuLUtUUmPWZaLWJxm2RtyHkflWsMlIvb','2017-12-12 20:48:06','2017-12-12 20:48:06'),(233,1,'OoMvRAracnoqhoXECrlxDTA8S4M7pGEC','2017-12-12 21:39:03','2017-12-12 21:39:03'),(234,1,'LspxbedO8o6CbiofYR0uqLfOwunUpfCT','2017-12-12 22:11:41','2017-12-12 22:11:41'),(235,1,'TaJdE7jjBDOwYE4eqf955JoMQh2MGnga','2017-12-12 23:42:01','2017-12-12 23:42:01'),(236,1,'9ldSOnqDOOdFI4SuMFTE5sOXeKeDaFMK','2017-12-13 01:24:31','2017-12-13 01:24:31'),(237,1,'Omqc5SMLNnckeyPe5h70EHA0yUqZ1yAr','2017-12-13 01:26:17','2017-12-13 01:26:17'),(238,1,'N57JQIUmXSgVZUN25mI9zA6QB3krnDJa','2017-12-13 01:27:02','2017-12-13 01:27:02'),(239,1,'tKi6yXfXoogbGH6Ui12Pps4xBnKQQ1Y6','2017-12-13 02:42:24','2017-12-13 02:42:24'),(241,1,'fdAX0oX5HE6HEOuPnpQOCPJPQHOTJazL','2017-12-13 11:11:26','2017-12-13 11:11:26'),(243,1,'5F15aKMYAKbpu8xARjjk4Z3b4ZLLaiHN','2017-12-13 19:46:28','2017-12-13 19:46:28'),(244,1,'bmx6cC4QULNMW3CCh933DzA3kvhDM0ai','2017-12-13 20:18:26','2017-12-13 20:18:26'),(245,1,'p89msT6X0idRVFgnJegC63D5VXzGzQZs','2017-12-13 20:46:43','2017-12-13 20:46:43'),(247,1,'pS5xSImoYKACiZzQYCbCN9WYfAyE17BJ','2017-12-13 23:44:24','2017-12-13 23:44:24'),(248,1,'Ei3UzlkB8E8L2EwvJ6uf7RqWbSiEXWqw','2017-12-14 02:24:40','2017-12-14 02:24:40'),(249,1,'XDhhxpNpsyR8JqU9QF9ciEtMAUxzQb70','2017-12-14 05:39:40','2017-12-14 05:39:40'),(251,1,'gYei12wI1Xx9L458waGZcXrpzfJSLrEw','2017-12-14 05:40:20','2017-12-14 05:40:20'),(253,1,'o0i98RskGVcDO68h58WHtVILX3X7GyZZ','2017-12-14 08:30:08','2017-12-14 08:30:08'),(254,1,'rYXzVG9bTG0q8AAikn8E1gKFDUln4zZT','2017-12-14 17:36:03','2017-12-14 17:36:03'),(255,1,'yaZ3Gkr2fhEHy46HJzcTlIMgLZjtVE0P','2017-12-14 18:39:23','2017-12-14 18:39:23'),(256,1,'YmZvD9xhUam8WQjZebIu5UA5fa79Vmpw','2017-12-14 19:13:37','2017-12-14 19:13:37'),(257,1,'GHd02IbsGjboWps4UOuoRMKEHhdAeM4Q','2017-12-14 19:20:29','2017-12-14 19:20:29'),(258,1,'bEwsrdAAVsEols37gzepZRofpjQ5CpkS','2017-12-14 19:46:00','2017-12-14 19:46:00'),(259,1,'Op5b8y1v9a1Z1AasgU1buuI9PXTpXq14','2017-12-14 20:36:43','2017-12-14 20:36:43'),(260,1,'H491pNtELCOBnhzmGJJG5pVQqCQqQ6y9','2017-12-15 07:13:52','2017-12-15 07:13:52'),(265,1,'x7SZJyE8pqvN1UmSOiLMvTIDgPU8Op1v','2017-12-15 23:56:34','2017-12-15 23:56:34'),(269,1,'bCLJ9ILMZeWaTyO9PK1h4WZ3yG712Q3h','2017-12-16 00:27:26','2017-12-16 00:27:26'),(270,1,'VTVKHrHmyn9Ree3oENKNiqLQ8PEllFBP','2017-12-16 00:40:12','2017-12-16 00:40:12'),(271,1,'tE71PsmEixwJk0QCDYeIEPpZ6XfzfmQL','2017-12-16 02:57:23','2017-12-16 02:57:23'),(272,1,'5aHeCSmiZ5bKLIYyaV3gGw8msN1aA63K','2017-12-16 08:08:53','2017-12-16 08:08:53'),(282,1,'EUtWgeynbqabsviLDajTiXg6az4xEx4S','2017-12-16 11:25:51','2017-12-16 11:25:51'),(283,1,'xKZoSmxNW0WGyljs2cdzeQI7OoHOEYbj','2017-12-16 20:33:48','2017-12-16 20:33:48'),(284,1,'958RICNQ5SWqdtnNopOEAQEGjy71OLrP','2017-12-17 07:52:39','2017-12-17 07:52:39'),(286,1,'5wQF5syYD14KXWyo2G0TdOpFgPvDwWML','2017-12-17 19:52:04','2017-12-17 19:52:04'),(287,1,'57cBU7Ds9QMsjwn0klqjotmHkWuIFlp7','2017-12-25 19:27:36','2017-12-25 19:27:36'),(288,1,'pSNdXiePmuervyNG25HffYLqSY4CqCNV','2017-12-25 21:29:41','2017-12-25 21:29:41'),(289,1,'HrHLtRQPfVz6XIzSP9YMkHOswmru4q9A','2017-12-25 21:47:02','2017-12-25 21:47:02'),(290,1,'loABizfP1dl9zchCj2681qVIsF3OKrJ3','2017-12-27 10:38:20','2017-12-27 10:38:20'),(291,1,'6oNxIkIquNcQIOEPZnb9gd69OiMONpDD','2017-12-27 10:45:14','2017-12-27 10:45:14'),(292,1,'1tEcrFgJDbeU1aUB6H5mnmO7zua63PuQ','2017-12-27 19:13:01','2017-12-27 19:13:01'),(293,1,'MUkVIspzdlXbtHyCGhcCsnvK7SeCkOVu','2017-12-27 19:25:12','2017-12-27 19:25:12'),(294,1,'PSyuKpYZcZ9Ji2eZ5j5rfSh0u6yWDxDS','2017-12-27 22:32:12','2017-12-27 22:32:12'),(295,1,'5QXQdR5dMiMQF4MSYyuVsYzj5N51Tzux','2017-12-28 01:38:51','2017-12-28 01:38:51'),(296,1,'6oyeQrWmS58vLjNBe4iMxPX7mUl4gJ8g','2017-12-29 02:09:33','2017-12-29 02:09:33'),(297,1,'myq1k4YmAJV6HmELv3CY4Fme7QllpMyV','2017-12-29 05:40:48','2017-12-29 05:40:48'),(298,1,'KqG7rQKRTxtJ5owuAVvKCpgDd9ylxyuB','2018-01-01 19:20:46','2018-01-01 19:20:46'),(299,1,'gGIbwURi3h2p30EwdzpVSN7s89oJbs1o','2018-01-01 19:42:39','2018-01-01 19:42:39'),(300,1,'TMAKb6m8MTahrN1lFJTIoni9vymizoPX','2018-01-01 22:34:23','2018-01-01 22:34:23'),(301,1,'fZ3RQ9jvj6UvF2UOcrWIC5tnFpmqrmJr','2018-01-02 00:59:34','2018-01-02 00:59:34'),(302,1,'mP3Z9KVER7893IYjcGERZFXKDhm7biAm','2018-01-02 18:30:12','2018-01-02 18:30:12'),(303,1,'tsyksujmywH7Hoz3hxqML9Th24Zcv3Dy','2018-01-03 00:41:50','2018-01-03 00:41:50'),(304,1,'dMRpWGk7Uvdn3lza8LXBsbteeUnWMOSW','2018-01-03 05:04:01','2018-01-03 05:04:01'),(305,1,'F8pNbJFdCdNEIwRCgulVQ1rb5oYmT267','2018-01-03 09:50:30','2018-01-03 09:50:30'),(308,1,'mmgyGjX6FKaZrTA1Sy46Xk5afFSPTiLz','2018-01-03 10:32:13','2018-01-03 10:32:13'),(309,1,'WkZAETYgs1qll9a5SzLJ5emRNEM2jQcC','2018-01-03 19:35:54','2018-01-03 19:35:54'),(310,1,'i3u3Fev9GhSTSKw8zqKOtDxyBukTswNF','2018-01-04 00:00:04','2018-01-04 00:00:04'),(311,1,'wIgyuIWSRPW3SoRC3SCDlIdvMSN1ntwp','2018-01-04 07:50:26','2018-01-04 07:50:26'),(312,1,'lhTwGs8hINh78Dsjm9VZpOqyGh4ubnFD','2018-01-04 18:27:00','2018-01-04 18:27:00'),(313,1,'XZqSKTU7fCn9dhY7pDGf6ny090eeqe8H','2018-01-05 05:03:20','2018-01-05 05:03:20'),(314,1,'xPlA9MCUQ1DqNmZwgnVqmexRptuA4bju','2018-01-05 07:13:15','2018-01-05 07:13:15'),(315,1,'tIKVZUBkeaj76cE4QGvO5rqFgawgYMNP','2018-01-06 03:08:10','2018-01-06 03:08:10'),(316,1,'ntMLkIGaGhDneocoWJFOZTyl6MhuzZan','2018-01-06 12:28:22','2018-01-06 12:28:22'),(317,1,'QU8qluCPQ7F4XdP5njtjcRWqzlXX9S8h','2018-01-06 22:56:38','2018-01-06 22:56:38'),(318,1,'Us4ZHvY5DHcwpQVf9XysqakskdvsAzFV','2018-01-07 04:20:27','2018-01-07 04:20:27'),(319,1,'AsTUE50pKXOtm27NbymiqbnpVrlhzWQ4','2018-01-07 07:12:26','2018-01-07 07:12:26'),(320,1,'TSocJysjRMp42L96vEg02rwZBiEUKyyN','2018-01-07 09:18:55','2018-01-07 09:18:55'),(321,1,'KQ0cszOBSWH87hnzA7wcYJLSbNcVQgpg','2018-01-07 19:37:24','2018-01-07 19:37:24'),(322,1,'H8BxgWKyBTe4U5lwpdbYG43owssAnk1y','2018-01-08 02:28:24','2018-01-08 02:28:24'),(323,1,'8CEZcoGrealxWIzhXRxoDIGmPieyZkGP','2018-01-08 04:07:45','2018-01-08 04:07:45'),(324,1,'9wJ8Z8j1bqUBFAPGBkUytzbUmZqKV3HL','2018-01-08 08:56:34','2018-01-08 08:56:34'),(325,1,'XKZh1syWLfcamMSbLhsL9SJVPf2Mfv67','2018-01-08 10:14:35','2018-01-08 10:14:35'),(327,1,'loNG0asl3Sj6zCitYw1n692cZ5AWL72j','2018-01-08 23:13:14','2018-01-08 23:13:14'),(328,1,'kFqFfFmhk2m2hy3Bj3Kuhn8YkI6WyGP1','2018-01-08 23:20:42','2018-01-08 23:20:42'),(329,1,'U7t1BBwwPaAhglF8LUPBuWCzHANUDsKh','2018-01-09 01:22:36','2018-01-09 01:22:36'),(330,1,'kryBmI5jqwrndEJvS7r4QFl5aKOUn4Rl','2018-01-09 11:51:15','2018-01-09 11:51:15'),(331,1,'Yll3QjOrDTaxUkqpcbg62fOqmFlHLhgp','2018-01-09 20:29:19','2018-01-09 20:29:19'),(332,1,'AYnzFsKBk3DG8o1HFCkbUaRcTs92YbM3','2018-01-09 21:30:21','2018-01-09 21:30:21'),(333,1,'rNBV0y0Wan6Qpj65pQmiJOQ52qtkQ0sL','2018-01-10 00:31:26','2018-01-10 00:31:26'),(334,1,'jKTPdBjo4Ev0seh3qIoU8CMVvIE0TTkE','2018-01-10 02:52:39','2018-01-10 02:52:39'),(335,1,'E8NFXc9C2nsm8W6FWfgrrGsobWiPRnCT','2018-01-10 08:34:20','2018-01-10 08:34:20'),(336,1,'vQMwlhh0SMMXZiQ7fQX1UweaJtNwM2Bv','2018-01-10 19:06:53','2018-01-10 19:06:53'),(337,1,'ws5Lv88o5eWYYKzeiqwIHXmhwb5ItcOf','2018-01-11 07:38:41','2018-01-11 07:38:41'),(338,1,'ouWCgfhI5q9H3k4h6w2tttsiJV8y3Qzp','2018-01-11 10:31:12','2018-01-11 10:31:12'),(339,1,'elx9rwAfOXrPGOmTcsxZ9gsI5i9B9FAJ','2018-01-11 10:32:25','2018-01-11 10:32:25'),(340,1,'utdXQIFty8RcOHFm8tpglAx8ANG7irml','2018-01-11 18:57:38','2018-01-11 18:57:38'),(341,1,'XigZe34t3cWVnSlrmtPwHHvUHXNHmyPT','2018-01-11 19:10:44','2018-01-11 19:10:44'),(342,1,'wwJoo2CBoB1bdZp6C56TPlo1lQ7mLSUa','2018-01-11 23:57:32','2018-01-11 23:57:32'),(343,1,'D4OaTt5Z6zu1q6cPPJdne029l1QSAIJz','2018-01-12 00:55:46','2018-01-12 00:55:46'),(344,1,'pvdA7qp7hS1G0FazeLwNIJkHXK7hQXzs','2018-01-12 01:56:45','2018-01-12 01:56:45'),(345,1,'TcFmUyoJEeyOuCos5ePBdYugNanUjxVd','2018-01-12 02:06:12','2018-01-12 02:06:12'),(346,1,'gKRIy92eSDkDLPtDEzZxHPvTO7vmNoaA','2018-01-13 12:11:00','2018-01-13 12:11:00'),(347,1,'RHDxUSWbh2csZRCETQ3hXJuTLr4FyzzU','2018-01-13 13:09:15','2018-01-13 13:09:15'),(348,1,'pTRVtKlFP6VnVnh61v9ZDhDBtutgZcta','2018-01-13 13:12:05','2018-01-13 13:12:05'),(349,1,'6k8RmyBaDmXZTwXKws2BaqjnebRDA46s','2018-01-13 22:32:59','2018-01-13 22:32:59'),(350,1,'29aWBcPaThOZhTUJ3TCMTr06inrXXpPc','2018-01-14 05:18:27','2018-01-14 05:18:27'),(351,1,'l1FodYbVYnF5qllJXQn47jURkjbYQIah','2018-01-14 09:12:20','2018-01-14 09:12:20'),(352,1,'C7CLHzromxCwETZPNWuFB5KQ1lLgJktO','2018-01-14 09:39:44','2018-01-14 09:39:44'),(353,1,'Y7i1AwV61KINlely1225s2t3KYEoTeCl','2018-01-14 09:54:05','2018-01-14 09:54:05'),(354,1,'yEepEQljz0lQ9veGResUYlNzZmZVSzYY','2018-01-14 21:21:16','2018-01-14 21:21:16'),(355,1,'MoHMY2GAVZ06IfQ8lOrjvKHgSpRlt3sf','2018-01-14 21:43:17','2018-01-14 21:43:17'),(356,1,'gJFjqXGL718vBEDWtiWFqrXd7wzQ3PJu','2018-01-15 11:12:16','2018-01-15 11:12:16'),(357,1,'lAT4nQL5p2NV6Av36QLpsaS9oTck2miN','2018-01-15 18:30:37','2018-01-15 18:30:37'),(358,1,'7YzpEdozcjd8zxPMQBoLKz4wKQNvPvmk','2018-01-15 18:55:34','2018-01-15 18:55:34'),(359,1,'CDE7azpfNeLEJOz3qA6iixYxURaNY7eL','2018-01-16 02:56:25','2018-01-16 02:56:25'),(360,1,'MeVL2sSlFRzhrG0xaJ6ZqRoDCyyrfqpw','2018-01-16 10:27:54','2018-01-16 10:27:54'),(362,1,'7YWkgnr0fcthbBrZtZxI5VYfq9GkeIrH','2018-01-16 20:15:12','2018-01-16 20:15:12'),(363,1,'C7HQZp1uoHWuUddbCURbC67F8WRFPbhz','2018-01-16 20:57:30','2018-01-16 20:57:30'),(364,1,'An1hk9DM1kFNeHQDbXs26BUas2QhrMQM','2018-01-17 00:28:12','2018-01-17 00:28:12'),(366,1,'1wUTqWD2BFEEIS98lz1DmfP6K2QhdeMT','2018-01-17 00:47:17','2018-01-17 00:47:17'),(368,1,'qsZQcTzpevnkZoiyIpQbaR4qu3r4g3GV','2018-01-17 04:18:35','2018-01-17 04:18:35'),(372,1,'WjL3wP64VMbVgVUFVl99MdM5kcIdpQCy','2018-01-17 08:29:47','2018-01-17 08:29:47'),(373,1,'ttUIgNCKBMBEkjLsKH9WuRDAEG4TPjzU','2018-01-17 20:14:51','2018-01-17 20:14:51'),(374,1,'noRUog2Feq5ZNAGHfze9DBaubeDzabca','2018-01-17 20:57:02','2018-01-17 20:57:02'),(375,1,'zkZ51ymxpywKCyuXmR3HqwHymINrQMfz','2018-01-18 00:10:25','2018-01-18 00:10:25'),(376,1,'lzNZOymz8HgNudpRO5sMyTKipm0tpDGF','2018-01-18 00:16:14','2018-01-18 00:16:14'),(377,1,'2yCG7tSmilLxN8pzJjS2eMkCbplTTJ0h','2018-01-18 03:52:31','2018-01-18 03:52:31'),(378,1,'RMWiH4kf71KduXOMGFtgTa3VDI7RA25R','2018-01-18 09:25:22','2018-01-18 09:25:22'),(379,1,'jXAi4A9SVVlzEzUs51gWW6AFaJRNKgkG','2018-01-18 11:20:09','2018-01-18 11:20:09'),(380,1,'WxxLLaypmZiGOfHWBQbzPUjt0bams3gx','2018-01-18 11:57:31','2018-01-18 11:57:31'),(381,1,'KkJ6EvsSh1GkOXBYtfLzTeTE4H2mLzTT','2018-01-18 19:23:30','2018-01-18 19:23:30'),(382,1,'xF88UwOSd9p1tmkrmBOEgAjIomkJB0Hx','2018-01-19 00:25:51','2018-01-19 00:25:51'),(383,1,'A32q6kvPJplJ4WAIYSrx60zCSSnxpaDG','2018-01-19 01:20:22','2018-01-19 01:20:22'),(384,1,'lPLxh0KbKNSsXA2BILeBXobgaGj68OKR','2018-01-19 02:03:13','2018-01-19 02:03:13'),(385,1,'5HCVqG0BkfTwNNXMnON1OkvmplY5VtPh','2018-01-19 09:04:44','2018-01-19 09:04:44'),(386,1,'taFneiiXaSPaXyiEJwFR60oA690Cb2X8','2018-01-19 20:43:49','2018-01-19 20:43:49'),(387,1,'t23Yq0Wf57G9dDYIZ2lHzkBEnq6ICQAK','2018-01-20 11:58:10','2018-01-20 11:58:10'),(388,1,'XmFShMJFqbARwYvuwfNLSOdWLrZmr32z','2018-01-20 21:08:01','2018-01-20 21:08:01'),(389,1,'MBWjdSM0CwnQcdFbo5ea8EyDH1YC5ST0','2018-01-21 05:40:50','2018-01-21 05:40:50'),(390,1,'evDd4G82kjgac50TOKv1DZrobHzWEZr8','2018-01-21 08:05:52','2018-01-21 08:05:52'),(391,1,'4dPKUN7BFQPOuGvA8Xt8Oh8azZQQ9pkx','2018-01-21 10:51:12','2018-01-21 10:51:12'),(392,1,'iOi6rBobAw6B2Khg9CLDbPizVJYKGW94','2018-01-21 18:51:39','2018-01-21 18:51:39'),(393,1,'CY5tmN8UCUMqmSVoRFOipfHKUpoT0j4f','2018-01-22 00:07:03','2018-01-22 00:07:03'),(394,1,'aGzNsWOhDrVlT9HIVVFwCpsue1r7D5YA','2018-01-22 00:44:48','2018-01-22 00:44:48'),(395,1,'VS5iiETNULvHItpuUmHQUH81sChbbY1l','2018-01-22 19:02:07','2018-01-22 19:02:07'),(399,1,'NWnj4UvnZqwWOTX3CeusZ6v8Fhf2c6ub','2018-01-24 19:02:36','2018-01-24 19:02:36'),(400,1,'VLSxXPLlSKCtughyjzMut9ug3flrhyi1','2018-01-24 19:27:36','2018-01-24 19:27:36'),(401,1,'SnMonFyxu1katYF7DoIioInfgbQIbY6Z','2018-01-24 23:56:14','2018-01-24 23:56:14'),(402,1,'u8RnIhbv4c9eCZZaMSjHrsM9hfTRb3r5','2018-01-25 00:09:18','2018-01-25 00:09:18'),(403,1,'kb7yBdeIHuIl4kIa9Jt7nDFpllfRVRhx','2018-01-25 02:08:12','2018-01-25 02:08:12'),(404,1,'gVw8xTL0zeKZYrqEGP4CcC85esbG8ypE','2018-01-25 18:18:17','2018-01-25 18:18:17'),(406,4,'A4FLGiVU9LvfsVEp5mrRl5TZl6nb3ksW','2018-01-26 01:05:01','2018-01-26 01:05:01'),(408,4,'aiVheclIV8RMZL6ZMbi0Dg04vjfucSZP','2018-01-26 01:05:31','2018-01-26 01:05:31'),(409,1,'gUdW9qbl64egCPRWtavTK9wnexEo3keM','2018-01-26 01:08:27','2018-01-26 01:08:27'),(410,4,'3HSzUQI78C96yV5DRt6jGX33bdYCK9fb','2018-01-26 01:43:11','2018-01-26 01:43:11'),(411,4,'tOlFF3JRWPtyXMuVCeaaMiHjBd2elRJF','2018-01-26 01:44:07','2018-01-26 01:44:07'),(412,4,'NscMqRLmkV3IOWMf6RhfVuJbkL8xgsDC','2018-01-26 01:46:45','2018-01-26 01:46:45'),(414,6,'wgJCXkC4Mn1V5f0YC9lp8bPKDt85kGtq','2018-01-26 02:25:04','2018-01-26 02:25:04'),(416,6,'zSKba5kTj8Qr4ojFsxLqGI7xLuD4q0WR','2018-01-26 02:30:32','2018-01-26 02:30:32'),(417,6,'rzG8JBGeT8fiapZ9DtD2uip0lQJwh5q2','2018-01-26 02:37:18','2018-01-26 02:37:18'),(419,1,'Sw9M1Lswoukl6vcgMxoFzXvaAtMQCxAA','2018-01-26 02:57:09','2018-01-26 02:57:09'),(420,1,'uUOUyXWyeFziFHkxz8h4bDzxhywQ37Si','2018-01-26 02:57:48','2018-01-26 02:57:48'),(421,1,'MbKhVbGfhtxwZPPVgtHxdstVXuLeAaiU','2018-01-26 02:58:29','2018-01-26 02:58:29'),(422,1,'wJ73tjH6p3w5MYYe7n21fOiCeA3QZfKb','2018-01-26 02:58:29','2018-01-26 02:58:29'),(423,1,'VnxOGigvNVkdiHwI3uvstUftvZRW8oBI','2018-01-26 02:58:36','2018-01-26 02:58:36'),(425,6,'J0ifpUcLW0NOdbzz7ewLRHG9BpBcOrRA','2018-01-26 03:17:02','2018-01-26 03:17:02'),(427,6,'balWgkJAiveVZzQfMycjeIUYgqNmLW3y','2018-01-26 03:35:38','2018-01-26 03:35:38'),(429,6,'UyB9F0vWGHpwS1r9avhYxJizwU4HVIwM','2018-01-26 03:39:37','2018-01-26 03:39:37'),(431,6,'qfkVlp3dp4QXymKAkS2PfMQCdIeFHQOx','2018-01-26 04:32:49','2018-01-26 04:32:49'),(433,1,'A3z4mzsQPa7TSS1rthS9qcXBXGZRHvME','2018-01-28 09:36:02','2018-01-28 09:36:02'),(434,1,'fAPFbxNuoTiKlDhdRh4hZPCArPfnVG4h','2018-01-28 09:36:02','2018-01-28 09:36:02'),(439,1,'0KG2CDdHiNeVtq5WaMwsrvsHxWeLiY9E','2018-01-28 09:59:33','2018-01-28 09:59:33'),(441,1,'coUpXV4oip1EFQd6L1wHB22aEgmD85MB','2018-01-28 10:02:44','2018-01-28 10:02:44'),(442,1,'qxtyJQgQjE7IdV5pnazmZdm0VB1dGvJn','2018-01-28 10:02:44','2018-01-28 10:02:44'),(443,1,'eBajDKsoIEBHqQFXz0BKLjJ9nJHtELsK','2018-01-28 18:19:52','2018-01-28 18:19:52'),(444,1,'l9baDmYe0AnLN5Gle9ep2sE7cHEVOnr5','2018-01-28 18:19:52','2018-01-28 18:19:52'),(447,8,'GmZMlufC8X5lo3RzA5gsyz2kXYwWvwQF','2018-01-28 20:45:36','2018-01-28 20:45:36'),(448,8,'PPGJaXq6NaHLG1dnSP9FOkjzFSdKqvvI','2018-01-28 21:38:01','2018-01-28 21:38:01'),(449,1,'vBzzq1RtNsCmGiczUJLFsHSyNzTTubXg','2018-01-28 21:38:13','2018-01-28 21:38:13'),(451,1,'B3WzQ8UpMARDoY28vEkB7erfEEpHmLT1','2018-01-28 21:38:37','2018-01-28 21:38:37'),(454,8,'tn7HvCBoyGphTHqjxPl0d3fJ3TWVRmTi','2018-01-29 00:39:35','2018-01-29 00:39:35'),(457,1,'oo71n7ghA1RolYX2RzzeXwiTJ4KcV6zr','2018-01-29 18:33:51','2018-01-29 18:33:51'),(458,8,'jfRtZvsf76QuiNUNY0sgWSA0SbX0YmBR','2018-01-30 01:41:20','2018-01-30 01:41:20'),(460,1,'V2vGTjxoDwMXXVvXTCCsodx2oqNRBswK','2018-01-31 00:07:51','2018-01-31 00:07:51'),(461,1,'WXfdX3IbIO2N4pHvxeElybt2HWjDzpsZ','2018-01-31 00:07:51','2018-01-31 00:07:51'),(462,1,'zWSf8uHGNVGZn8HsVpCc4iowpPHSBqvU','2018-01-31 09:19:53','2018-01-31 09:19:53'),(464,8,'ajfSvynTDfObqdqWFVTaN52EkMP1AUNJ','2018-01-31 10:29:33','2018-01-31 10:29:33'),(465,8,'ag2Euhwpe5LXZvoQ1FsRXSH2yo0EHwsm','2018-01-31 10:35:49','2018-01-31 10:35:49'),(467,8,'yR8tHjT4HKlrVJLADJ5LykJbP27czCKC','2018-01-31 10:38:45','2018-01-31 10:38:45'),(468,1,'gJnB66CrVq6a8Mo6GhtYiOtLZhZ1LTMd','2018-01-31 10:50:07','2018-01-31 10:50:07'),(475,1,'L7DcvNPiOQIUjCUATn61Y2sh3g3R2k49','2018-01-31 19:35:25','2018-01-31 19:35:25'),(476,1,'QK86h3fyZTBFMRUhuP0ZKm1Wq4kzxPbS','2018-01-31 19:35:25','2018-01-31 19:35:25'),(478,1,'VqoYkwd6LBv1rVWPEtIMR05InmYOuszG','2018-01-31 19:55:02','2018-01-31 19:55:02'),(479,1,'JztvQ0vdnItZtqSiZD0Fi6NEK6c5PjZc','2018-01-31 19:55:02','2018-01-31 19:55:02'),(481,8,'zX2GBFJB6Jpcz8jaXScc8XmWSgARW6y1','2018-02-01 01:42:35','2018-02-01 01:42:35'),(482,8,'JWqpm7p61IXddy2YyuMkzHTdg7OWwVdL','2018-02-01 01:50:31','2018-02-01 01:50:31'),(483,1,'Ck89j1QoAOeoNZvhYi5wPRW4nTm0C1dq','2018-02-01 02:29:04','2018-02-01 02:29:04'),(486,1,'AKrOzoCvVttxLIVRMnTD6GPbj2iWGwvK','2018-02-01 02:56:37','2018-02-01 02:56:37'),(487,1,'BaciCQSFrRR68rCmWlXSBTzmdHd27uiN','2018-02-01 02:56:37','2018-02-01 02:56:37'),(488,1,'KGY6WVGRXBb3UJWz8YnDSw8hXGgzgkA6','2018-02-01 11:35:24','2018-02-01 11:35:24'),(489,1,'6WdgCEIxtViQrSWjU3UK9HL7wyZ34TUX','2018-02-01 11:35:24','2018-02-01 11:35:24'),(490,1,'SfQrjxzVWC8XrSnz8yWht0t3Q8UQdOQr','2018-02-01 18:27:36','2018-02-01 18:27:36'),(494,1,'RjNhUlg5noCoWG1eUNo1StHO874EkDvu','2018-02-01 19:03:40','2018-02-01 19:03:40'),(497,1,'cESLyplJNgtAmPpMwURnw68ZWEV39PK2','2018-02-01 19:42:32','2018-02-01 19:42:32'),(499,8,'NtMOofbv1v5rH5JB3OUHnsrFrF271Tzi','2018-02-01 20:49:06','2018-02-01 20:49:06'),(500,1,'wcFo02JafGaHPsM64DKM6t3jA5wTrYjF','2018-02-01 20:56:50','2018-02-01 20:56:50'),(502,1,'fGUtMqDBI2ZARFPFBhlaxnCkzrm7UodL','2018-02-01 20:57:08','2018-02-01 20:57:08'),(504,8,'KfXSL3FN1hK8b6QT9LdmouyS37T0qqHB','2018-02-01 20:57:36','2018-02-01 20:57:36'),(505,1,'8Iv9LY8GOJZd1WTl1I5Wz01lx1KzdZWT','2018-02-01 20:58:09','2018-02-01 20:58:09'),(507,1,'w9M0kSWQtdQD7zD6stbK63JUbTj1u058','2018-02-01 20:58:17','2018-02-01 20:58:17'),(510,8,'NJ76oLl9RoWbXTJShfkd00cpuQZK5zr5','2018-02-01 21:37:57','2018-02-01 21:37:57'),(511,1,'jgz8uBUFbY3MSxPOXp7bqA0knGoU5zi7','2018-02-01 21:37:59','2018-02-01 21:37:59'),(514,8,'JsQzqbxIGhNuS6SeJ4y8eCnhSDJaeL3s','2018-02-01 23:56:53','2018-02-01 23:56:53'),(515,1,'r3gBMpKSI53eQpXqydREPc6oSjC06OUB','2018-02-01 23:56:56','2018-02-01 23:56:56'),(518,1,'QoyBvVRHUwmgnGPnOcyUXU4YqPRqMZVe','2018-02-02 00:01:51','2018-02-02 00:01:51'),(521,1,'0SWAzz5NkBMas3g7T6GC34L38vm83epY','2018-02-02 00:19:04','2018-02-02 00:19:04'),(524,1,'MQuKcCFJhtuKynkQkFHxyZBLIy8Ivd3r','2018-02-02 00:24:05','2018-02-02 00:24:05'),(526,1,'3DniRRSZFO1aYX6cCNqgyiL0OJqpfEVf','2018-02-02 01:06:18','2018-02-02 01:06:18'),(528,1,'OfRdoNYhFL3afKEYmg9oWZjtuhANsBfv','2018-02-02 01:44:35','2018-02-02 01:44:35'),(529,1,'MlR5175cwkutGCxMpXuVrhgCzUgFIt9A','2018-02-02 01:44:35','2018-02-02 01:44:35'),(530,8,'ipiaaYYS8qIo8iSdqnZ6VdkRKq1iyooC','2018-02-02 09:02:53','2018-02-02 09:02:53'),(531,1,'wSD7DupM92LgniN8nQQvue0JvXYrEUwC','2018-02-02 10:18:45','2018-02-02 10:18:45'),(532,1,'X2NpDhYEcKGWnyoBxRkMG0nasltzUZq4','2018-02-02 10:18:45','2018-02-02 10:18:45'),(533,1,'HdLRvWB8aWY9gaFouz9JVIZii2eGcpPp','2018-02-02 19:05:37','2018-02-02 19:05:37'),(535,1,'ot4ul9MDUpNjh3avRZwfDQhckk7zNpNC','2018-02-02 19:07:26','2018-02-02 19:07:26'),(536,1,'QMzisn3xBXMMAegjFxwbyYlkU2opUFRz','2018-02-02 19:07:26','2018-02-02 19:07:26'),(538,8,'ubMneyA1o1wIPK0UHx6I8WuhTRJlYHkP','2018-02-02 21:16:54','2018-02-02 21:16:54'),(539,8,'qGTddyiGKSzM0wHVkenVijba0gtvLqOt','2018-02-03 04:53:58','2018-02-03 04:53:58'),(541,8,'Nwn0yVO5SlhBd9eY4Z46SbZ1gEPi5IEr','2018-02-03 09:41:10','2018-02-03 09:41:10'),(543,8,'1aF9GIC1ZWN63Q3hyjgcI91MVJfM5syC','2018-02-03 13:40:10','2018-02-03 13:40:10'),(544,8,'Ac5aAgvHGYcsowe9TvjwCmQ4Pp1qNc5P','2018-02-03 22:01:23','2018-02-03 22:01:23'),(546,1,'2DXLdK0k8pyyhkft4O1N31OHN3qVoZYv','2018-02-04 06:13:43','2018-02-04 06:13:43'),(551,1,'8Vt8s6xqOFyHpiqYk2QykhWXRenYyUJW','2018-02-04 08:07:49','2018-02-04 08:07:49'),(557,8,'COuQ7uk7ZUXmIXoa9x5b5d0WhvRAniBn','2018-02-04 12:33:20','2018-02-04 12:33:20'),(558,8,'qLTc2Kf6n28q8us3IMOWD4xzBoQMtVTk','2018-02-04 18:52:19','2018-02-04 18:52:19'),(559,1,'OrzHOZ6ZZKJqxkZ0uuh7RKPL9XURJpXd','2018-02-04 22:21:08','2018-02-04 22:21:08'),(561,8,'1PJvdJesyc0mWbqOamG4hCblgkwH5qgI','2018-02-04 22:47:36','2018-02-04 22:47:36'),(562,8,'tVXO1RdjrqL2sGvzHXidbAPJIamEnWxw','2018-02-04 22:53:02','2018-02-04 22:53:02'),(563,1,'UdTjDEseGz6vBOmnq318N4Y4raiVQBrB','2018-02-04 22:53:04','2018-02-04 22:53:04'),(565,8,'oT80knQNx6JAaH80HdUeHaCsf7HHsuwY','2018-02-05 01:50:20','2018-02-05 01:50:20'),(566,1,'vaD9xZckMlXmH8R7l7TyJWgOZD5do7Uc','2018-02-05 01:50:37','2018-02-05 01:50:37'),(568,1,'EOGfrIYfC9vcvYfvXURtTeVVrPmeOoXJ','2018-02-05 01:52:32','2018-02-05 01:52:32'),(570,8,'peDpe1IKfhu56XA0DLJe8OSCk0zKJqvj','2018-02-05 03:05:08','2018-02-05 03:05:08'),(571,1,'UINT91dzThurVugQu61SJytD5X3LmyZH','2018-02-05 03:16:48','2018-02-05 03:16:48'),(572,1,'UM3IJ8WRYFkhphJOrwfErOH0523YDVuS','2018-02-05 19:49:28','2018-02-05 19:49:28'),(574,8,'uaRVCHac02KAjEWxDiFmDPas2xYNUqAX','2018-02-05 20:04:45','2018-02-05 20:04:45'),(579,1,'tnf6HppP4rV0x45qbHoz4BGfoD47gWbI','2018-02-06 01:01:51','2018-02-06 01:01:51'),(580,1,'FZe4gTDXRLFyUZ3A17o0qnX95A1OSwer','2018-02-06 01:01:51','2018-02-06 01:01:51'),(583,8,'tqm9bi8D3RLI8zOnKZsKAn7a7cJKmj3Y','2018-02-06 03:00:07','2018-02-06 03:00:07'),(584,1,'8IZWzK4wl0Xk01HPV8Vh1koOFhdBwZWF','2018-02-06 19:27:14','2018-02-06 19:27:14'),(586,1,'15ABJfq0cryamDZ5TV6HD9Mba3p0Uyff','2018-02-06 20:03:27','2018-02-06 20:03:27'),(588,1,'13y4QjFvSXPvYHHfN5YrsJA7kQYlqL9B','2018-02-06 21:31:19','2018-02-06 21:31:19'),(589,8,'6Lk66es0aaoHBjnWLOiXoEC09UixmRoL','2018-02-06 22:14:33','2018-02-06 22:14:33'),(594,1,'LqfDWDEwEXDSaXGuQRMwWzjq77ji3Nly','2018-02-07 19:10:05','2018-02-07 19:10:05'),(595,1,'mBU8rnnsiGvHbXSOV09fHj7sT1d1FloX','2018-02-07 19:10:05','2018-02-07 19:10:05'),(603,1,'bTaiIxtbyDm1fGgESgMMIRMJB1ARzzfN','2018-02-08 00:31:00','2018-02-08 00:31:00'),(605,8,'wxlw1jLv1NJPSyyCrjEihVsS8AkSeKdB','2018-02-08 01:22:05','2018-02-08 01:22:05'),(607,1,'OVz8xnhOU8CPRYocJu7VZFnUKbs4F7pU','2018-02-08 02:00:31','2018-02-08 02:00:31'),(608,1,'WvVjNtgeRP2EOW2R9aydHr7a0rqYQf8s','2018-02-08 02:00:31','2018-02-08 02:00:31'),(609,1,'z3FGmuAL19mXNfrDX7HExsCkTbm8LYb7','2018-02-20 18:38:21','2018-02-20 18:38:21'),(610,1,'8iIAmLFC5uspsDTI1zQ9gSu25mvwHYXA','2018-02-20 18:38:21','2018-02-20 18:38:21'),(611,1,'MFXMdjdHYLiWQo0o1aJfn28uaSrS1GDo','2018-02-20 23:00:58','2018-02-20 23:00:58'),(612,1,'a1OKXCZYs0EMwGgaHaW2qJSZaGtsal13','2018-02-20 23:00:58','2018-02-20 23:00:58'),(613,1,'q0j01G5VhXCVFUZ0IZ6VsCpEJfRHAWez','2018-02-21 18:32:21','2018-02-21 18:32:21'),(614,1,'EY4TszKzR6ghCh9MaMwHAQfr8QepXbBa','2018-02-21 18:32:21','2018-02-21 18:32:21'),(615,1,'8ZTCNSIt1J9qlpQDK4PH1V0ctML0IMJr','2018-02-22 00:51:27','2018-02-22 00:51:27'),(616,1,'nbTuhxZ0PxDipT1kSUpgDZUmFsUkwPsx','2018-02-22 09:03:38','2018-02-22 09:03:38'),(618,1,'uKNI6Mvu1ExO7rK09MNvAovaWYHLhTs1','2018-02-23 01:15:17','2018-02-23 01:15:17'),(619,1,'FspQxFJhmh85knlMInT4WZDQRixJz71d','2018-02-23 18:38:12','2018-02-23 18:38:12'),(620,1,'tjOZJFQR1oDB5LaKTE8Ms8vxLUUKbbBF','2018-02-23 18:38:12','2018-02-23 18:38:12'),(621,1,'K3NNN4k9OKUSnvmsj5kK14rq8l39pFmT','2018-02-23 22:37:19','2018-02-23 22:37:19'),(622,1,'5VdOj9t1SMTOOkxlX3SGJb8qVQ9WoHgM','2018-02-23 22:37:19','2018-02-23 22:37:19'),(623,1,'Ul8BpMVjUeWF98UrKmTgSPUtkv9Xic9A','2018-02-23 22:37:41','2018-02-23 22:37:41'),(624,1,'qKGsmyQqNwNTYgTG5O9sEJrmibWsYdVD','2018-02-23 22:37:41','2018-02-23 22:37:41'),(625,1,'C7VKdFfGrpXWoomUQCmBXO02hcu8fGCO','2018-02-23 22:39:35','2018-02-23 22:39:35'),(626,1,'220mzZp1oL38PQ2d8VhliYoNo7UxHm67','2018-02-23 22:39:35','2018-02-23 22:39:35'),(627,1,'al5sb4g355hIHLH0BIP0ejesi0XPo5Di','2018-02-25 05:09:49','2018-02-25 05:09:49'),(628,1,'ZJXzKSM1VX1qqAWf6unOvBqLY9a6Hb6P','2018-02-25 05:09:49','2018-02-25 05:09:49'),(629,1,'LhH0SVTSzMCqaqPf4QX0aotZP9v3taog','2018-02-26 00:25:42','2018-02-26 00:25:42'),(630,1,'hjLZjKjEArW8ZQelh5p7QqG0vhApKwAo','2018-02-26 00:25:42','2018-02-26 00:25:42'),(631,1,'jaftrpAl7wTji0W4Vyb16pkxzoapWsfy','2018-02-26 01:00:44','2018-02-26 01:00:44'),(632,1,'4XZRRoTxUao1PGjjCxGWXllfR5ruKWfi','2018-02-26 01:00:44','2018-02-26 01:00:44'),(633,1,'z20ZCP6ZoaRUfjoiYXYl0VfUDtJpkV7I','2018-02-26 18:21:19','2018-02-26 18:21:19'),(634,1,'fYkysaSFydtYce4V0Kqu66HMH98mhsZA','2018-02-26 18:21:19','2018-02-26 18:21:19'),(635,1,'NVO6Qedfm9ioOmGBaG0UsueQmLLaMVAC','2018-02-26 18:26:11','2018-02-26 18:26:11'),(636,1,'3EHuVytNqQxcUc5Xuq08CC1n51YzNSiD','2018-02-26 18:26:11','2018-02-26 18:26:11'),(637,1,'c4iIxDaA2K6OiJr0XAW6Tu47VBukfcQf','2018-02-26 20:13:38','2018-02-26 20:13:38'),(638,1,'vqXjvCqJe3X1op4zgUqUCudbHjpy28gg','2018-02-26 20:13:38','2018-02-26 20:13:38'),(639,1,'NpDrfo1E8XvDjE0mShe5FB97WcO94rn4','2018-02-27 10:23:41','2018-02-27 10:23:41'),(640,1,'j587qEvVqx0IehstgvOJTJjUoA8k6N8X','2018-02-27 10:23:41','2018-02-27 10:23:41'),(641,1,'PfZXqgOR1v7gA6WrxyxpyWzyrPlgvS0a','2018-02-27 17:47:18','2018-02-27 17:47:18'),(642,1,'L5CmFhHsSk6eCz6Cozc8uR4Dpn7umBqd','2018-02-27 17:47:18','2018-02-27 17:47:18'),(643,1,'KXjsLxOPGtNy5fY68ahfuMo4OPnNXitK','2018-02-27 23:48:15','2018-02-27 23:48:15'),(644,1,'7XxjQd4pk2DClfqq1IXry2iSKr6LmLAo','2018-02-27 23:48:15','2018-02-27 23:48:15'),(645,1,'JHpWzQbEXMpcG0mQnTEDJw5rlUJITahI','2018-02-28 01:50:26','2018-02-28 01:50:26'),(646,1,'HRAVYZBLZl4R5biLhwuavdWyVb43UOUj','2018-02-28 01:50:26','2018-02-28 01:50:26'),(647,1,'uH3X4pzxKl9fV4wDwVJ1XZbpt3STpyRm','2018-02-28 03:37:47','2018-02-28 03:37:47'),(648,1,'E13QWrFrZqr5PLSyEeYHgsAB25STeClg','2018-02-28 03:37:47','2018-02-28 03:37:47'),(649,1,'dRkAQr52wD2puNKCRKvxA3IBwyv1C9NN','2018-02-28 09:52:00','2018-02-28 09:52:00'),(650,1,'U4hRYTbezKc2z52vHILaLIlYizMtow8i','2018-02-28 09:52:00','2018-02-28 09:52:00'),(651,1,'byhwFx5G9AOvJN6SyMRcv4lbyTeqtST2','2018-02-28 19:44:49','2018-02-28 19:44:49'),(652,1,'0THJSAseoUTuZ4cCGCbSOIHXTp1Q9YdI','2018-02-28 19:44:49','2018-02-28 19:44:49'),(653,1,'GZIPErT4Bapcw5CNBQuRCr374lM8BSHm','2018-02-28 22:07:57','2018-02-28 22:07:57'),(654,1,'CZhMa7iBCpFSEOxJpRSfLcl9qYbZ7WDN','2018-02-28 22:07:57','2018-02-28 22:07:57'),(655,1,'srwsy5CAnIAzexTEEnYNnsBhZhfUBC6j','2018-02-28 23:53:56','2018-02-28 23:53:56'),(657,1,'NrZQdcOBNuOR3iW97MgzDVVYdR4hWrts','2018-02-28 23:54:01','2018-02-28 23:54:01'),(658,1,'Th102BYfA2BEu65BdXRqqucrfkKHIjTu','2018-02-28 23:54:01','2018-02-28 23:54:01'),(659,1,'epmwUt2eEbBAlPUsRvLYye9UXrDbWRsY','2018-03-01 20:36:24','2018-03-01 20:36:24'),(660,1,'IBPtMs86N9ZxYAokjAo5IZVsifLYULe0','2018-03-01 20:36:24','2018-03-01 20:36:24'),(661,1,'ah6aFi5zxKdz1F8cxjJ1pZnBnHyNZKOc','2018-03-01 21:05:27','2018-03-01 21:05:27'),(662,1,'6XwoqEwOBL1VASKFFs38FyUX5qgQpyQD','2018-03-01 21:05:27','2018-03-01 21:05:27'),(663,1,'fYpXZppwD1leYB1S9D3O2DKE0rZqMVil','2018-03-02 03:27:22','2018-03-02 03:27:22'),(664,1,'C5bfu1teMTdMwuwKXc9DsSSr65V4prxu','2018-03-02 03:27:22','2018-03-02 03:27:22'),(665,1,'18FtXw4eCoEk9aYC4KKeSujj3Skeeg1j','2018-03-02 07:41:14','2018-03-02 07:41:14'),(666,1,'gd6maf8zgzzu2O0mHXqHBn9IY1Ovvl0F','2018-03-02 07:41:14','2018-03-02 07:41:14'),(667,1,'K3emBbgwwtLt5ojXcvk8Q0tP3VqLefsd','2018-03-02 11:23:06','2018-03-02 11:23:06'),(668,1,'P6tdNZSePBmSorun8ODixsb0VDybzRdU','2018-03-02 11:23:06','2018-03-02 11:23:06'),(669,1,'dsnZFyjdEunjpPlzdUWupZUThhoLRUhj','2018-03-02 18:49:24','2018-03-02 18:49:24'),(670,1,'R1KiyE1oFR7SaY9COquFyViCysmD7GeT','2018-03-02 18:49:24','2018-03-02 18:49:24'),(671,1,'iJo0kENKMWSbmbhpqurfsGt1fxhOq8rb','2018-03-02 20:42:13','2018-03-02 20:42:13'),(672,1,'ciIiJWF6jOPdWQvcRU0AkOugGLYgOMvC','2018-03-02 20:42:13','2018-03-02 20:42:13'),(673,1,'HLvUMZxuVNmkyFrisdoWuDDA801m5sm3','2018-03-04 05:44:09','2018-03-04 05:44:09'),(674,1,'HeTLfvd9zkuaeXwksD615gyq72TLtHNs','2018-03-04 05:44:09','2018-03-04 05:44:09'),(675,1,'sbC8E1Kk4ot47cgDWJbeSvkF9s0Qqp2g','2018-03-05 00:00:13','2018-03-05 00:00:13'),(676,1,'i25E6x2AMWgQaPCYtX56nUNDScxRKV6t','2018-03-05 00:00:13','2018-03-05 00:00:13'),(677,1,'xn87wi5uUQDn2uSTmRsJxs0CXzEjAVv4','2018-03-07 02:54:18','2018-03-07 02:54:18'),(678,1,'KSUT34nlKI6L8PGyv0cTrbv4I3DYrEi7','2018-03-07 02:54:18','2018-03-07 02:54:18'),(679,1,'B8XzrZooV8fU2utG3I3HVqIsJGb8BMsg','2018-03-07 05:25:09','2018-03-07 05:25:09'),(680,1,'zWZ5YGezeMIbSJYc0UBVW3DQW6FpmFUV','2018-03-07 05:25:09','2018-03-07 05:25:09'),(681,1,'xtqAAbkXcYwpA4BRcU6egvPXRW7NG0L1','2018-03-07 10:46:09','2018-03-07 10:46:09'),(682,1,'TxbrsGteK8j72P79MFrD3Z44I4T192Hk','2018-03-07 10:46:09','2018-03-07 10:46:09'),(683,1,'mRHjqjwRSX3p7AqLPzILk4zi31W8gI2O','2018-03-07 13:38:35','2018-03-07 13:38:35'),(684,1,'xGBGJTbe1e0umQQZjLbpAxVZmKvLubGB','2018-03-07 13:38:35','2018-03-07 13:38:35'),(685,1,'0gO2pf6VOD5s8pbNYWTpN12mupJboZPU','2018-03-07 13:56:58','2018-03-07 13:56:58'),(686,1,'l0V6YuGv4QSMkyFYh5u4smIxHp9bKMfD','2018-03-07 13:56:58','2018-03-07 13:56:58'),(687,1,'DdH0YXntFHnDzdAcYtTHLXNOSrD9Nayi','2018-03-08 00:35:08','2018-03-08 00:35:08'),(688,1,'WVP0SgXfTfRXMtDKn5yCzhniy6ITsYXn','2018-03-08 00:35:08','2018-03-08 00:35:08'),(689,1,'dtPekV4MsbO8mfegEY5HQXncXvVAAicq','2018-03-08 02:55:06','2018-03-08 02:55:06'),(690,1,'44nWxEUwwTD8CGzOzjoutv1Yyt34Xi42','2018-03-08 02:55:06','2018-03-08 02:55:06'),(691,1,'zW258naq0j0KTXkI9f9n0iJDB5UMviZa','2018-03-09 01:31:57','2018-03-09 01:31:57'),(692,1,'c7937k8NYcXK3j1Hr96LJQhDxaK00XwP','2018-03-09 01:31:57','2018-03-09 01:31:57'),(693,1,'5R8A7OodILq54RYQ0TC5tKrhigfTfHFP','2018-03-09 23:03:00','2018-03-09 23:03:00'),(695,1,'bLqkWAb61eAbB2GzWSzacoZKF7JVcqmx','2018-03-10 00:21:45','2018-03-10 00:21:45'),(696,1,'CmDgjN9sv1zEHPMha1xbZqrNvxr1u6fU','2018-03-10 00:21:45','2018-03-10 00:21:45'),(697,1,'70LhgQmbM3ePDyhUk0m8clPUuOfeVlax','2018-03-12 01:26:52','2018-03-12 01:26:52'),(698,1,'uXA1S7f3Fv218HhK0KYpx6ohND0LVaBG','2018-03-12 01:26:52','2018-03-12 01:26:52'),(699,1,'Z5UGllqTBbuZdy2FGBpB7AxVlnPycCxk','2018-03-12 04:25:56','2018-03-12 04:25:56'),(700,1,'uLr0gFAcWegAkejxnIg572CNftPlQEfj','2018-03-12 04:25:56','2018-03-12 04:25:56'),(701,1,'o6eHDvnHWdn1MqyMLZeQ0s4qSbyH5YCh','2018-03-12 05:14:27','2018-03-12 05:14:27'),(702,1,'iwckNXMkOnCVQdj1PNngM1edLxTuMKNK','2018-03-12 05:14:27','2018-03-12 05:14:27'),(703,1,'z3CFbndaFo63KgiQjPuV6jwh6OMMmUNr','2018-03-12 18:56:01','2018-03-12 18:56:01'),(704,1,'yp1HVdtxNYSITndkMjIMOcj61cIWS3uK','2018-03-12 18:56:01','2018-03-12 18:56:01'),(705,1,'0o5TH3GwFbGw4I0IUH6zxj05N5YFezWb','2018-03-12 19:37:48','2018-03-12 19:37:48'),(706,1,'NhrIwDeXhvPxfvcTYHwSdKe0Nmc2Orv2','2018-03-12 19:37:48','2018-03-12 19:37:48'),(707,1,'vUwqO2s9eU92ka8XBcjzgOyrntdNvecG','2018-03-12 19:50:39','2018-03-12 19:50:39'),(708,1,'S626mJT9dxa71O7kPIzcyY6MEk1P4K2O','2018-03-12 19:50:39','2018-03-12 19:50:39'),(709,1,'mcQtwdrvHWpOxVzTrPExUs9cUBDh4etX','2018-03-12 20:48:08','2018-03-12 20:48:08'),(710,1,'4jJWxP2m43APqDQAvJGELgjb3tihWGVj','2018-03-12 20:48:08','2018-03-12 20:48:08'),(711,1,'IKNd6lpDgpH58dzdf48yUPjT7NNNFuDn','2018-03-12 20:49:36','2018-03-12 20:49:36'),(712,1,'VRMuqJzbghv7aLQLD2Ynx6oPimNZ9sdk','2018-03-12 20:49:36','2018-03-12 20:49:36'),(713,1,'OCKS44CPwpsLS0qNsJeaHp3uxztND167','2018-03-12 21:34:29','2018-03-12 21:34:29'),(714,1,'9LNeEsiwSNIRsxAAZGkXrG21eywNwBcE','2018-03-12 21:34:29','2018-03-12 21:34:29'),(715,1,'paKxxM0eS68pn4rVkrUi18tfut58edsf','2018-03-12 22:14:56','2018-03-12 22:14:56'),(716,1,'SF352JEZsAstv41mIlJlzpfAibtVd4tf','2018-03-12 22:14:56','2018-03-12 22:14:56'),(717,1,'4JdD49wrb0V4sHtNxEAK0gfAI8iiUDNV','2018-03-13 00:46:58','2018-03-13 00:46:58'),(718,1,'7fkvj5IctcBAjpLNB7oW5rQLXd0uac3t','2018-03-13 00:46:58','2018-03-13 00:46:58'),(719,1,'XP510DrDG5PD6bREHiswReySnl4djsIN','2018-03-13 01:14:42','2018-03-13 01:14:42'),(720,1,'PjGZkgvejGQMipZZ1BI0Udfqe0akmhQi','2018-03-13 01:14:42','2018-03-13 01:14:42'),(721,1,'WhjyxT93LFWPKOG8x4bSwnrwleuIRHNk','2018-03-13 04:06:37','2018-03-13 04:06:37'),(722,1,'AUeHtgYnHpX9VPVAQIc61g8c4OCPf65g','2018-03-13 04:06:37','2018-03-13 04:06:37'),(723,1,'4AIThW03xeUzORzL1RagV6I1OIQIri29','2018-03-13 18:39:53','2018-03-13 18:39:53'),(724,1,'VfXIErsQMYW6hD2dQd3jkv7GJauG7OqQ','2018-03-13 18:39:53','2018-03-13 18:39:53'),(725,12,'rBFCZxXwvmbkGO8jinaJglOpkT4wTNIg','2018-03-13 18:44:05','2018-03-13 18:44:05'),(726,12,'pwnEsMxBLTWNOx7rPvJLHcac1SETvd4h','2018-03-13 18:44:05','2018-03-13 18:44:05'),(727,1,'GDSnYc9pMm7sukbMmrXDAY2XH0l6gBGf','2018-03-13 18:44:35','2018-03-13 18:44:35'),(728,1,'gnbnHXOAFuAZaIWJoKu8J8In6MoaiFfx','2018-03-13 18:44:35','2018-03-13 18:44:35'),(729,12,'p7AQU0WYA5d5BP9GeBbxfGLqXgHg1VwU','2018-03-13 18:44:58','2018-03-13 18:44:58'),(730,12,'Qws70qug0cXVd2BPBH6PYBxavmW5X382','2018-03-13 18:44:58','2018-03-13 18:44:58'),(731,1,'LffILsb9qh7cY16GlPOxouaFevpzbm8G','2018-03-13 19:07:03','2018-03-13 19:07:03'),(732,1,'rmOc6IM1qu4Fas56uNFunZBGKmtY73KU','2018-03-13 19:07:04','2018-03-13 19:07:04'),(733,1,'OAernJS8fBlY8gIqiHqF1M3ya3wipNQx','2018-03-13 19:07:12','2018-03-13 19:07:12'),(734,1,'BaZkrjj1WxCbzDoQuLiSugEZuCTklT7w','2018-03-13 19:07:12','2018-03-13 19:07:12'),(735,1,'DNR0vm0lGETTtM8mKVnv40s2kvgXri3K','2018-03-13 19:44:31','2018-03-13 19:44:31'),(736,1,'zgueCViTDBhjrWZRbAokY51R9Vw5CFRW','2018-03-13 19:44:31','2018-03-13 19:44:31'),(737,14,'K6tw6t7Evn9GcXybQeDw6A3PswlvHr2r','2018-03-13 19:46:20','2018-03-13 19:46:20'),(738,14,'sj8dKug5hlUjX1e5Wv8tOxyDycNNttzE','2018-03-13 19:46:20','2018-03-13 19:46:20'),(739,14,'LcH5SlmiKC5pVEK1f3deU52nD0nhsbKc','2018-03-13 19:48:14','2018-03-13 19:48:14'),(740,14,'bfAXcJBUpQPHK4WMqkg5WRzRgcyFDH6A','2018-03-13 19:48:14','2018-03-13 19:48:14'),(741,1,'cNgo5DY7yg6fvZWfUiUR9Qdn0AJLcgon','2018-03-13 19:48:46','2018-03-13 19:48:46'),(743,15,'kc4mJCfW8b1VgNukNXC3jMxSTjWiWeW3','2018-03-13 19:51:13','2018-03-13 19:51:13'),(744,15,'liAHdi51M6DDNTpLF77kYkkGlw1jQAvO','2018-03-13 19:51:13','2018-03-13 19:51:13'),(745,14,'6LXqipS7esU82Dqek9w3sLj2j9uyeTss','2018-03-13 19:52:48','2018-03-13 19:52:48'),(746,14,'rz95L28UCDVZSoxFZ5UmQ5Kzu0SRbrd4','2018-03-13 19:52:48','2018-03-13 19:52:48'),(747,14,'fqMCgW9PbUfqEwMHXSi2iMNWSEqe5hDq','2018-03-13 19:53:39','2018-03-13 19:53:39'),(749,1,'g653FIPyACmVjJ0n6ApAP0BCLZob6hli','2018-03-13 19:57:02','2018-03-13 19:57:02'),(750,1,'0gE3V33LpGkYUhKRsewm2Spe5fjJJzbq','2018-03-13 19:57:02','2018-03-13 19:57:02'),(751,14,'sIL8bqixgLkVrSJoNHCrAmzuttCT1zfg','2018-03-13 20:44:48','2018-03-13 20:44:48'),(752,14,'GBoIaul3HYHxi8dTA0j8Ggy0qKQylkIm','2018-03-13 20:44:48','2018-03-13 20:44:48'),(753,1,'0wF9kIYt2oObmX8tyPOackmkAoQfPXTL','2018-03-13 20:49:04','2018-03-13 20:49:04'),(754,1,'3O6zhLbgC05RgNMqp9qxG4fpIepK4Ij3','2018-03-13 20:49:04','2018-03-13 20:49:04'),(755,1,'ZVh9hRNiVl3XiQR9xtoRdVnkLHbyl13n','2018-03-13 21:36:05','2018-03-13 21:36:05'),(756,1,'PyGPsqXGrWJGhyU5S6oSI7wNvrcwv2CL','2018-03-13 21:36:05','2018-03-13 21:36:05'),(757,15,'mdI2P0htiB1XTNy0jEXJ1BqMBqfBQyPJ','2018-03-13 21:42:34','2018-03-13 21:42:34'),(759,1,'X91z4SAAJPqnPhQQWJucuktFl1d01rLq','2018-03-13 21:43:06','2018-03-13 21:43:06'),(760,1,'zV1rYcBgsjx148qNaAEcBIX3kdvudS2A','2018-03-13 21:43:06','2018-03-13 21:43:06'),(761,1,'nGjHiMvoCrcMWshE87TcyTISYiA7BpK8','2018-03-15 00:56:28','2018-03-15 00:56:28'),(762,1,'5WmAG8o7ME5dJorZvxAyaigcIZUZ4UYF','2018-03-15 00:56:28','2018-03-15 00:56:28'),(763,1,'rZ0Vp4PWAauBqhb4C0S7vCfpMRsSvl6c','2018-03-18 18:54:01','2018-03-18 18:54:01'),(764,1,'1w3KzwIgJE8OLlx3xanGKsJxjdcmyXbM','2018-03-18 18:54:01','2018-03-18 18:54:01'),(765,1,'VhVlDqMJubCHEPePi1n772dekLVbRn15','2018-03-18 20:21:11','2018-03-18 20:21:11'),(766,1,'wxCSpkojictK2Hvbh5Y5KQkXDim7FpV6','2018-03-18 20:21:11','2018-03-18 20:21:11'),(767,1,'dSzmO4oZqiaL4Etg7Ok1T2rXnKw2rg8A','2018-03-18 20:39:50','2018-03-18 20:39:50'),(768,1,'bl0yxr9SZz4jOhL1e3h0mmf4Wx5YhSJW','2018-03-18 20:39:50','2018-03-18 20:39:50'),(769,16,'01f8wN2ZmkVKMBgP5BoRG2MV5x1CmW3K','2018-03-19 00:20:56','2018-03-19 00:20:56'),(770,16,'aM9920ka8ubXxTqvTm4uNxiXhPrzWRWx','2018-03-19 00:20:56','2018-03-19 00:20:56'),(771,1,'A8Up6kY4pvbozwSKehn1ddzOHefoIlrj','2018-03-19 01:12:38','2018-03-19 01:12:38'),(772,1,'361U4P9qpDzYle3zIniqiAtukIbuvSqx','2018-03-19 01:12:38','2018-03-19 01:12:38'),(773,1,'zAXxpnoUcF08gAU4UeYLBgef9uYZptk2','2018-03-19 01:28:39','2018-03-19 01:28:39'),(774,1,'pSnAoCsRyprvfzfmiLYY7XkNEJXvjVnM','2018-03-19 01:28:39','2018-03-19 01:28:39'),(775,16,'MxVtDzSwdxDkDKfnPTqYCskdw7OUsblY','2018-03-19 03:12:44','2018-03-19 03:12:44'),(776,16,'A6xfoHOxAbLOdcJr9Wn08Oq02cgZX2s6','2018-03-19 03:12:44','2018-03-19 03:12:44'),(777,16,'qYLeHVz7RWmKpUM22gNuwp3wz1VwtiAS','2018-03-19 03:12:45','2018-03-19 03:12:45'),(778,16,'lvnrZgBTdg6Zo3vpXxZF9GwriZ8L3NYa','2018-03-19 03:12:45','2018-03-19 03:12:45'),(779,1,'GG35Q0kQ2Fe9i3sbofYDGteABiXLrX0c','2018-03-19 03:28:32','2018-03-19 03:28:32'),(780,1,'gHRCovhTkV3b4MzL44DRQIowg58HnLld','2018-03-19 03:28:32','2018-03-19 03:28:32'),(781,1,'zrQ1axb0kh2ghSUFpWWEswy5OU4s6G6R','2018-03-19 03:34:32','2018-03-19 03:34:32'),(782,1,'AwkpqiKxm8X2wFxmt8xJuEzPycFiVYgm','2018-03-19 03:34:32','2018-03-19 03:34:32'),(783,16,'noUhRYeuNtuRE76tcTk4TvWbLV5PVeue','2018-03-19 03:53:17','2018-03-19 03:53:17'),(784,1,'ETIUZmJz0Oi7dau7HuudmvyHXPg3wXJ6','2018-03-19 03:59:05','2018-03-19 03:59:05'),(785,1,'bSmht48OLuiB46dT6u0o4r4QYnc0lOG3','2018-03-19 04:07:29','2018-03-19 04:07:29'),(786,1,'8b3uuZqjagUdmxSe0hmdA2mrZ1Qbahcb','2018-03-19 04:31:08','2018-03-19 04:31:08'),(787,1,'c11pXNbXi4ze83socfogJUwKzUkBnPVT','2018-03-19 06:39:09','2018-03-19 06:39:09'),(788,1,'lMTysJKQXfO7IaEVC5h6J35WcVI4vguR','2018-03-19 18:55:52','2018-03-19 18:55:52'),(789,1,'rrSlqgueLGrCcZmXTiC9Cw7jLHOLjWgI','2018-03-19 20:21:22','2018-03-19 20:21:22'),(790,1,'5fFvQihHLCJR9s1Clg2shCDQA2LdxbaO','2018-03-19 21:18:56','2018-03-19 21:18:56'),(791,1,'rgIQTAh1y9Apxn1XeE74h4BXrTSJELka','2018-03-19 21:43:10','2018-03-19 21:43:10'),(792,1,'mazlYOdL090B7OkcvPKOc5JDjPZTC3vu','2018-03-19 22:09:02','2018-03-19 22:09:02'),(793,1,'nItdoT4bghRRTFkt6ekP6ELt6Q7iL4oj','2018-03-20 02:19:26','2018-03-20 02:19:26'),(794,1,'WmA7cIHiFKHVF3HXbYfT6gf7Y58YCZ4w','2018-03-20 03:46:05','2018-03-20 03:46:05'),(795,1,'h9IdtJUOoNRL0I97ZXfCKb5aF5rE5Wym','2018-03-20 08:58:06','2018-03-20 08:58:06'),(796,1,'G9V6NahLvTy6LUaaDh62bSZT95kdMnaw','2018-03-20 12:21:29','2018-03-20 12:21:29'),(797,1,'RMezE5QaASJR8afKG7cO9IyW5jO0tISz','2018-03-20 13:30:50','2018-03-20 13:30:50'),(798,1,'XaR7hRK1EwC2Kf7nUFVhOuZy2zUf8ucg','2018-03-20 18:52:28','2018-03-20 18:52:28'),(799,1,'Snqh8ivQX4bnFMuMl1yJhz0EA8MzA84V','2018-03-20 20:02:13','2018-03-20 20:02:13'),(800,1,'7L73nlW04VxorSHPgD2BSZ0gWoIIukji','2018-03-20 20:13:23','2018-03-20 20:13:23'),(801,1,'PyXsZmiEkNsZ3AtBPZQYSkRSN9rqsdg7','2018-03-20 20:34:59','2018-03-20 20:34:59'),(802,1,'lSmOXzPQu7B3Gsxz8Q6B0PU4nWZ10ety','2018-03-20 20:35:46','2018-03-20 20:35:46'),(803,1,'fynhnpWCeQATdD2Qmf8RCyXH02QjCj7P','2018-03-20 20:50:25','2018-03-20 20:50:25'),(804,1,'yCW4U2bHSfGFiDIl7z0HXoh1UFPUIeqE','2018-03-20 20:55:43','2018-03-20 20:55:43'),(805,1,'JkF4p8tYUP4oN5der79jIWWgFefqU0fI','2018-03-20 21:09:48','2018-03-20 21:09:48'),(806,1,'TpAbAiDvu5vRRA3RcuJcRUxArJ7yqdSe','2018-03-20 21:35:40','2018-03-20 21:35:40'),(807,1,'Bm3L0cx6AgmmfwosMXedJSYkCrN6Hi5L','2018-03-21 04:40:14','2018-03-21 04:40:14'),(808,1,'aMP5vFkW9K3Ohk6BkFn6EJHhqkGuIkvP','2018-03-21 22:55:29','2018-03-21 22:55:29'),(809,1,'IsseRvXc2Yw1jjvzp7mxYIanXPO5rjEZ','2018-03-21 22:59:19','2018-03-21 22:59:19'),(810,1,'QWM4SgxxWtrZBvoTJYLTjgkRTUCXRvVl','2018-03-22 00:20:21','2018-03-22 00:20:21'),(811,1,'ucC1zcIYRHxEZ6jFZMn1piUNdCBndVrB','2018-03-22 07:50:08','2018-03-22 07:50:08'),(812,1,'hBuAPCwJsXpImVFDczr07NUKD4maczgv','2018-03-25 21:13:02','2018-03-25 21:13:02'),(813,1,'7f44jonBZCaWhRG3fq6LnySxvpIWT3lF','2018-03-26 00:37:16','2018-03-26 00:37:16'),(814,1,'98iIPSZUtmkECi4CndD1fXPs7iz9VhDi','2018-03-28 20:45:30','2018-03-28 20:45:30'),(815,1,'4e817wTnlzwdR1gXdS9h9CJxgQ3s8WEA','2018-03-28 21:51:08','2018-03-28 21:51:08'),(817,1,'NYMrWaQC7C0MXnZ3guIH3jcGodi03awk','2018-03-29 02:21:44','2018-03-29 02:21:44'),(818,1,'gtACDQRc26hY8jEO0WCcOa9KYkXVuvKK','2018-03-29 21:41:27','2018-03-29 21:41:27'),(819,1,'z1J0xvNwTwzWPsS6cIVoUQkDn62vuwVB','2018-04-03 00:44:43','2018-04-03 00:44:43'),(820,1,'6UxGtKre7I7IUz510inaeyD6z36eoXk4','2018-04-03 00:49:26','2018-04-03 00:49:26');
/*!40000 ALTER TABLE `persistences` ENABLE KEYS */;
UNLOCK TABLES;

--
-- Table structure for table `photo`
--

DROP TABLE IF EXISTS `photo`;
/*!40101 SET @saved_cs_client     = @@character_set_client */;
/*!40101 SET character_set_client = utf8 */;
CREATE TABLE `photo` (
  `id` int(11) NOT NULL AUTO_INCREMENT,
  `album_id` int(11) DEFAULT NULL,
  `image` varchar(255) CHARACTER SET utf8 DEFAULT NULL,
  `sort_order` int(11) DEFAULT NULL,
  `status` int(1) DEFAULT NULL,
  `created_at` datetime DEFAULT NULL,
  `updated_at` datetime DEFAULT NULL,
  PRIMARY KEY (`id`)
) ENGINE=InnoDB DEFAULT CHARSET=utf8 COLLATE=utf8_unicode_ci ROW_FORMAT=COMPACT;
/*!40101 SET character_set_client = @saved_cs_client */;

--
-- Dumping data for table `photo`
--

LOCK TABLES `photo` WRITE;
/*!40000 ALTER TABLE `photo` DISABLE KEYS */;
/*!40000 ALTER TABLE `photo` ENABLE KEYS */;
UNLOCK TABLES;

--
-- Table structure for table `post_param`
--

DROP TABLE IF EXISTS `post_param`;
/*!40101 SET @saved_cs_client     = @@character_set_client */;
/*!40101 SET character_set_client = utf8 */;
CREATE TABLE `post_param` (
  `id` bigint(20) NOT NULL AUTO_INCREMENT,
  `post_id` int(11) DEFAULT NULL,
  `param_id` int(11) DEFAULT NULL,
  `created_at` datetime DEFAULT NULL,
  `updated_at` datetime DEFAULT NULL,
  PRIMARY KEY (`id`)
) ENGINE=InnoDB AUTO_INCREMENT=211 DEFAULT CHARSET=utf8 COLLATE=utf8_unicode_ci;
/*!40101 SET character_set_client = @saved_cs_client */;

--
-- Dumping data for table `post_param`
--

LOCK TABLES `post_param` WRITE;
/*!40000 ALTER TABLE `post_param` DISABLE KEYS */;
INSERT INTO `post_param` VALUES (22,9,10,'2018-02-27 05:02:45','2018-02-27 05:02:45'),(23,9,54,'2018-02-27 05:02:45','2018-02-27 05:02:45'),(24,10,10,'2018-02-27 05:03:46','2018-02-27 05:03:46'),(25,10,54,'2018-02-27 05:03:46','2018-02-27 05:03:46'),(26,11,10,'2018-02-27 17:49:34','2018-02-27 17:49:34'),(27,11,53,'2018-02-27 17:49:34','2018-02-27 17:49:34'),(30,12,10,'2018-02-27 17:52:23','2018-02-27 17:52:23'),(31,12,54,'2018-02-27 17:52:23','2018-02-27 17:52:23'),(32,13,10,'2018-02-27 17:56:08','2018-02-27 17:56:08'),(33,13,53,'2018-02-27 17:56:08','2018-02-27 17:56:08'),(34,14,10,'2018-02-27 17:57:52','2018-02-27 17:57:52'),(35,14,54,'2018-02-27 17:57:52','2018-02-27 17:57:52'),(36,15,10,'2018-02-27 18:06:27','2018-02-27 18:06:27'),(37,15,53,'2018-02-27 18:06:27','2018-02-27 18:06:27'),(38,16,10,'2018-02-27 18:08:03','2018-02-27 18:08:03'),(39,16,53,'2018-02-27 18:08:03','2018-02-27 18:08:03'),(76,35,12,'2018-02-28 03:40:45','2018-02-28 03:40:45'),(77,35,54,'2018-02-28 03:40:45','2018-02-28 03:40:45'),(78,36,12,'2018-02-28 03:44:03','2018-02-28 03:44:03'),(79,36,53,'2018-02-28 03:44:03','2018-02-28 03:44:03'),(80,37,53,'2018-02-28 03:45:18','2018-02-28 03:45:18'),(81,38,12,'2018-02-28 03:47:44','2018-02-28 03:47:44'),(82,38,53,'2018-02-28 03:47:44','2018-02-28 03:47:44'),(83,39,12,'2018-02-28 03:50:58','2018-02-28 03:50:58'),(84,39,53,'2018-02-28 03:50:58','2018-02-28 03:50:58'),(85,40,12,'2018-02-28 03:52:21','2018-02-28 03:52:21'),(86,40,53,'2018-02-28 03:52:21','2018-02-28 03:52:21'),(87,41,10,'2018-02-28 04:30:37','2018-02-28 04:30:37'),(88,41,53,'2018-02-28 04:30:37','2018-02-28 04:30:37'),(89,42,10,'2018-02-28 04:32:19','2018-02-28 04:32:19'),(90,42,53,'2018-02-28 04:32:19','2018-02-28 04:32:19'),(91,43,10,'2018-02-28 04:36:15','2018-02-28 04:36:15'),(92,43,53,'2018-02-28 04:36:15','2018-02-28 04:36:15'),(93,44,10,'2018-02-28 04:37:28','2018-02-28 04:37:28'),(94,44,53,'2018-02-28 04:37:28','2018-02-28 04:37:28'),(95,45,10,'2018-02-28 04:42:31','2018-02-28 04:42:31'),(96,45,53,'2018-02-28 04:42:31','2018-02-28 04:42:31'),(102,46,10,'2018-02-28 04:45:43','2018-02-28 04:45:43'),(103,46,53,'2018-02-28 04:45:43','2018-02-28 04:45:43'),(166,1,10,'2018-03-03 03:46:00','2018-03-03 03:46:00'),(167,1,23,'2018-03-03 03:46:00','2018-03-03 03:46:00'),(168,1,53,'2018-03-03 03:46:00','2018-03-03 03:46:00'),(169,1,62,'2018-03-03 03:46:00','2018-03-03 03:46:00'),(170,1,68,'2018-03-03 03:46:00','2018-03-03 03:46:00'),(171,2,10,'2018-03-03 03:46:22','2018-03-03 03:46:22'),(172,2,23,'2018-03-03 03:46:22','2018-03-03 03:46:22'),(173,2,53,'2018-03-03 03:46:22','2018-03-03 03:46:22'),(174,2,61,'2018-03-03 03:46:22','2018-03-03 03:46:22'),(175,2,70,'2018-03-03 03:46:22','2018-03-03 03:46:22'),(176,3,10,'2018-03-03 03:47:23','2018-03-03 03:47:23'),(177,3,23,'2018-03-03 03:47:23','2018-03-03 03:47:23'),(178,3,53,'2018-03-03 03:47:23','2018-03-03 03:47:23'),(179,3,61,'2018-03-03 03:47:23','2018-03-03 03:47:23'),(180,3,71,'2018-03-03 03:47:23','2018-03-03 03:47:23'),(181,4,10,'2018-03-03 03:48:01','2018-03-03 03:48:01'),(182,4,23,'2018-03-03 03:48:01','2018-03-03 03:48:01'),(183,4,53,'2018-03-03 03:48:01','2018-03-03 03:48:01'),(184,4,61,'2018-03-03 03:48:01','2018-03-03 03:48:01'),(185,4,70,'2018-03-03 03:48:01','2018-03-03 03:48:01'),(186,5,10,'2018-03-03 03:48:40','2018-03-03 03:48:40'),(187,5,23,'2018-03-03 03:48:40','2018-03-03 03:48:40'),(188,5,53,'2018-03-03 03:48:40','2018-03-03 03:48:40'),(189,5,61,'2018-03-03 03:48:40','2018-03-03 03:48:40'),(190,5,70,'2018-03-03 03:48:40','2018-03-03 03:48:40'),(191,6,10,'2018-03-03 03:49:11','2018-03-03 03:49:11'),(192,6,23,'2018-03-03 03:49:11','2018-03-03 03:49:11'),(193,6,53,'2018-03-03 03:49:11','2018-03-03 03:49:11'),(194,6,61,'2018-03-03 03:49:11','2018-03-03 03:49:11'),(195,6,69,'2018-03-03 03:49:11','2018-03-03 03:49:11'),(196,7,10,'2018-03-03 03:49:41','2018-03-03 03:49:41'),(197,7,23,'2018-03-03 03:49:41','2018-03-03 03:49:41'),(198,7,53,'2018-03-03 03:49:41','2018-03-03 03:49:41'),(199,7,61,'2018-03-03 03:49:41','2018-03-03 03:49:41'),(200,7,68,'2018-03-03 03:49:41','2018-03-03 03:49:41'),(201,8,10,'2018-03-03 03:50:07','2018-03-03 03:50:07'),(202,8,23,'2018-03-03 03:50:07','2018-03-03 03:50:07'),(203,8,53,'2018-03-03 03:50:07','2018-03-03 03:50:07'),(204,8,61,'2018-03-03 03:50:07','2018-03-03 03:50:07'),(205,8,68,'2018-03-03 03:50:07','2018-03-03 03:50:07'),(210,47,10,'2018-03-08 08:24:38','2018-03-08 08:24:38');
/*!40000 ALTER TABLE `post_param` ENABLE KEYS */;
UNLOCK TABLES;

--
-- Table structure for table `privilege`
--

DROP TABLE IF EXISTS `privilege`;
/*!40101 SET @saved_cs_client     = @@character_set_client */;
/*!40101 SET character_set_client = utf8 */;
CREATE TABLE `privilege` (
  `id` int(11) NOT NULL AUTO_INCREMENT,
  `fullname` varchar(255) DEFAULT NULL,
  `controller` varchar(45) NOT NULL,
  `action` varchar(45) NOT NULL,
  `sort_order` int(11) DEFAULT NULL,
  `created_at` datetime DEFAULT NULL,
  `updated_at` datetime DEFAULT NULL,
  PRIMARY KEY (`id`)
) ENGINE=InnoDB AUTO_INCREMENT=151 DEFAULT CHARSET=utf8;
/*!40101 SET character_set_client = @saved_cs_client */;

--
-- Dumping data for table `privilege`
--

LOCK TABLES `privilege` WRITE;
/*!40000 ALTER TABLE `privilege` DISABLE KEYS */;
INSERT INTO `privilege` VALUES (1,'category-article-list','category-article','list',1,'2017-05-18 06:49:30','2017-05-19 17:26:33'),(2,'category-article-form','category-article','form',1,'2017-05-18 06:50:32','2017-11-26 16:43:37'),(3,'category-article-trash','category-article','trash',1,'2017-05-18 06:51:27','2017-11-26 16:43:37'),(4,'article-list','article','list',1,'2017-05-18 08:34:41','2017-05-19 18:11:35'),(5,'article-form','article','form',1,'2017-05-18 08:35:17','2017-05-19 17:24:54'),(16,'category-article-status','category-article','status',1,'2017-05-19 08:23:46','2017-11-26 16:43:37'),(17,'category-article-delete','category-article','delete',1,'2017-05-19 08:25:14','2017-11-26 16:43:37'),(18,'privilege-list','privilege','list',1,NULL,'2017-11-26 16:43:37'),(19,'privilege-form','privilege','form',1,NULL,'2017-11-26 16:43:37'),(24,'group-member-list','group-member','list',1,'2017-05-19 11:59:40','2017-11-26 16:43:37'),(25,'group-member-form','group-member','form',1,'2017-05-19 12:00:09','2017-11-26 16:43:37'),(33,'category-article-ordering','category-article','ordering',1,'2017-05-19 17:29:14','2017-11-26 16:43:37'),(43,'user-list','user','list',1,'2017-05-19 17:45:27','2017-11-26 16:43:37'),(44,'user-form','user','form',1,'2017-05-19 17:45:57','2017-11-26 16:43:37'),(49,'menu-type-list','menu-type','list',1,'2017-05-19 17:49:35','2017-11-26 16:43:37'),(50,'menu-type-form','menu-type','form',1,'2017-05-19 17:49:53','2017-11-26 16:43:37'),(55,'menu-list','menu','list',1,'2017-05-19 18:01:20','2017-11-26 16:43:37'),(56,'menu-form','menu','form',1,'2017-05-19 18:01:38','2017-11-26 16:43:37'),(57,'menu-trash','menu','trash',1,'2017-05-19 18:01:52','2017-11-26 16:43:37'),(58,'menu-delete','menu','delete',1,'2017-05-19 18:02:17','2017-11-26 16:43:37'),(59,'menu-status','menu','status',1,'2017-05-19 18:02:31','2017-11-26 16:43:37'),(60,'menu-ordering','menu','ordering',1,'2017-05-19 18:02:50','2017-11-26 16:43:37'),(61,'media-list','media','list',1,'2017-05-19 18:05:47','2017-11-26 16:43:37'),(62,'media-form','media','form',1,'2017-05-19 18:06:05','2017-11-26 16:43:37'),(63,'media-trash','media','trash',1,'2017-05-19 18:06:22','2017-11-26 16:43:37'),(67,'product-list','product','list',1,'2017-05-19 18:09:08','2017-11-26 16:43:37'),(68,'product-form','product','form',1,'2017-05-19 18:09:20','2017-11-26 16:43:37'),(79,'invoice-list','invoice','list',1,'2017-05-19 18:14:02','2017-11-26 16:43:37'),(80,'invoice-form','invoice','form',1,'2017-05-19 18:14:30','2017-11-26 16:43:37'),(85,'customer-list','customer','list',1,'2017-05-19 18:16:10','2017-11-26 16:43:37'),(86,'customer-form','customer','form',1,'2017-05-19 18:16:33','2017-11-26 16:43:37'),(103,'category-product-list','category-product','list',1,'2017-11-26 14:50:53','2017-11-26 14:50:53'),(104,'category-product-form','category-product','form',1,'2017-11-26 14:51:11','2017-11-26 14:51:11'),(105,'payment-method-list','payment-method','list',1,'2017-11-26 14:52:56','2017-11-26 14:52:56'),(106,'payment-method-form','payment-method','form',1,'2017-11-26 14:53:10','2017-11-26 14:53:10'),(107,'module-item-list','module-item','list',1,'2017-11-26 14:54:56','2017-11-26 14:54:56'),(108,'module-item-form','module-item','form',1,'2017-11-26 14:55:07','2017-11-26 14:55:07'),(109,'setting-system-list','setting-system','list',1,'2017-11-26 14:56:14','2017-11-26 14:56:31'),(110,'setting-system-form','setting-system','form',1,'2017-11-26 14:56:46','2017-11-26 14:56:46'),(111,'category-product-trash','category-product','trash',1,'2017-11-26 16:31:27','2017-11-26 16:31:45'),(112,'category-product-status','category-product','status',1,'2017-11-26 16:32:17','2017-11-26 16:32:17'),(113,'category-product-delete','category-product','delete',1,'2017-11-26 16:32:50','2017-11-26 16:32:50'),(114,'category-product-ordering','category-product','ordering',1,'2017-11-26 16:33:08','2017-11-26 16:33:08'),(115,'category-banner-list','category-banner','list',1,'2017-12-12 04:05:17','2017-12-12 04:05:17'),(116,'category-banner-form','category-banner','form',1,'2017-12-12 04:05:47','2017-12-12 04:05:47'),(117,'category-banner-trash','category-banner','trash',1,'2017-12-12 04:06:15','2017-12-12 04:06:15'),(118,'category-banner-status','category-banner','status',1,'2017-12-12 04:06:43','2017-12-12 04:06:43'),(119,'category-banner-delete','category-banner','delete',1,'2017-12-12 04:07:11','2017-12-12 04:08:01'),(120,'category-banner-ordering','category-banner','ordering',1,'2017-12-12 04:07:32','2017-12-12 04:08:01'),(121,'banner-list','banner','list',1,'2017-12-12 07:41:46','2017-12-12 07:41:46'),(122,'banner-form','banner','form',1,'2017-12-12 07:41:56','2017-12-12 07:41:56'),(123,'page-list','page','list',1,'2017-12-13 18:10:13','2017-12-13 18:10:13'),(124,'page-form','page','form',1,'2017-12-13 18:10:24','2017-12-13 18:10:24'),(125,'project-list','project','list',1,'2018-01-04 09:45:36','2018-01-04 09:45:36'),(126,'project-form','project','form',1,'2018-01-04 09:45:49','2018-01-04 09:45:49'),(127,'project-article-list','project-article','list',1,'2018-01-04 15:21:53','2018-01-04 15:21:53'),(128,'project-article-form','project-article','form',1,'2018-01-04 15:22:08','2018-01-04 15:22:08'),(129,'supporter-list','supporter','list',1,'2018-01-07 17:18:23','2018-01-07 17:18:23'),(130,'supporter-form','supporter','form',1,'2018-01-07 17:18:39','2018-01-07 17:18:39'),(131,'organization-list','organization','list',1,'2018-01-08 04:32:03','2018-01-08 04:32:03'),(132,'organization-form','organization','form',1,'2018-01-08 04:32:17','2018-01-08 04:32:17'),(133,'album-list','album','list',1,'2018-01-08 15:57:00','2018-01-08 15:57:00'),(134,'album-form','album','form',1,'2018-01-08 15:57:10','2018-01-08 15:57:10'),(135,'photo-list','photo','list',1,'2018-01-08 18:07:30','2018-01-08 18:07:30'),(136,'photo-form','photo','form',1,'2018-01-08 18:07:39','2018-01-08 18:07:39'),(137,'category-video-list','category-video','list',1,'2018-01-09 09:54:53','2018-01-09 09:54:53'),(138,'category-video-form','category-video','form',1,'2018-01-09 09:55:06','2018-01-09 09:55:06'),(139,'video-list','video','list',1,'2018-01-09 09:55:16','2018-01-09 09:55:16'),(140,'video-form','video','form',1,'2018-01-09 09:55:24','2018-01-09 09:55:24'),(141,'province-list','province','list',1,'2018-01-21 17:53:20','2018-01-21 17:53:20'),(142,'province-form','province','form',1,'2018-01-21 17:53:29','2018-01-21 17:53:29'),(143,'district-list','district','list',1,'2018-01-22 02:03:24','2018-01-22 02:03:24'),(144,'district-form','district','form',1,'2018-01-22 02:03:34','2018-01-22 02:03:34'),(145,'category-param-list','category-param','list',1,'2018-02-01 20:15:43','2018-02-01 20:15:43'),(146,'category-param-form','category-param','form',1,'2018-02-01 20:15:56','2018-02-01 20:15:56'),(147,'category-param-trash','category-param','trash',1,'2018-02-01 20:43:36','2018-02-01 20:43:36'),(148,'category-param-delete','category-param','delete',1,'2018-02-01 20:43:52','2018-02-01 20:43:52'),(149,'category-param-status','category-param','status',1,'2018-02-01 20:44:13','2018-02-01 20:44:13'),(150,'category-param-ordering','category-param','ordering',1,'2018-02-01 20:44:42','2018-02-01 20:44:42');
/*!40000 ALTER TABLE `privilege` ENABLE KEYS */;
UNLOCK TABLES;

--
-- Table structure for table `product`
--

DROP TABLE IF EXISTS `product`;
/*!40101 SET @saved_cs_client     = @@character_set_client */;
/*!40101 SET character_set_client = utf8 */;
CREATE TABLE `product` (
  `id` int(11) NOT NULL AUTO_INCREMENT,
  `code` varchar(255) CHARACTER SET utf8 DEFAULT NULL,
  `fullname` varchar(255) COLLATE utf8_unicode_ci DEFAULT NULL,
  `meta_keyword` text COLLATE utf8_unicode_ci,
  `meta_description` text COLLATE utf8_unicode_ci,
  `alias` varchar(255) CHARACTER SET utf8 DEFAULT NULL,
  `image` varchar(255) CHARACTER SET utf8 DEFAULT NULL,
  `status` int(11) DEFAULT NULL,
  `child_image` text CHARACTER SET utf8,
  `price` decimal(11,2) DEFAULT NULL,
  `sale_price` decimal(11,2) DEFAULT NULL,
  `intro` text COLLATE utf8_unicode_ci,
  `detail` text CHARACTER SET utf8,
  `technical_detail` text COLLATE utf8_unicode_ci,
  `video_id` varchar(255) COLLATE utf8_unicode_ci DEFAULT NULL,
  `count_view` int(11) DEFAULT NULL,
  `category_id` int(11) DEFAULT NULL,
  `sort_order` int(11) DEFAULT NULL,
  `created_at` datetime DEFAULT NULL,
  `updated_at` datetime DEFAULT NULL,
  PRIMARY KEY (`id`)
) ENGINE=InnoDB AUTO_INCREMENT=48 DEFAULT CHARSET=utf8 COLLATE=utf8_unicode_ci ROW_FORMAT=COMPACT;
/*!40101 SET character_set_client = @saved_cs_client */;

--
-- Dumping data for table `product`
--

LOCK TABLES `product` WRITE;
/*!40000 ALTER TABLE `product` DISABLE KEYS */;
INSERT INTO `product` VALUES (1,'128746935','Lenovo IdeaPad 120S 11IAP N3350 (81A40072VN)','metakeyword Lenovo IdeaPad','metadescription Lenovo IdeaPad','lenovo-ideapad-120s-11iap-n3350-81a40072vn','laptop-1.png',1,'[\"laptop-2.png\",\"laptop-3.png\",\"laptop-4.png\"]',5190000.00,4600000.00,'giới thiệu Lenovo IdeaPad','<p>chi tiết&nbsp;Lenovo IdeaPad</p>','','',68,1,1,'2018-02-27 03:25:36','2018-04-17 02:40:26'),(2,'781234596','Acer Aspire ES1 432 N3350','metakeyword Acer Aspire ES1 432 N3350','metadescription Acer Aspire ES1 432 N3350','acer-aspire-es1-432-n3350','laptop-2.png',1,'[\"laptop-1.png\",\"laptop-3.png\",\"laptop-4.png\"]',6290000.00,0.00,'giới thiệu Acer Aspire ES1 432 N3350','<p>chi tiết&nbsp;Acer Aspire ES1 432 N3350</p>','','',87,1,2,'2018-02-27 04:11:33','2018-04-17 18:53:26'),(3,'138796452','Asus X441NA N4200 (GA070T)','metakeyword Asus X441NA N4200 (GA070T)','metadescription Asus X441NA N4200 (GA070T)','asus-x441na-n4200-ga070t','laptop-3.png',1,'[\"laptop-1.png\",\"laptop-2.png\",\"laptop-4.png\"]',7490000.00,0.00,'giới thiệu Asus X441NA N4200 (GA070T)','<p>chi tiết&nbsp;Asus X441NA N4200 (GA070T)</p>','','',82,1,3,'2018-02-27 04:13:15','2018-04-17 22:08:43'),(4,'476285319','Acer ES1 533 N4200 (NX.GFTSV.003)','metakeyword Acer ES1 533 N4200 (NX.GFTSV.003)','metadescription Acer ES1 533 N4200 (NX.GFTSV.003)','acer-es1-533-n4200-nxgftsv003','laptop-4.png',1,'[\"laptop-1.png\",\"laptop-2.png\",\"laptop-3.png\"]',7490000.00,0.00,'giới thiệu Acer ES1 533 N4200 (NX.GFTSV.003)','<p>chi tiết&nbsp;Acer ES1 533 N4200 (NX.GFTSV.003)</p>','','',81,1,4,'2018-02-27 04:14:16','2018-04-17 22:15:30'),(5,'719853246','Acer ES1 533 P6L2 N4200 (NX.GFTSV.008)','metakeyword Acer ES1 533 P6L2 N4200 (NX.GFTSV.008)','metadescription Acer ES1 533 P6L2 N4200 (NX.GFTSV.008)','acer-es1-533-p6l2-n4200-nxgftsv008','laptop-5.png',1,'[\"laptop-1.png\",\"laptop-2.png\",\"laptop-3.png\"]',7490000.00,0.00,'giới thiệu Acer ES1 533 P6L2 N4200 (NX.GFTSV.008)','<p>chi tiết&nbsp;Acer ES1 533 P6L2 N4200 (NX.GFTSV.008)</p>','','',80,1,5,'2018-02-27 04:16:35','2018-04-17 22:13:49'),(6,'415723689','HP 15 bs578TU N3710 (2LR89PA)','metakeyword HP 15 bs578TU N3710 (2LR89PA)','metadescription HP 15 bs578TU N3710 (2LR89PA)','hp-15-bs578tu-n3710-2lr89pa','laptop-6.png',1,'[\"laptop-1.png\",\"laptop-2.png\",\"laptop-3.png\"]',7690000.00,0.00,'giới thiệu HP 15 bs578TU N3710 (2LR89PA)','<p>chi tiết&nbsp;HP 15 bs578TU N3710 (2LR89PA)</p>','','',81,1,6,'2018-02-27 04:17:44','2018-04-17 08:25:46'),(7,'419327658','Lenovo Ideapad 320 14ISK i3 6006 (80XG0083VN)','metakeyword Lenovo Ideapad 320 14ISK i3 6006 (80XG0083VN)','metadescription Lenovo Ideapad 320 14ISK i3 6006 (80XG0083VN)','lenovo-ideapad-320-14isk-i3-6006-80xg0083vn','laptop-7.png',1,'[\"laptop-1.png\",\"laptop-2.png\",\"laptop-3.png\"]',8990000.00,0.00,'giới thiệu Lenovo Ideapad 320 14ISK i3 6006 (80XG0083VN)','<p>chi tiết&nbsp;Lenovo Ideapad 320 14ISK i3 6006 (80XG0083VN)</p>','','',79,1,7,'2018-02-27 04:18:58','2018-04-17 12:02:42'),(8,'924175638','Lenovo IdeaPad 110 15ISK i3 6006U (80UD018KVN)','metakeyword Lenovo IdeaPad 110 15ISK i3 6006U (80UD018KVN)','metadescription Lenovo IdeaPad 110 15ISK i3 6006U (80UD018KVN)','lenovo-ideapad-110-15isk-i3-6006u-80ud018kvn','laptop-8.png',1,'[\"laptop-1.png\",\"laptop-2.png\",\"laptop-3.png\"]',9290000.00,0.00,'giới thiệu Lenovo IdeaPad 110 15ISK i3 6006U (80UD018KVN)','<p>chi tiết&nbsp;Lenovo IdeaPad 110 15ISK i3 6006U (80UD018KVN)</p>','','',71,1,8,'2018-02-27 04:20:39','2018-04-17 10:34:19'),(9,'352461897','Asus TP203NAH N4200 (BP052T)','metakeyword Asus TP203NAH N4200 (BP052T)','metadescription Asus TP203NAH N4200 (BP052T)','asus-tp203nah-n4200-bp052t','laptop-9.png',1,'[\"laptop-1.png\",\"laptop-2.png\",\"laptop-3.png\"]',9890000.00,0.00,'giới thiệu Asus TP203NAH N4200 (BP052T)','<p>chi tiết&nbsp;Asus TP203NAH N4200 (BP052T)</p>',NULL,NULL,92,1,9,'2018-02-27 05:02:45','2018-04-17 21:05:53'),(10,'328519647','HP 15 bs571TU i3 6006U (2JQ68PA)','metakeyword HP 15 bs571TU i3 6006U (2JQ68PA)','metadescription HP 15 bs571TU i3 6006U (2JQ68PA)','hp-15-bs571tu-i3-6006u-2jq68pa','laptop-10.png',1,'[\"laptop-4.png\",\"laptop-5.png\",\"laptop-6.png\"]',10490000.00,0.00,'giới thiệu HP 15 bs571TU i3 6006U (2JQ68PA)','<p>chi tiết&nbsp;HP 15 bs571TU i3 6006U (2JQ68PA)</p>',NULL,NULL,115,1,10,'2018-02-27 05:03:46','2018-04-18 03:13:37'),(11,'971358246','Máy tính để bàn ACER ASPIRE ATC-780 DT.B59SV.002','metakeyword Máy tính để bàn ACER ASPIRE ATC-780 DT.B59SV.002','metadescription Máy tính để bàn ACER ASPIRE ATC-780 DT.B59SV.002','may-tinh-de-ban-acer-aspire-atc-780-dtb59sv002','may-bo-1.png',1,'[\"may-bo-2.png\",\"may-bo-3.png\",\"may-bo-4.png\"]',8490000.00,0.00,'giới thiệu Máy tính để bàn ACER ASPIRE ATC-780 DT.B59SV.002','<p>chi tiết&nbsp;M&aacute;y t&iacute;nh để b&agrave;n ACER ASPIRE ATC-780 DT.B59SV.002</p>',NULL,NULL,78,12,11,'2018-02-27 17:49:34','2018-04-17 22:10:25'),(12,'849162357','Máy tính để bàn ACER ASPIRE TC-780 (DT.B89SV.008)','metakeyword ACER ASPIRE TC-780 (DT.B89SV.008)','metadescription ACER ASPIRE TC-780 (DT.B89SV.008)','may-tinh-de-ban-acer-aspire-tc-780-dtb89sv008','may-bo-2.png',1,'[\"may-bo-1.png\",\"may-bo-3.png\",\"may-bo-4.png\",\"may-bo-5.png\"]',8690000.00,0.00,'giới thiệu ACER ASPIRE TC-780 (DT.B89SV.008)','<p>chi tiết&nbsp;ACER ASPIRE TC-780 (DT.B89SV.008)</p>',NULL,NULL,79,12,12,'2018-02-27 17:51:40','2018-04-17 09:10:08'),(13,'179526348','Máy tính để bàn DELL VOSTRO 3268 (CORE I5)','metakeyword DELL VOSTRO 3268 (CORE I5)','metadescription DELL VOSTRO 3268 (CORE I5)','may-tinh-de-ban-dell-vostro-3268-core-i5','may-bo-3.png',1,'[\"may-bo-4.png\",\"may-bo-5.png\",\"may-bo-6.png\"]',11490000.00,0.00,'giới thiệu DELL VOSTRO 3268 (CORE I5)','<p>chi tiết&nbsp;DELL VOSTRO 3268 (CORE I5)</p>',NULL,NULL,73,12,13,'2018-02-27 17:56:08','2018-04-17 13:22:56'),(14,'329156847','Máy tính để bàn ACER ASPIRE TC-780','metakeyword ACER ASPIRE TC-780 (COREi3/RAM4GB/HDD1TB)','metadescription ACER ASPIRE TC-780 (COREi3/RAM4GB/HDD1TB)','may-tinh-de-ban-acer-aspire-tc-780','may-bo-4.png',1,'[\"may-bo-1.png\",\"may-bo-2.png\",\"may-bo-3.png\"]',8490000.00,0.00,'giới thiệu ACER ASPIRE TC-780 (COREi3/RAM4GB/HDD1TB)','<p>chi tiết&nbsp;ACER ASPIRE TC-780 (COREi3/RAM4GB/HDD1TB)</p>',NULL,NULL,106,12,14,'2018-02-27 17:57:52','2018-04-17 19:25:42'),(15,'489257361','Máy tính để bàn ACER ASPIRE TC-780 (DT.B89SV.005)','','','may-tinh-de-ban-acer-aspire-tc-780-dtb89sv005','may-bo-5.png',1,NULL,8590000.00,0.00,'','',NULL,NULL,96,12,15,'2018-02-27 18:06:27','2018-04-17 22:23:36'),(16,'657428319','Máy tính để bàn FPT ELEAD NK930 6811','metakeyword FPT ELEAD NK930 6811','metadescription FPT ELEAD NK930 6811','may-tinh-de-ban-fpt-elead-nk930-6811','may-bo-6.png',1,'[\"may-bo-1.png\",\"may-bo-2.png\",\"may-bo-3.png\"]',7290000.00,0.00,'giới thiệu FPT ELEAD NK930 6811','<p>chi tiết&nbsp;ACER ASPIRE TC-780 (DT.B89SV.005)</p>',NULL,NULL,88,12,16,'2018-02-27 18:08:03','2018-04-18 04:35:36'),(35,'163597842','Tai Nghe PHILIPS SHE1350','metakeyword Miếng Dán Màn Hình Laptop 15.5\"','metadescription Miếng Dán Màn Hình Laptop 15.5\"','tai-nghe-philips-she1350','pk-may-tinh-1.png',1,'[\"pk-may-tinh-2.png\",\"pk-may-tinh-3.png\",\"pk-may-tinh-4.png\"]',49000.00,0.00,'giới thiệu Miếng Dán Màn Hình Laptop 15.5\"','<p>chi tiết&nbsp;Miếng D&aacute;n M&agrave;n H&igrave;nh Laptop 15.5&quot;</p>',NULL,NULL,76,16,35,'2018-02-28 03:40:45','2018-04-17 19:24:00'),(36,'324759816','Chuột KD KONIG KN915','metakeyword CHUỘT KD KONIG KN915','metadescription CHUỘT KD KONIG KN915','chuot-kd-konig-kn915','pk-may-tinh-2.png',1,'[\"pk-may-tinh-1.png\",\"pk-may-tinh-3.png\",\"pk-may-tinh-4.png\"]',89000.00,0.00,'giới thiệu CHUỘT KD KONIG KN915','<p>chi tiết&nbsp;CHUỘT KD KONIG KN915</p>',NULL,NULL,75,16,36,'2018-02-28 03:44:03','2018-04-17 08:31:17'),(37,'315294876','USB SANDISK 8GB CZ50 CRUZER GLIDE','metakeyword USB SANDISK 8GB CZ50 CRUZER GLIDE','metadescription USB SANDISK 8GB CZ50 CRUZER GLIDE','usb-sandisk-8gb-cz50-cruzer-glide','pk-may-tinh-3.png',1,'[\"pk-may-tinh-1.png\",\"pk-may-tinh-2.png\",\"pk-may-tinh-4.png\"]',89000.00,0.00,'giới thiệu USB SANDISK 8GB CZ50 CRUZER GLIDE','<p>chi tiết&nbsp;USB SANDISK 8GB CZ50 CRUZER GLIDE</p>',NULL,NULL,70,16,37,'2018-02-28 03:45:18','2018-04-17 14:22:46'),(38,'589643127','Ổ Cứng Di Động 8GB CZ50 CRUZER BLADE USB 2.0 SANDISK','metakeyword Ổ CỨNG DI ĐỘNG 8GB CZ50 CRUZER BLADE USB 2.0 SANDISK','metadescription Ổ CỨNG DI ĐỘNG 8GB CZ50 CRUZER BLADE USB 2.0 SANDISK','o-cung-di-dong-8gb-cz50-cruzer-blade-usb-20-sandisk','pk-may-tinh-4.png',1,'[\"pk-may-tinh-1.png\",\"pk-may-tinh-2.png\",\"pk-may-tinh-3.png\"]',89000.00,0.00,'giới thiệu Ổ CỨNG DI ĐỘNG 8GB CZ50 CRUZER BLADE USB 2.0 SANDISK','<p>chi tiết&nbsp;Ổ CỨNG DI ĐỘNG 8GB CZ50 CRUZER BLADE USB 2.0 SANDISK</p>',NULL,NULL,68,16,38,'2018-02-28 03:47:44','2018-04-17 12:05:21'),(39,'967324158','Miếng Dán Màn Hình LAPTOP 15.5\"','metakeyword Tai Nghe PHILIPS SHE1350','metadescription Tai Nghe PHILIPS SHE1350','mieng-dan-man-hinh-laptop-155','pk-may-tinh-5.png',1,'[\"pk-may-tinh-2.png\",\"pk-may-tinh-3.png\",\"pk-may-tinh-4.png\"]',49000.00,0.00,'giới thiệu Tai Nghe PHILIPS SHE1350','<p>chi tiết&nbsp;Tai Nghe PHILIPS SHE1350</p>',NULL,NULL,78,16,39,'2018-02-28 03:50:58','2018-04-17 16:58:37'),(40,'183954762','Headphone A4 TECH HS - 12','metakeyword HEADPHONE A4 TECH HS - 12','metadescription HEADPHONE A4 TECH HS - 12','headphone-a4-tech-hs-12','pk-may-tinh-6.png',1,'[\"pk-may-tinh-3.png\",\"pk-may-tinh-4.png\",\"pk-may-tinh-5.png\"]',50000.00,0.00,'giới thiệu HEADPHONE A4 TECH HS - 12','<p>chi tiết&nbsp;HEADPHONE A4 TECH HS - 12</p>',NULL,NULL,82,16,40,'2018-02-28 03:52:21','2018-04-17 10:04:31'),(41,'134682795','Loa ARIRANG JANT I','metakeyword Loa ARIRANG JANT I','metadescription Loa ARIRANG JANT I','loa-arirang-jant-i','loa-1.png',1,'[\"loa-2.png\",\"loa-3.png\",\"loa-4.png\"]',1990000.00,0.00,'giới thiệu Loa ARIRANG JANT I','<p>chi tiết&nbsp;Loa ARIRANG JANT I</p>',NULL,NULL,86,17,41,'2018-02-28 04:30:37','2018-04-17 21:00:48'),(42,'827963415','Loa RINTON RT-705','metakeyword Loa RINTON RT-705','metadescription Loa RINTON RT-705','loa-rinton-rt-705','loa-2.png',1,'[\"loa-1.png\",\"loa-2.png\",\"loa-4.png\"]',2490000.00,0.00,'giới thiệu Loa RINTON RT-705','<p>chi tiết&nbsp;Loa RINTON RT-705</p>',NULL,NULL,77,17,42,'2018-02-28 04:32:19','2018-04-17 21:04:11'),(43,'831425769','Máy Tăng Âm RINTON PA-7600','metakeyword MÁY TĂNG ÂM RINTON PA-7600','metadescription MÁY TĂNG ÂM RINTON PA-7600','may-tang-am-rinton-pa-7600','loa-3.png',1,'[\"loa-1.png\",\"loa-2.png\",\"loa-4.png\"]',2690000.00,0.00,'giới thiệu MÁY TĂNG ÂM RINTON PA-7600','<p>chi tiết&nbsp;M&Aacute;Y TĂNG &Acirc;M RINTON PA-7600</p>',NULL,NULL,75,17,43,'2018-02-28 04:36:15','2018-04-17 11:14:36'),(44,'928475136','Máy Tăng Âm ARIRANG SPA 203 III','metakeyword MÁY TĂNG ÂM ARIRANG SPA 203 III','metadescription MÁY TĂNG ÂM ARIRANG SPA 203 III','may-tang-am-arirang-spa-203-iii','loa-4.png',1,'[\"loa-1.png\",\"loa-2.png\",\"loa-3.png\"]',2490000.00,0.00,'giới thiệu MÁY TĂNG ÂM ARIRANG SPA 203 III','<p>chi tiết&nbsp;M&Aacute;Y TĂNG &Acirc;M ARIRANG SPA 203 III</p>',NULL,NULL,75,17,44,'2018-02-28 04:37:28','2018-04-17 13:40:35'),(45,'519438267','Loa Kéo RINTON PL-1','metakeyword Loa Kéo RINTON PL-1','metadescription Loa Kéo RINTON PL-1','loa-keo-rinton-pl-1','loa-5.png',1,'[\"loa-2.png\",\"loa-3.png\",\"loa-4.png\"]',4790000.00,0.00,'giới thiệu Loa Kéo RINTON PL-1','<p>chi tiết&nbsp;Loa K&eacute;o RINTON PL-1</p>',NULL,NULL,87,17,45,'2018-02-28 04:42:31','2018-04-17 09:35:31'),(46,'387621594','Loa BOSE ACOUSTIMASS 6 SERIES V','metakeyword LOA BOSE ACOUSTIMASS 6 SERIES V','metadescription LOA BOSE ACOUSTIMASS 6 SERIES V','loa-bose-acoustimass-6-series-v','loa-6.png',1,'[\"loa-1.png\",\"loa-2.png\",\"loa-3.png\"]',18760000.00,0.00,'giới thiệu LOA BOSE ACOUSTIMASS 6 SERIES V','<p>chi tiết&nbsp;LOA BOSE ACOUSTIMASS 6 SERIES V</p>',NULL,NULL,85,17,46,'2018-02-28 04:44:11','2018-04-17 09:45:53'),(47,'579241683','Dell Latitude E6530 Core i7 3620M','Laptop Dell Latitude E6530 Core i7 3620M Ram 4G HDD 250G 15.6\" VGA ON','Laptop cũ Dell Laitutde E6530 i7 là dòng laptop chuyên gam và đồ họa. Có thể nói đây là dòng máy có cấu hình siêu mạnh. Hình dáng và cấu hình của nó phù hợp với game thủ và các chuyên viên IT. Máy được bọc nhôm nguyên khối theo tiêu chuẩn của quân đội Mỹ. Đây là dòng máy cao cấp của Dell ','dell-latitude-e6530-core-i7-3620m','laptop-cu-dell-latitude-e6530-i7-1.png',1,NULL,8000000.00,0.00,'','<p style=\"text-align:justify\"><strong>Laptop cũ Dell Latitude E6530 i7</strong>&nbsp;l&agrave; d&ograve;ng doanh nh&acirc;n cao cấp. Tuy nhi&ecirc;n hiện nay ch&uacute;ng được d&ugrave;ng nhiều cho c&aacute;c kĩ thuật vi&ecirc;n, lập tr&igrave;nh vi&ecirc;n, IT hay game thủ. Thiết kế kh&aacute; l&agrave; bắt mắt theo kiểu d&aacute;ng cho doanh nh&acirc;n. Tuy vậy th&igrave; k&iacute;ch cỡ, khối lượng cũng như cấu h&igrave;nh của n&oacute; thi ph&ugrave; hợp cho IT hơn l&agrave; doanh nh&acirc;n. D&ograve;ng laptop Dell E6530 i7 n&agrave;y c&oacute; gi&aacute; xuất xưởng l&agrave; cực k&igrave; cao, nhưng bạn chỉ cần bỏ ra 1/3 chi ph&iacute; l&agrave; c&oacute; thể sở hữu 1 chiếc m&aacute;y cực đỉnh. Những chiếc laptop cũ đang cực k&igrave; được ưa chuộng tại Việt Nam.N&oacute;i về khả năng của<strong>&nbsp;laptop cũ Dell Latitude E6530 i7</strong>&nbsp;th&igrave; phải n&oacute;i đến khả năng xử l&yacute; đồ họa cực đỉnh c&ugrave;ng khả năng chơi game ở cấu h&igrave;nh cao v&ocirc; c&ugrave;ng mượt m&agrave;. Đương nhi&ecirc;n 1 chiếc&nbsp;laptop&nbsp;mạnh như thế n&agrave;y th&igrave; chuyện văn ph&ograve;ng, học tập, nghi&ecirc;n cứu, chơi game l&agrave; rất b&igrave;nh thường. Tuy nhi&ecirc;n để thấy hết khả năng ưu việt của chiếc laptop th&igrave; ch&uacute;ng ta sẽ cho n&oacute; ở đ&uacute;ng cấu h&igrave;nh. Cấu h&igrave;nh chuẩn của laptop cũ Dell Latitude E6530 i7:<br />\n<br />\n- Cấu h&igrave;nh 1: Core i7 3620M Ram 8G HDD 500G M&agrave;n h&igrave;nh 15.6&quot; full HD trị gi&aacute; 9.5 triệu đồng<br />\n- Cấu h&igrave;nh 3: Core i7 3620M Ram 16G HDD 1TB M&agrave;n h&igrave;nh 15.6&quot; full HD trị gi&aacute; 11.5 triệu đồng<br />\n<br />\nKhi n&oacute;i về&nbsp;<strong>laptop cũ Dell Latitude E6530 i7</strong>&nbsp;người ta kh&ocirc;ng c&ograve;n từ g&igrave; để n&oacute;i về cấu h&igrave;nh m&aacute;y n&agrave;y ngo&agrave;i 1 chữ: khủng. Chiếc m&aacute;y si&ecirc;u khủng n&agrave;y cho bạn trải nghiệm ho&agrave;n to&agrave;n tuyệt vời. Muốn chơi game nặng như Li&ecirc;n Minh Huyền Thoại, Fifa online 3, Battleground, CF, V&otilde; L&acirc;m... Hay đồ họa nặng như 3Dmax, 3D, Corel, Photoshop, autocad, dựng phim...Đương nhi&ecirc;n đi k&egrave;m với m&aacute;y si&ecirc;u khủng th&igrave; cần c&oacute; những phần qu&agrave; si&ecirc;u khủng.<br />\n<br />\nTham khảo th&ecirc;m những mẫu&nbsp;<strong>laptop cũ</strong>&nbsp;của DC mobile<br />\n&nbsp;</p>\n\n<h3 style=\"text-align:justify\"><strong>Khi mua&nbsp;laptop cũ Dell Latitude E6530 i7 tại DC mobile bạn sẽ được tặng k&egrave;m:</strong></h3>\n\n<p style=\"text-align:justify\">1 balo cao cấp trị gi&aacute; 300.000 đồng</p>\n\n<p style=\"text-align:justify\">1 bộ vệ sinh m&agrave;n h&igrave;nh 6 m&oacute;n trị gi&aacute; 69.000 đồng</p>\n\n<p style=\"text-align:justify\">3 th&aacute;ng bảo h&agrave;nh nguy&ecirc;n m&aacute;y</p>\n\n<p style=\"text-align:justify\">G&oacute;i vệ sinh v&agrave; thay keo tản nhiệt 1 năm trị gi&aacute; 100.000 đồng.</p>\n\n<p style=\"text-align:justify\">&nbsp;</p>\n\n<h3 style=\"text-align:justify\"><strong>Kh&aacute;ch h&agrave;ng c&oacute; thể chọn c&aacute;c cấu h&igrave;nh mạnh hơn nh&eacute;</strong></h3>\n\n<p style=\"text-align:justify\">&nbsp;</p>\n\n<p style=\"text-align:justify\">Ram 4G n&acirc;ng l&ecirc;n 8G th&ecirc;m 500k<br />\n<br />\nVGA ON l&ecirc;n VGA rời NVS 5200M th&ecirc;m 300k</p>\n\n<p style=\"text-align:justify\"><strong>Cấu h&igrave;nh 1:</strong>&nbsp;Core i7 3620m - Ram 4g - hdd 250g&nbsp;=&nbsp;<em>8.000.000vnd</em></p>\n\n<p style=\"text-align:justify\"><strong>Cấu h&igrave;nh 2:</strong>&nbsp;Core i7 3620m - Ram 4g - hdd 320g&nbsp;=&nbsp;<em>8.200.000vnd</em></p>\n\n<p style=\"text-align:justify\"><strong>Cấu h&igrave;nh 3:</strong>&nbsp;Core i7 3620m - Ram 4g - hdd 500g =&nbsp;<em>8.500.000vnd</em></p>\n\n<p style=\"text-align:justify\"><strong>Cấu h&igrave;nh 4:</strong>&nbsp;Core i7 3620m - Ram 4g -&nbsp;<strong>SSD 120g</strong>&nbsp;=&nbsp;<em>9.000.000vnd</em></p>\n\n<p style=\"text-align:justify\"><strong>Cấu h&igrave;nh 5:</strong>&nbsp;Core i7 3620m - Ram 4g -&nbsp;<strong>SSD 240g</strong>&nbsp;=&nbsp;<em>10.000.000vnd</em><br />\n<br />\nH&atilde;y đến với&nbsp;<strong>DC mobile</strong>&nbsp;để xem m&aacute;y trực tiếp hoặc c&oacute; thể gọi v&agrave;o hotline để đặt h&agrave;ng nh&eacute;. Ch&uacute;ng t&ocirc;i c&oacute; hệ thống giao h&agrave;ng to&agrave;n quốc chỉ cần kh&aacute;ch h&agrave;ng đặt h&agrave;ng l&agrave; sẽ c&oacute; người giao tận tay cho qu&yacute; kh&aacute;ch. Nếu cần th&ecirc;m th&ocirc;ng tin c&oacute; thể chat với chuy&ecirc;n vi&ecirc;n tư vấn để chọn m&aacute;y ph&ugrave; hợp nh&eacute;.&nbsp;<br />\n<br />\nH&igrave;nh ảnh thực tế của&nbsp;<strong>laptop cũ Dell Latitude E6530 i7</strong><br />\n&nbsp;</p>\n\n<p style=\"text-align:justify\"><img alt=\"Laptop Dell Latitude E6530 i7\" src=\"https://dcmobile.vn/uploads/shops/laptop-dell/latitude/e6530/laptop-dell-latitude-e6530-i7.jpg\" style=\"height:605px; width:800px\" /></p>\n\n<p style=\"text-align:justify\">laptop Dell Latitude E6530 i7</p>\n\n<p style=\"text-align:justify\"><img alt=\"Laptop Dell Latitude E6530 i7\" src=\"https://dcmobile.vn/uploads/shops/laptop-dell/latitude/e6530/laptop-dell-latitude-e6530-i7-3.jpg\" style=\"height:602px; width:800px\" /></p>\n\n<p style=\"text-align:justify\">Laptop Dell Latitude E6530 i7</p>\n\n<p style=\"text-align:justify\"><img alt=\"Laptop Dell Latitude E6530 i7 \" src=\"https://dcmobile.vn/uploads/shops/laptop-dell/latitude/e6530/laptop-dell-latitude-e6530-i7-1.jpg\" style=\"height:609px; width:800px\" /></p>\n\n<p style=\"text-align:justify\">Laptop Dell Latitude E6530 i7</p>\n\n<p style=\"text-align:justify\"><img alt=\"laptop Dell Latitude E6530 i7\" src=\"https://dcmobile.vn/uploads/shops/laptop-dell/latitude/e6530/laptop-dell-latitude-e6530-i7-2.jpg\" style=\"height:629px; width:800px\" /></p>\n\n<p style=\"text-align:justify\">Laptop Dell Latitude E6530 i7</p>','<h2 style=\"text-align:justify\"><strong>Th&ocirc;ng số kỹ thuật&nbsp;laptop cũ Dell Latitude E6530 i7</strong></h2>\n\n<p style=\"text-align:justify\">&nbsp;</p>\n\n<p style=\"text-align:justify\"><strong>CPU:</strong>&nbsp;Intel&nbsp;<strong>Core i7</strong><strong>&nbsp;362</strong><strong>0m&nbsp;3.0</strong><strong>Ghz&nbsp;</strong>turbo boost<strong>&nbsp;3.2GHz</strong>,&nbsp;3M Cache&nbsp;Ivy&nbsp;Brigde&nbsp;(thế hệ 3) Xử l&yacute; si&ecirc;u&nbsp;nhanh</p>\n\n<p style=\"text-align:justify\">&nbsp;</p>\n\n<p style=\"text-align:justify\"><strong>Ram:&nbsp;4G</strong>&nbsp;ddr3&nbsp;bus 1600 Mhz<strong>&nbsp;</strong>(n&acirc;ng cấp l&ecirc;n 8G&nbsp;th&ecirc;m 500k)</p>\n\n<p style=\"text-align:justify\">&nbsp;</p>\n\n<p style=\"text-align:justify\"><strong>HDD: 250G</strong>&nbsp;(n&acirc;ng cấp l&ecirc;n HDD lớn hơn &nbsp;hoặc SSD thoải m&aacute;i)</p>\n\n<p style=\"text-align:justify\">&nbsp;</p>\n\n<p style=\"text-align:justify\">Card m&agrave;n h&igrave;nh<strong>&nbsp;Onboad</strong>:&nbsp;<strong>Intel HD 4400 up to 2.1G</strong>&nbsp;- m&aacute;t, tiết kiệm pin, bền v&agrave; ổn định</p>\n\n<p style=\"text-align:justify\">&nbsp;</p>\n\n<p style=\"text-align:justify\"><strong>Độ lớn m&agrave;n h&igrave;nh:</strong>&nbsp;<strong>15.6&nbsp;inch LED Full HD (1920*1080)</strong>-&nbsp;s&aacute;ng đẹp, phủ lớp&nbsp;chống ch&oacute;i d&agrave;nh cho doanh nh&acirc;n</p>\n\n<p style=\"text-align:justify\">&nbsp;</p>\n\n<p style=\"text-align:justify\">Option gồm c&oacute;:&nbsp;<strong>WC Camera,</strong>&nbsp; DVD, Display port(xuất&nbsp;HDMi), Vga out, Lan, SD, SC PCi, Wifi chuẩn N,<strong>&nbsp;</strong></p>\n\n<p style=\"text-align:justify\">&nbsp;</p>\n\n<p style=\"text-align:justify\"><strong>Sạc zin, Pin&nbsp;zin 6&nbsp;cell, 9 cell</strong></p>\n\n<p style=\"text-align:justify\">&nbsp;</p>\n\n<p style=\"text-align:justify\">Win7 pro theo m&aacute;y, c&oacute; thể&nbsp;c&agrave;i Win 10 bản quyền nh</p>','',105,1,47,'2018-03-08 08:07:46','2018-04-17 10:15:57');
/*!40000 ALTER TABLE `product` ENABLE KEYS */;
UNLOCK TABLES;

--
-- Table structure for table `project`
--

DROP TABLE IF EXISTS `project`;
/*!40101 SET @saved_cs_client     = @@character_set_client */;
/*!40101 SET character_set_client = utf8 */;
CREATE TABLE `project` (
  `id` bigint(11) NOT NULL AUTO_INCREMENT,
  `fullname` varchar(255) COLLATE utf8_unicode_ci DEFAULT NULL,
  `alias` varchar(255) COLLATE utf8_unicode_ci DEFAULT NULL,
  `meta_keyword` text COLLATE utf8_unicode_ci,
  `meta_description` text COLLATE utf8_unicode_ci,
  `image` varchar(255) COLLATE utf8_unicode_ci DEFAULT NULL,
  `count_view` int(11) DEFAULT NULL,
  `total_cost` int(11) DEFAULT NULL,
  `unit` varchar(255) COLLATE utf8_unicode_ci DEFAULT NULL,
  `intro` text COLLATE utf8_unicode_ci,
  `overview` text COLLATE utf8_unicode_ci,
  `equipment` text COLLATE utf8_unicode_ci,
  `price_list` text COLLATE utf8_unicode_ci,
  `googlemap_url` text COLLATE utf8_unicode_ci,
  `province_id` int(11) DEFAULT NULL,
  `district_id` int(11) DEFAULT NULL,
  `street` text COLLATE utf8_unicode_ci,
  `sort_order` int(11) DEFAULT NULL,
  `status` int(1) DEFAULT NULL,
  `created_at` datetime DEFAULT NULL,
  `updated_at` datetime DEFAULT NULL,
  PRIMARY KEY (`id`)
) ENGINE=InnoDB DEFAULT CHARSET=utf8 COLLATE=utf8_unicode_ci;
/*!40101 SET character_set_client = @saved_cs_client */;

--
-- Dumping data for table `project`
--

LOCK TABLES `project` WRITE;
/*!40000 ALTER TABLE `project` DISABLE KEYS */;
/*!40000 ALTER TABLE `project` ENABLE KEYS */;
UNLOCK TABLES;

--
-- Table structure for table `project_article`
--

DROP TABLE IF EXISTS `project_article`;
/*!40101 SET @saved_cs_client     = @@character_set_client */;
/*!40101 SET character_set_client = utf8 */;
CREATE TABLE `project_article` (
  `id` bigint(20) NOT NULL AUTO_INCREMENT,
  `fullname` varchar(255) COLLATE utf8_unicode_ci DEFAULT NULL,
  `alias` varchar(255) COLLATE utf8_unicode_ci DEFAULT NULL,
  `image` varchar(255) COLLATE utf8_unicode_ci DEFAULT NULL,
  `intro` longtext COLLATE utf8_unicode_ci,
  `content` longtext COLLATE utf8_unicode_ci,
  `description` longtext COLLATE utf8_unicode_ci,
  `meta_keyword` text COLLATE utf8_unicode_ci,
  `meta_description` text COLLATE utf8_unicode_ci,
  `count_view` int(11) DEFAULT NULL,
  `project_id` int(11) DEFAULT NULL,
  `sort_order` int(11) DEFAULT NULL,
  `status` int(11) DEFAULT NULL,
  `created_at` datetime DEFAULT NULL,
  `updated_at` datetime DEFAULT NULL,
  PRIMARY KEY (`id`)
) ENGINE=InnoDB DEFAULT CHARSET=utf8 COLLATE=utf8_unicode_ci;
/*!40101 SET character_set_client = @saved_cs_client */;

--
-- Dumping data for table `project_article`
--

LOCK TABLES `project_article` WRITE;
/*!40000 ALTER TABLE `project_article` DISABLE KEYS */;
/*!40000 ALTER TABLE `project_article` ENABLE KEYS */;
UNLOCK TABLES;

--
-- Table structure for table `project_member`
--

DROP TABLE IF EXISTS `project_member`;
/*!40101 SET @saved_cs_client     = @@character_set_client */;
/*!40101 SET character_set_client = utf8 */;
CREATE TABLE `project_member` (
  `id` bigint(20) NOT NULL AUTO_INCREMENT,
  `project_id` int(11) DEFAULT NULL,
  `member_id` int(11) DEFAULT NULL,
  `created_at` datetime DEFAULT NULL,
  `updated_at` datetime DEFAULT NULL,
  PRIMARY KEY (`id`)
) ENGINE=InnoDB AUTO_INCREMENT=2 DEFAULT CHARSET=utf8 COLLATE=utf8_unicode_ci;
/*!40101 SET character_set_client = @saved_cs_client */;

--
-- Dumping data for table `project_member`
--

LOCK TABLES `project_member` WRITE;
/*!40000 ALTER TABLE `project_member` DISABLE KEYS */;
INSERT INTO `project_member` VALUES (1,10,4,'2018-01-07 14:09:20','2018-01-07 14:09:20');
/*!40000 ALTER TABLE `project_member` ENABLE KEYS */;
UNLOCK TABLES;

--
-- Table structure for table `province`
--

DROP TABLE IF EXISTS `province`;
/*!40101 SET @saved_cs_client     = @@character_set_client */;
/*!40101 SET character_set_client = utf8 */;
CREATE TABLE `province` (
  `id` bigint(20) NOT NULL AUTO_INCREMENT,
  `fullname` varchar(255) COLLATE utf8_unicode_ci DEFAULT NULL,
  `alias` varchar(255) COLLATE utf8_unicode_ci DEFAULT NULL,
  `sort_order` int(11) DEFAULT NULL,
  `status` int(11) DEFAULT NULL,
  `created_at` datetime DEFAULT NULL,
  `updated_at` datetime DEFAULT NULL,
  PRIMARY KEY (`id`)
) ENGINE=InnoDB AUTO_INCREMENT=64 DEFAULT CHARSET=utf8 COLLATE=utf8_unicode_ci;
/*!40101 SET character_set_client = @saved_cs_client */;

--
-- Dumping data for table `province`
--

LOCK TABLES `province` WRITE;
/*!40000 ALTER TABLE `province` DISABLE KEYS */;
INSERT INTO `province` VALUES (1,'Việt Nam','viet-nam',1,1,'2018-02-26 00:00:00','2018-02-26 03:18:21'),(2,'An Giang','an-giang',1,1,'2018-02-26 00:00:00','2018-02-26 03:16:34'),(3,'Bà Rịa Vũng Tàu','ba-ria-vung-tau',1,1,'2018-02-26 00:00:00','2018-02-26 03:16:28'),(4,'Bình Dương','binh-duong',1,1,'2018-02-26 00:00:00','2018-02-26 03:16:21'),(5,'Bình Phước','binh-phuoc',1,1,'2018-02-26 00:00:00','2018-02-26 03:16:16'),(6,'Bình Thuận','binh-thuan',1,1,'2018-02-26 00:00:00','2018-02-26 03:16:09'),(7,'Bình Định','binh-dinh',1,1,'2018-02-26 00:00:00','2018-02-26 03:16:02'),(8,'Bắc Giang','bac-giang',1,1,'2018-02-26 00:00:00','2018-02-26 03:15:55'),(9,'Bắc Kạn','bac-kan',1,1,'2018-02-26 00:00:00','2018-02-26 03:15:49'),(10,'Bắc Ninh','bac-ninh',1,1,'2018-02-26 00:00:00','2018-02-26 03:15:43'),(11,'Bến Tre','ben-tre',1,1,'2018-02-26 00:00:00','2018-02-26 03:15:37'),(12,'Cao Bằng','cao-bang',1,1,'2018-02-26 00:00:00','2018-02-26 03:15:28'),(13,'Cà Mau','ca-mau',1,1,'2018-02-26 00:00:00','2018-02-26 03:15:22'),(14,'Cần Thơ','can-tho',1,1,'2018-02-26 00:00:00','2018-02-26 03:15:15'),(15,'Gia Lai','gia-lai',1,1,'2018-02-26 00:00:00','2018-02-26 03:16:40'),(16,'Hà Giang','ha-giang',1,1,'2018-02-26 00:00:00','2018-02-26 03:16:47'),(17,'Hà Nam','ha-nam',1,1,'2018-02-26 00:00:00','2018-02-26 03:16:54'),(18,'Hà Nội','ha-noi',1,1,'2018-02-26 00:00:00','2018-02-26 03:18:14'),(19,'Hà Tĩnh','ha-tinh',1,1,'2018-02-26 00:00:00','2018-02-26 03:18:08'),(20,'Hòa Bình','hoa-binh',1,1,'2018-02-26 00:00:00','2018-02-26 03:18:02'),(21,'Hưng Yên','hung-yen',1,1,'2018-02-26 00:00:00','2018-02-26 03:17:55'),(22,'Hải Dương','hai-duong',1,1,'2018-02-26 00:00:00','2018-02-26 03:17:50'),(23,'Hải Phòng','hai-phong',1,1,'2018-02-26 00:00:00','2018-02-26 03:17:43'),(24,'Hồ Chí Minh','ho-chi-minh',1,1,'2018-02-26 00:00:00','2018-02-26 03:17:38'),(25,'Khánh Hòa','khanh-hoa',1,1,'2018-02-26 00:00:00','2018-02-26 03:17:32'),(26,'Kiên Giang','kien-giang',1,1,'2018-02-26 00:00:00','2018-02-26 03:17:26'),(27,'Kon Tum','kon-tum',1,1,'2018-02-26 00:00:00','2018-02-26 03:17:21'),(28,'Lai Châu','lai-chau',1,1,'2018-02-26 00:00:00','2018-02-26 03:17:14'),(29,'Long An','long-an',1,1,'2018-02-26 00:00:00','2018-02-26 03:17:08'),(30,'Lào Cai','lao-cai',1,1,'2018-02-26 00:00:00','2018-02-26 03:17:01'),(31,'Lâm Đồng','lam-dong',1,1,'2018-02-26 00:00:00','2018-02-26 03:15:08'),(32,'Lạng Sơn','lang-son',1,1,'2018-02-26 00:00:00','2018-02-26 03:15:01'),(33,'Nam Định','nam-dinh',1,1,'2018-02-26 00:00:00','2018-02-26 03:14:54'),(34,'Nghệ An','nghe-an',1,1,'2018-02-26 00:00:00','2018-02-26 03:12:41'),(35,'Ninh Bình','ninh-binh',1,1,'2018-02-26 00:00:00','2018-02-26 03:12:33'),(36,'Ninh Thuận','ninh-thuan',1,1,'2018-02-26 00:00:00','2018-02-26 03:12:27'),(37,'Phú Thọ','phu-tho',1,1,'2018-02-26 00:00:00','2018-02-26 03:12:20'),(38,'Phú Yên','phu-yen',1,1,'2018-02-26 00:00:00','2018-02-26 03:12:14'),(39,'Quảng Nam','quang-nam',1,1,'2018-02-26 00:00:00','2018-02-26 03:12:09'),(40,'Quảng Ngãi','quang-ngai',1,1,'2018-02-26 00:00:00','2018-02-26 03:12:03'),(41,'Quảng Ninh','quang-ninh',1,1,'2018-02-26 00:00:00','2018-02-26 03:11:57'),(42,'Quảng Trị','quang-tri',1,1,'2018-02-26 00:00:00','2018-02-26 03:11:52'),(43,'Sơn La','son-la',1,1,'2018-02-26 00:00:00','2018-02-26 03:11:45'),(44,'Thanh Hóa','thanh-hoa',1,1,'2018-02-26 00:00:00','2018-02-26 03:11:39'),(45,'Thái Bình','thai-binh',1,1,'2018-02-26 00:00:00','2018-02-26 03:11:33'),(46,'Thái Nguyên','thai-nguyen',1,1,'2018-02-26 00:00:00','2018-02-26 03:11:28'),(47,'Thừa Thiên Huế','thua-thien-hue',1,1,'2018-02-26 00:00:00','2018-02-26 03:12:47'),(48,'Tiền Giang','tien-giang',1,1,'2018-02-26 00:00:00','2018-02-26 03:12:52'),(49,'Trà Vinh','tra-vinh',1,1,'2018-02-26 00:00:00','2018-02-26 03:12:58'),(50,'Tuyên Quang','tuyen-quang',1,1,'2018-02-26 00:00:00','2018-02-26 03:14:49'),(51,'Tây Ninh','tay-ninh',1,1,'2018-02-26 00:00:00','2018-02-26 03:14:34'),(52,'Vĩnh Long','vinh-long',1,1,'2018-02-26 00:00:00','2018-02-26 03:14:25'),(53,'Vĩnh Phúc','vinh-phuc',1,1,'2018-02-26 00:00:00','2018-02-26 03:14:20'),(54,'Yên Bái','yen-bai',1,1,'2018-02-26 00:00:00','2018-02-26 03:14:11'),(55,'Đà Nẵng','da-nang',1,1,'2018-02-26 00:00:00','2018-02-26 03:13:58'),(56,'Đắk Lắk','dak-lak',1,1,'2018-02-26 00:00:00','2018-02-26 03:13:52'),(57,'Đồng Nai','dong-nai',1,1,'2018-02-26 00:00:00','2018-02-26 03:13:46'),(58,'Đồng Tháp','dong-thap',1,1,'2018-02-26 00:00:00','2018-02-26 03:13:40'),(59,'Bạc Liêu','bac-lieu',1,1,'2018-02-26 00:00:00','2018-02-26 03:13:33'),(60,'Sóc Trăng','soc-trang',1,1,'2018-02-26 00:00:00','2018-02-26 03:13:19'),(61,'Hậu Giang','hau-giang',1,1,'2018-02-26 00:00:00','2018-02-26 03:13:11'),(62,'Đắk Nông','dak-nong',1,1,'2018-02-26 00:00:00','2018-02-26 03:13:05'),(63,'Điện Biên','dien-bien',1,1,'2018-02-26 00:00:00','2018-02-26 03:11:19');
/*!40000 ALTER TABLE `province` ENABLE KEYS */;
UNLOCK TABLES;

--
-- Table structure for table `reminders`
--

DROP TABLE IF EXISTS `reminders`;
/*!40101 SET @saved_cs_client     = @@character_set_client */;
/*!40101 SET character_set_client = utf8 */;
CREATE TABLE `reminders` (
  `id` int(10) unsigned NOT NULL AUTO_INCREMENT,
  `user_id` int(10) unsigned NOT NULL,
  `code` varchar(191) COLLATE utf8mb4_unicode_ci NOT NULL,
  `completed` tinyint(1) NOT NULL DEFAULT '0',
  `completed_at` timestamp NULL DEFAULT NULL,
  `created_at` timestamp NULL DEFAULT NULL,
  `updated_at` timestamp NULL DEFAULT NULL,
  PRIMARY KEY (`id`)
) ENGINE=InnoDB DEFAULT CHARSET=utf8mb4 COLLATE=utf8mb4_unicode_ci;
/*!40101 SET character_set_client = @saved_cs_client */;

--
-- Dumping data for table `reminders`
--

LOCK TABLES `reminders` WRITE;
/*!40000 ALTER TABLE `reminders` DISABLE KEYS */;
/*!40000 ALTER TABLE `reminders` ENABLE KEYS */;
UNLOCK TABLES;

--
-- Table structure for table `role_users`
--

DROP TABLE IF EXISTS `role_users`;
/*!40101 SET @saved_cs_client     = @@character_set_client */;
/*!40101 SET character_set_client = utf8 */;
CREATE TABLE `role_users` (
  `user_id` int(10) unsigned NOT NULL,
  `role_id` int(10) unsigned NOT NULL,
  `created_at` timestamp NULL DEFAULT NULL,
  `updated_at` timestamp NULL DEFAULT NULL,
  PRIMARY KEY (`user_id`,`role_id`)
) ENGINE=InnoDB DEFAULT CHARSET=utf8mb4 COLLATE=utf8mb4_unicode_ci;
/*!40101 SET character_set_client = @saved_cs_client */;

--
-- Dumping data for table `role_users`
--

LOCK TABLES `role_users` WRITE;
/*!40000 ALTER TABLE `role_users` DISABLE KEYS */;
/*!40000 ALTER TABLE `role_users` ENABLE KEYS */;
UNLOCK TABLES;

--
-- Table structure for table `roles`
--

DROP TABLE IF EXISTS `roles`;
/*!40101 SET @saved_cs_client     = @@character_set_client */;
/*!40101 SET character_set_client = utf8 */;
CREATE TABLE `roles` (
  `id` int(10) unsigned NOT NULL AUTO_INCREMENT,
  `slug` varchar(191) COLLATE utf8mb4_unicode_ci NOT NULL,
  `name` varchar(191) COLLATE utf8mb4_unicode_ci NOT NULL,
  `permissions` text COLLATE utf8mb4_unicode_ci,
  `created_at` timestamp NULL DEFAULT NULL,
  `updated_at` timestamp NULL DEFAULT NULL,
  PRIMARY KEY (`id`),
  UNIQUE KEY `roles_slug_unique` (`slug`)
) ENGINE=InnoDB DEFAULT CHARSET=utf8mb4 COLLATE=utf8mb4_unicode_ci;
/*!40101 SET character_set_client = @saved_cs_client */;

--
-- Dumping data for table `roles`
--

LOCK TABLES `roles` WRITE;
/*!40000 ALTER TABLE `roles` DISABLE KEYS */;
/*!40000 ALTER TABLE `roles` ENABLE KEYS */;
UNLOCK TABLES;

--
-- Table structure for table `setting_system`
--

DROP TABLE IF EXISTS `setting_system`;
/*!40101 SET @saved_cs_client     = @@character_set_client */;
/*!40101 SET character_set_client = utf8 */;
CREATE TABLE `setting_system` (
  `id` int(11) NOT NULL AUTO_INCREMENT,
  `fullname` varchar(255) DEFAULT NULL,
  `alias` varchar(255) DEFAULT NULL,
  `title` text,
  `meta_keyword` text,
  `meta_description` text,
  `author` varchar(255) DEFAULT NULL,
  `copyright` text,
  `google_site_verification` text,
  `google_analytics` text,
  `logo_frontend` text,
  `favicon` varchar(255) DEFAULT NULL,
  `setting` text,
  `sort_order` int(11) DEFAULT NULL,
  `status` int(11) DEFAULT NULL,
  `created_at` datetime DEFAULT NULL,
  `updated_at` datetime DEFAULT NULL,
  PRIMARY KEY (`id`)
) ENGINE=InnoDB AUTO_INCREMENT=2 DEFAULT CHARSET=utf8;
/*!40101 SET character_set_client = @saved_cs_client */;

--
-- Dumping data for table `setting_system`
--

LOCK TABLES `setting_system` WRITE;
/*!40000 ALTER TABLE `setting_system` DISABLE KEYS */;
INSERT INTO `setting_system` VALUES (1,'settingsystem','setting-system','Laptop cũ giá rẻ uy tín, chất lượng nhất tại Tphcm | FHP','máy tính,  laptop cũ,','Bán lẻ máy tính, laptop cũ, mới trên toàn quốc, FHP là một trong những thương hiệu có tiếng lâu đời về các sản phẩm công nghệ như laptop cũ giá rẻ, phụ kiện laptop...','','','KlLQ51IBlGdopyRBTBG-QMPgj7Il9xduiEBGFkgo4nQ','UA-115473299-1','logo.png','favicon.ico','[{\"field_name\":\"Số bài viết trên 1 trang\",\"field_code\":\"article_perpage\",\"field_value\":\"10\"},{\"field_name\":\"Độ rộng hình bài viết\",\"field_code\":\"article_width\",\"field_value\":\"400\"},{\"field_name\":\"Độ cao hình bài viết\",\"field_code\":\"article_height\",\"field_value\":\"250\"},{\"field_name\":\"Số sản phẩm trên 1 trang\",\"field_code\":\"product_perpage\",\"field_value\":\"32\"},{\"field_name\":\"Độ rộng hình sản phẩm\",\"field_code\":\"product_width\",\"field_value\":\"400\"},{\"field_name\":\"Độ cao hình sản phẩm\",\"field_code\":\"product_height\",\"field_value\":\"400\"},{\"field_name\":\"Đơn vị tiền tệ\",\"field_code\":\"currency_unit\",\"field_value\":\"vi_VN\"},{\"field_name\":\"MERCHANT_ID\",\"field_code\":\"merchant_id\",\"field_value\":\"36680\"},{\"field_name\":\"MERCHANT_PASS\",\"field_code\":\"merchant_pass\",\"field_value\":\"matkhauketnoi\"},{\"field_name\":\"RECEIVER\",\"field_code\":\"receiver\",\"field_value\":\"demo@nganluong.vn\"},{\"field_name\":\"Smtp host\",\"field_code\":\"smtp_host\",\"field_value\":\"smtp.gmail.com\"},{\"field_name\":\"Smtp port\",\"field_code\":\"smtp_port\",\"field_value\":\"465\"},{\"field_name\":\"Smtp authication\",\"field_code\":\"authentication\",\"field_value\":\"1\"},{\"field_name\":\"Encription\",\"field_code\":\"encription\",\"field_value\":\"ssl\"},{\"field_name\":\"Smtp username\",\"field_code\":\"smtp_username\",\"field_value\":\"dien.toannang@gmail.com\"},{\"field_name\":\"Smtp password\",\"field_code\":\"smtp_password\",\"field_value\":\"bjsdgetadsutdono\"},{\"field_name\":\"Email to\",\"field_code\":\"email_to\",\"field_value\":\"tichtacso.com@gmail.com\"},{\"field_name\":\"Contact person\",\"field_code\":\"contacted_person\",\"field_value\":\"Huỳnh Thúc Vinh\"},{\"field_name\":\"Trụ sở\",\"field_code\":\"address\",\"field_value\":\"50/2/59 Dương Quảng Hàm, Phường 5, Quận Gò Vấp\"},{\"field_name\":\"Hotline\",\"field_code\":\"telephone\",\"field_value\":\"0902.90.74.75\"},{\"field_name\":\"Facebook\",\"field_code\":\"facebook_url\",\"field_value\":\"https://www.facebook.com/nguyenvan.laptrinh\"},{\"field_name\":\"Twitter\",\"field_code\":\"twitter_url\",\"field_value\":\"https://twitter.com/\"},{\"field_name\":\"Google Plus\",\"field_code\":\"google_plus\",\"field_value\":\"https://plus.google.com/u/0/?hl=vi\"},{\"field_name\":\"Youtube\",\"field_code\":\"youtube_url\",\"field_value\":\"https://www.youtube.com/watch?v=kAcV7S3sySU\"},{\"field_name\":\"Instagram\",\"field_code\":\"instagram_url\",\"field_value\":\"http://flickr.com\"},{\"field_name\":\"Pinterest\",\"field_code\":\"pinterest_url\",\"field_value\":\"http://daidung.vn/\"},{\"field_name\":\"Map\",\"field_code\":\"map_url\",\"field_value\":\"https://www.google.com/maps/embed?pb=!1m18!1m12!1m3!1d3918.7765505259867!2d106.68751671435092!3d10.828404792286284!2m3!1f0!2f0!3f0!3m2!1i1024!2i768!4f13.1!3m3!1m2!1s0x317528f0d3be7c47%3A0x3f95e11384c4817f!2zNTAgRMawxqFuZyBRdeG6o25nIEjDoG0sIHBoxrDhu51uZyA1LCBHw7IgVuG6pXAsIEjhu5MgQ2jDrSBNaW5oLCBWaWV0bmFt!5e0!3m2!1sen!2s!4v1515998374369\"},{\"field_name\":\"Giờ giao dịch\",\"field_code\":\"opened_time\",\"field_value\":\"7:00 - 22:30\"}]',1,1,'2017-12-03 07:45:35','2018-04-03 07:46:49');
/*!40000 ALTER TABLE `setting_system` ENABLE KEYS */;
UNLOCK TABLES;

--
-- Table structure for table `supporter`
--

DROP TABLE IF EXISTS `supporter`;
/*!40101 SET @saved_cs_client     = @@character_set_client */;
/*!40101 SET character_set_client = utf8 */;
CREATE TABLE `supporter` (
  `id` bigint(20) NOT NULL AUTO_INCREMENT,
  `fullname` varchar(255) COLLATE utf8_unicode_ci DEFAULT NULL,
  `number_money` decimal(11,0) DEFAULT NULL,
  `payment_method_id` int(11) DEFAULT NULL,
  `sort_order` int(11) DEFAULT NULL,
  `status` int(11) DEFAULT NULL,
  `created_at` datetime DEFAULT NULL,
  `updated_at` datetime DEFAULT NULL,
  PRIMARY KEY (`id`)
) ENGINE=InnoDB AUTO_INCREMENT=11 DEFAULT CHARSET=utf8 COLLATE=utf8_unicode_ci;
/*!40101 SET character_set_client = @saved_cs_client */;

--
-- Dumping data for table `supporter`
--

LOCK TABLES `supporter` WRITE;
/*!40000 ALTER TABLE `supporter` DISABLE KEYS */;
INSERT INTO `supporter` VALUES (2,'Nguyễn Thị Thu Hằng',1000000,1,1,1,'2018-01-07 17:32:50','2018-01-07 17:47:21'),(7,'Trần Gia Lạc',2000000,2,2,1,'2018-01-07 18:02:15','2018-01-08 07:19:18'),(8,'Lê Văn Đại',2000000,1,3,1,'2018-01-08 02:38:56','2018-01-08 09:29:07'),(9,'Nguyễn Mạnh Hùng',3000000,2,4,1,'2018-01-08 02:39:19','2018-01-08 02:39:19'),(10,'Trần Tiến Dư',3000000,2,5,1,'2018-01-08 02:39:35','2018-01-08 02:39:35');
/*!40000 ALTER TABLE `supporter` ENABLE KEYS */;
UNLOCK TABLES;

--
-- Table structure for table `throttle`
--

DROP TABLE IF EXISTS `throttle`;
/*!40101 SET @saved_cs_client     = @@character_set_client */;
/*!40101 SET character_set_client = utf8 */;
CREATE TABLE `throttle` (
  `id` int(10) unsigned NOT NULL AUTO_INCREMENT,
  `user_id` int(10) unsigned DEFAULT NULL,
  `type` varchar(191) COLLATE utf8mb4_unicode_ci NOT NULL,
  `ip` varchar(191) COLLATE utf8mb4_unicode_ci DEFAULT NULL,
  `created_at` timestamp NULL DEFAULT NULL,
  `updated_at` timestamp NULL DEFAULT NULL,
  PRIMARY KEY (`id`),
  KEY `throttle_user_id_index` (`user_id`)
) ENGINE=InnoDB AUTO_INCREMENT=552 DEFAULT CHARSET=utf8mb4 COLLATE=utf8mb4_unicode_ci;
/*!40101 SET character_set_client = @saved_cs_client */;

--
-- Dumping data for table `throttle`
--

LOCK TABLES `throttle` WRITE;
/*!40000 ALTER TABLE `throttle` DISABLE KEYS */;
INSERT INTO `throttle` VALUES (1,NULL,'global',NULL,'2017-11-12 07:00:10','2017-11-12 07:00:10'),(2,NULL,'ip','127.0.0.1','2017-11-12 07:00:10','2017-11-12 07:00:10'),(3,NULL,'global',NULL,'2017-11-12 07:00:22','2017-11-12 07:00:22'),(4,NULL,'ip','127.0.0.1','2017-11-12 07:00:22','2017-11-12 07:00:22'),(5,NULL,'global',NULL,'2017-11-12 07:00:36','2017-11-12 07:00:36'),(6,NULL,'ip','127.0.0.1','2017-11-12 07:00:36','2017-11-12 07:00:36'),(7,NULL,'global',NULL,'2017-11-12 07:05:02','2017-11-12 07:05:02'),(8,NULL,'ip','127.0.0.1','2017-11-12 07:05:02','2017-11-12 07:05:02'),(9,NULL,'global',NULL,'2017-11-12 07:30:11','2017-11-12 07:30:11'),(10,NULL,'ip','127.0.0.1','2017-11-12 07:30:11','2017-11-12 07:30:11'),(11,NULL,'global',NULL,'2017-11-12 07:32:49','2017-11-12 07:32:49'),(12,NULL,'ip','127.0.0.1','2017-11-12 07:32:49','2017-11-12 07:32:49'),(13,NULL,'global',NULL,'2017-11-12 07:39:23','2017-11-12 07:39:23'),(14,NULL,'ip','127.0.0.1','2017-11-12 07:39:23','2017-11-12 07:39:23'),(15,NULL,'global',NULL,'2017-11-12 07:55:42','2017-11-12 07:55:42'),(16,NULL,'ip','127.0.0.1','2017-11-12 07:55:42','2017-11-12 07:55:42'),(17,NULL,'global',NULL,'2017-11-12 07:59:33','2017-11-12 07:59:33'),(18,NULL,'ip','127.0.0.1','2017-11-12 07:59:33','2017-11-12 07:59:33'),(19,NULL,'global',NULL,'2017-11-12 08:01:13','2017-11-12 08:01:13'),(20,NULL,'ip','127.0.0.1','2017-11-12 08:01:13','2017-11-12 08:01:13'),(21,NULL,'global',NULL,'2017-11-12 08:01:34','2017-11-12 08:01:34'),(22,NULL,'ip','127.0.0.1','2017-11-12 08:01:34','2017-11-12 08:01:34'),(23,NULL,'global',NULL,'2017-11-12 08:01:41','2017-11-12 08:01:41'),(24,NULL,'ip','127.0.0.1','2017-11-12 08:01:41','2017-11-12 08:01:41'),(25,NULL,'global',NULL,'2017-11-12 08:02:05','2017-11-12 08:02:05'),(26,NULL,'ip','127.0.0.1','2017-11-12 08:02:05','2017-11-12 08:02:05'),(27,NULL,'global',NULL,'2017-11-12 08:12:23','2017-11-12 08:12:23'),(28,NULL,'ip','127.0.0.1','2017-11-12 08:12:23','2017-11-12 08:12:23'),(29,NULL,'global',NULL,'2017-11-12 08:18:51','2017-11-12 08:18:51'),(30,NULL,'ip','127.0.0.1','2017-11-12 08:18:51','2017-11-12 08:18:51'),(31,NULL,'global',NULL,'2017-11-12 08:19:22','2017-11-12 08:19:22'),(32,NULL,'ip','127.0.0.1','2017-11-12 08:19:22','2017-11-12 08:19:22'),(33,NULL,'global',NULL,'2017-11-12 08:34:38','2017-11-12 08:34:38'),(34,NULL,'ip','127.0.0.1','2017-11-12 08:34:38','2017-11-12 08:34:38'),(35,NULL,'global',NULL,'2017-11-12 10:21:38','2017-11-12 10:21:38'),(36,NULL,'ip','127.0.0.1','2017-11-12 10:21:38','2017-11-12 10:21:38'),(37,NULL,'global',NULL,'2017-11-12 10:38:16','2017-11-12 10:38:16'),(38,NULL,'ip','127.0.0.1','2017-11-12 10:38:16','2017-11-12 10:38:16'),(39,1,'user',NULL,'2017-11-12 10:38:16','2017-11-12 10:38:16'),(40,NULL,'global',NULL,'2017-11-12 10:39:37','2017-11-12 10:39:37'),(41,NULL,'ip','127.0.0.1','2017-11-12 10:39:37','2017-11-12 10:39:37'),(42,1,'user',NULL,'2017-11-12 10:39:37','2017-11-12 10:39:37'),(43,NULL,'global',NULL,'2017-11-12 10:58:13','2017-11-12 10:58:13'),(44,NULL,'ip','127.0.0.1','2017-11-12 10:58:13','2017-11-12 10:58:13'),(45,NULL,'global',NULL,'2017-11-12 10:59:19','2017-11-12 10:59:19'),(46,NULL,'ip','127.0.0.1','2017-11-12 10:59:19','2017-11-12 10:59:19'),(47,4,'user',NULL,'2017-11-12 10:59:19','2017-11-12 10:59:19'),(48,NULL,'global',NULL,'2017-11-12 11:00:10','2017-11-12 11:00:10'),(49,NULL,'ip','127.0.0.1','2017-11-12 11:00:10','2017-11-12 11:00:10'),(50,4,'user',NULL,'2017-11-12 11:00:10','2017-11-12 11:00:10'),(51,NULL,'global',NULL,'2017-11-12 11:04:27','2017-11-12 11:04:27'),(52,NULL,'ip','127.0.0.1','2017-11-12 11:04:27','2017-11-12 11:04:27'),(53,4,'user',NULL,'2017-11-12 11:04:27','2017-11-12 11:04:27'),(54,NULL,'global',NULL,'2017-11-12 11:05:04','2017-11-12 11:05:04'),(55,NULL,'ip','127.0.0.1','2017-11-12 11:05:04','2017-11-12 11:05:04'),(56,1,'user',NULL,'2017-11-12 11:05:04','2017-11-12 11:05:04'),(57,NULL,'global',NULL,'2017-11-12 11:08:43','2017-11-12 11:08:43'),(58,NULL,'ip','127.0.0.1','2017-11-12 11:08:43','2017-11-12 11:08:43'),(59,1,'user',NULL,'2017-11-12 11:08:43','2017-11-12 11:08:43'),(60,NULL,'global',NULL,'2017-11-12 11:14:37','2017-11-12 11:14:37'),(61,NULL,'ip','127.0.0.1','2017-11-12 11:14:37','2017-11-12 11:14:37'),(62,1,'user',NULL,'2017-11-12 11:14:37','2017-11-12 11:14:37'),(63,NULL,'global',NULL,'2017-11-12 11:18:13','2017-11-12 11:18:13'),(64,NULL,'ip','127.0.0.1','2017-11-12 11:18:13','2017-11-12 11:18:13'),(65,4,'user',NULL,'2017-11-12 11:18:13','2017-11-12 11:18:13'),(66,NULL,'global',NULL,'2017-11-12 11:19:22','2017-11-12 11:19:22'),(67,NULL,'ip','127.0.0.1','2017-11-12 11:19:22','2017-11-12 11:19:22'),(68,4,'user',NULL,'2017-11-12 11:19:22','2017-11-12 11:19:22'),(69,NULL,'global',NULL,'2017-11-12 12:21:15','2017-11-12 12:21:15'),(70,NULL,'ip','127.0.0.1','2017-11-12 12:21:15','2017-11-12 12:21:15'),(71,1,'user',NULL,'2017-11-12 12:21:15','2017-11-12 12:21:15'),(72,NULL,'global',NULL,'2017-11-12 12:30:54','2017-11-12 12:30:54'),(73,NULL,'ip','127.0.0.1','2017-11-12 12:30:54','2017-11-12 12:30:54'),(74,1,'user',NULL,'2017-11-12 12:30:54','2017-11-12 12:30:54'),(75,NULL,'global',NULL,'2017-11-12 12:31:09','2017-11-12 12:31:09'),(76,NULL,'ip','127.0.0.1','2017-11-12 12:31:09','2017-11-12 12:31:09'),(77,1,'user',NULL,'2017-11-12 12:31:09','2017-11-12 12:31:09'),(78,NULL,'global',NULL,'2017-11-12 19:20:51','2017-11-12 19:20:51'),(79,NULL,'ip','127.0.0.1','2017-11-12 19:20:51','2017-11-12 19:20:51'),(80,NULL,'global',NULL,'2017-11-12 19:20:51','2017-11-12 19:20:51'),(81,NULL,'ip','127.0.0.1','2017-11-12 19:20:51','2017-11-12 19:20:51'),(82,NULL,'global',NULL,'2017-11-12 19:20:52','2017-11-12 19:20:52'),(83,NULL,'ip','127.0.0.1','2017-11-12 19:20:52','2017-11-12 19:20:52'),(84,NULL,'global',NULL,'2017-11-12 19:20:52','2017-11-12 19:20:52'),(85,NULL,'ip','127.0.0.1','2017-11-12 19:20:52','2017-11-12 19:20:52'),(86,NULL,'global',NULL,'2017-11-12 19:20:52','2017-11-12 19:20:52'),(87,NULL,'ip','127.0.0.1','2017-11-12 19:20:52','2017-11-12 19:20:52'),(88,NULL,'global',NULL,'2017-11-12 19:20:52','2017-11-12 19:20:52'),(89,NULL,'ip','127.0.0.1','2017-11-12 19:20:52','2017-11-12 19:20:52'),(90,NULL,'global',NULL,'2017-11-12 19:24:30','2017-11-12 19:24:30'),(91,NULL,'ip','127.0.0.1','2017-11-12 19:24:30','2017-11-12 19:24:30'),(92,NULL,'global',NULL,'2017-11-12 19:24:31','2017-11-12 19:24:31'),(93,NULL,'ip','127.0.0.1','2017-11-12 19:24:31','2017-11-12 19:24:31'),(94,NULL,'global',NULL,'2017-11-12 19:24:31','2017-11-12 19:24:31'),(95,NULL,'ip','127.0.0.1','2017-11-12 19:24:31','2017-11-12 19:24:31'),(96,NULL,'global',NULL,'2017-11-12 19:24:31','2017-11-12 19:24:31'),(97,NULL,'ip','127.0.0.1','2017-11-12 19:24:31','2017-11-12 19:24:31'),(98,NULL,'global',NULL,'2017-11-12 19:24:31','2017-11-12 19:24:31'),(99,NULL,'ip','127.0.0.1','2017-11-12 19:24:31','2017-11-12 19:24:31'),(100,NULL,'global',NULL,'2017-11-12 19:24:31','2017-11-12 19:24:31'),(101,NULL,'ip','127.0.0.1','2017-11-12 19:24:31','2017-11-12 19:24:31'),(102,NULL,'global',NULL,'2017-11-12 19:24:32','2017-11-12 19:24:32'),(103,NULL,'ip','127.0.0.1','2017-11-12 19:24:32','2017-11-12 19:24:32'),(104,NULL,'global',NULL,'2017-11-12 19:24:32','2017-11-12 19:24:32'),(105,NULL,'ip','127.0.0.1','2017-11-12 19:24:32','2017-11-12 19:24:32'),(106,NULL,'global',NULL,'2017-11-12 19:24:32','2017-11-12 19:24:32'),(107,NULL,'ip','127.0.0.1','2017-11-12 19:24:32','2017-11-12 19:24:32'),(108,NULL,'global',NULL,'2017-11-12 19:24:33','2017-11-12 19:24:33'),(109,NULL,'ip','127.0.0.1','2017-11-12 19:24:33','2017-11-12 19:24:33'),(110,NULL,'global',NULL,'2017-11-12 19:24:33','2017-11-12 19:24:33'),(111,NULL,'ip','127.0.0.1','2017-11-12 19:24:33','2017-11-12 19:24:33'),(112,NULL,'global',NULL,'2017-11-12 19:24:33','2017-11-12 19:24:33'),(113,NULL,'ip','127.0.0.1','2017-11-12 19:24:33','2017-11-12 19:24:33'),(114,NULL,'global',NULL,'2017-11-12 19:24:33','2017-11-12 19:24:33'),(115,NULL,'ip','127.0.0.1','2017-11-12 19:24:33','2017-11-12 19:24:33'),(116,NULL,'global',NULL,'2017-11-12 19:24:34','2017-11-12 19:24:34'),(117,NULL,'ip','127.0.0.1','2017-11-12 19:24:34','2017-11-12 19:24:34'),(118,NULL,'global',NULL,'2017-11-12 19:24:34','2017-11-12 19:24:34'),(119,NULL,'ip','127.0.0.1','2017-11-12 19:24:34','2017-11-12 19:24:34'),(120,NULL,'global',NULL,'2017-11-12 19:24:34','2017-11-12 19:24:34'),(121,NULL,'ip','127.0.0.1','2017-11-12 19:24:34','2017-11-12 19:24:34'),(122,NULL,'global',NULL,'2017-11-12 19:24:35','2017-11-12 19:24:35'),(123,NULL,'ip','127.0.0.1','2017-11-12 19:24:35','2017-11-12 19:24:35'),(124,NULL,'global',NULL,'2017-11-12 19:24:35','2017-11-12 19:24:35'),(125,NULL,'ip','127.0.0.1','2017-11-12 19:24:35','2017-11-12 19:24:35'),(126,NULL,'global',NULL,'2017-11-12 19:24:35','2017-11-12 19:24:35'),(127,NULL,'ip','127.0.0.1','2017-11-12 19:24:35','2017-11-12 19:24:35'),(128,NULL,'global',NULL,'2017-11-12 19:24:35','2017-11-12 19:24:35'),(129,NULL,'ip','127.0.0.1','2017-11-12 19:24:35','2017-11-12 19:24:35'),(130,NULL,'global',NULL,'2017-11-12 19:24:39','2017-11-12 19:24:39'),(131,NULL,'ip','127.0.0.1','2017-11-12 19:24:39','2017-11-12 19:24:39'),(132,NULL,'global',NULL,'2017-11-12 19:24:40','2017-11-12 19:24:40'),(133,NULL,'ip','127.0.0.1','2017-11-12 19:24:40','2017-11-12 19:24:40'),(134,NULL,'global',NULL,'2017-11-12 19:24:40','2017-11-12 19:24:40'),(135,NULL,'ip','127.0.0.1','2017-11-12 19:24:40','2017-11-12 19:24:40'),(136,NULL,'global',NULL,'2017-11-12 19:24:40','2017-11-12 19:24:40'),(137,NULL,'ip','127.0.0.1','2017-11-12 19:24:40','2017-11-12 19:24:40'),(138,NULL,'global',NULL,'2017-11-12 19:24:40','2017-11-12 19:24:40'),(139,NULL,'ip','127.0.0.1','2017-11-12 19:24:40','2017-11-12 19:24:40'),(140,NULL,'global',NULL,'2017-11-12 19:24:41','2017-11-12 19:24:41'),(141,NULL,'ip','127.0.0.1','2017-11-12 19:24:41','2017-11-12 19:24:41'),(142,NULL,'global',NULL,'2017-11-12 19:24:41','2017-11-12 19:24:41'),(143,NULL,'ip','127.0.0.1','2017-11-12 19:24:41','2017-11-12 19:24:41'),(144,NULL,'global',NULL,'2017-11-12 19:24:41','2017-11-12 19:24:41'),(145,NULL,'ip','127.0.0.1','2017-11-12 19:24:41','2017-11-12 19:24:41'),(146,NULL,'global',NULL,'2017-11-12 19:24:41','2017-11-12 19:24:41'),(147,NULL,'ip','127.0.0.1','2017-11-12 19:24:41','2017-11-12 19:24:41'),(148,NULL,'global',NULL,'2017-11-12 19:24:42','2017-11-12 19:24:42'),(149,NULL,'ip','127.0.0.1','2017-11-12 19:24:42','2017-11-12 19:24:42'),(150,NULL,'global',NULL,'2017-11-12 19:24:42','2017-11-12 19:24:42'),(151,NULL,'ip','127.0.0.1','2017-11-12 19:24:42','2017-11-12 19:24:42'),(152,NULL,'global',NULL,'2017-11-12 19:24:42','2017-11-12 19:24:42'),(153,NULL,'ip','127.0.0.1','2017-11-12 19:24:42','2017-11-12 19:24:42'),(154,NULL,'global',NULL,'2017-11-12 19:24:42','2017-11-12 19:24:42'),(155,NULL,'ip','127.0.0.1','2017-11-12 19:24:42','2017-11-12 19:24:42'),(156,NULL,'global',NULL,'2017-11-12 19:24:43','2017-11-12 19:24:43'),(157,NULL,'ip','127.0.0.1','2017-11-12 19:24:43','2017-11-12 19:24:43'),(158,NULL,'global',NULL,'2017-11-12 19:24:43','2017-11-12 19:24:43'),(159,NULL,'ip','127.0.0.1','2017-11-12 19:24:43','2017-11-12 19:24:43'),(160,NULL,'global',NULL,'2017-11-12 19:24:43','2017-11-12 19:24:43'),(161,NULL,'ip','127.0.0.1','2017-11-12 19:24:43','2017-11-12 19:24:43'),(162,NULL,'global',NULL,'2017-11-12 19:24:44','2017-11-12 19:24:44'),(163,NULL,'ip','127.0.0.1','2017-11-12 19:24:44','2017-11-12 19:24:44'),(164,NULL,'global',NULL,'2017-11-12 19:24:44','2017-11-12 19:24:44'),(165,NULL,'ip','127.0.0.1','2017-11-12 19:24:44','2017-11-12 19:24:44'),(166,NULL,'global',NULL,'2017-11-12 19:24:44','2017-11-12 19:24:44'),(167,NULL,'ip','127.0.0.1','2017-11-12 19:24:44','2017-11-12 19:24:44'),(168,NULL,'global',NULL,'2017-11-12 19:24:44','2017-11-12 19:24:44'),(169,NULL,'ip','127.0.0.1','2017-11-12 19:24:45','2017-11-12 19:24:45'),(170,NULL,'global',NULL,'2017-11-12 19:24:45','2017-11-12 19:24:45'),(171,NULL,'ip','127.0.0.1','2017-11-12 19:24:45','2017-11-12 19:24:45'),(172,NULL,'global',NULL,'2017-11-12 19:24:45','2017-11-12 19:24:45'),(173,NULL,'ip','127.0.0.1','2017-11-12 19:24:45','2017-11-12 19:24:45'),(174,NULL,'global',NULL,'2017-11-12 19:24:45','2017-11-12 19:24:45'),(175,NULL,'ip','127.0.0.1','2017-11-12 19:24:45','2017-11-12 19:24:45'),(176,NULL,'global',NULL,'2017-11-12 19:24:45','2017-11-12 19:24:45'),(177,NULL,'ip','127.0.0.1','2017-11-12 19:24:45','2017-11-12 19:24:45'),(178,NULL,'global',NULL,'2017-11-12 19:24:46','2017-11-12 19:24:46'),(179,NULL,'ip','127.0.0.1','2017-11-12 19:24:46','2017-11-12 19:24:46'),(180,NULL,'global',NULL,'2017-11-12 19:24:46','2017-11-12 19:24:46'),(181,NULL,'ip','127.0.0.1','2017-11-12 19:24:46','2017-11-12 19:24:46'),(182,NULL,'global',NULL,'2017-11-12 19:24:46','2017-11-12 19:24:46'),(183,NULL,'ip','127.0.0.1','2017-11-12 19:24:46','2017-11-12 19:24:46'),(184,NULL,'global',NULL,'2017-11-12 19:24:46','2017-11-12 19:24:46'),(185,NULL,'ip','127.0.0.1','2017-11-12 19:24:46','2017-11-12 19:24:46'),(186,NULL,'global',NULL,'2017-11-12 19:24:47','2017-11-12 19:24:47'),(187,NULL,'ip','127.0.0.1','2017-11-12 19:24:47','2017-11-12 19:24:47'),(188,NULL,'global',NULL,'2017-11-12 19:24:47','2017-11-12 19:24:47'),(189,NULL,'ip','127.0.0.1','2017-11-12 19:24:47','2017-11-12 19:24:47'),(190,NULL,'global',NULL,'2017-11-12 19:24:47','2017-11-12 19:24:47'),(191,NULL,'ip','127.0.0.1','2017-11-12 19:24:47','2017-11-12 19:24:47'),(192,NULL,'global',NULL,'2017-11-12 19:24:48','2017-11-12 19:24:48'),(193,NULL,'ip','127.0.0.1','2017-11-12 19:24:48','2017-11-12 19:24:48'),(194,NULL,'global',NULL,'2017-11-12 19:24:48','2017-11-12 19:24:48'),(195,NULL,'ip','127.0.0.1','2017-11-12 19:24:48','2017-11-12 19:24:48'),(196,NULL,'global',NULL,'2017-11-12 19:24:48','2017-11-12 19:24:48'),(197,NULL,'ip','127.0.0.1','2017-11-12 19:24:48','2017-11-12 19:24:48'),(198,NULL,'global',NULL,'2017-11-12 19:24:49','2017-11-12 19:24:49'),(199,NULL,'ip','127.0.0.1','2017-11-12 19:24:49','2017-11-12 19:24:49'),(200,NULL,'global',NULL,'2017-11-12 19:24:49','2017-11-12 19:24:49'),(201,NULL,'ip','127.0.0.1','2017-11-12 19:24:49','2017-11-12 19:24:49'),(202,NULL,'global',NULL,'2017-11-12 19:24:49','2017-11-12 19:24:49'),(203,NULL,'ip','127.0.0.1','2017-11-12 19:24:49','2017-11-12 19:24:49'),(204,NULL,'global',NULL,'2017-11-12 19:24:50','2017-11-12 19:24:50'),(205,NULL,'ip','127.0.0.1','2017-11-12 19:24:50','2017-11-12 19:24:50'),(206,NULL,'global',NULL,'2017-11-12 19:24:50','2017-11-12 19:24:50'),(207,NULL,'ip','127.0.0.1','2017-11-12 19:24:50','2017-11-12 19:24:50'),(208,NULL,'global',NULL,'2017-11-12 19:24:50','2017-11-12 19:24:50'),(209,NULL,'ip','127.0.0.1','2017-11-12 19:24:50','2017-11-12 19:24:50'),(210,NULL,'global',NULL,'2017-11-12 19:24:51','2017-11-12 19:24:51'),(211,NULL,'ip','127.0.0.1','2017-11-12 19:24:51','2017-11-12 19:24:51'),(212,NULL,'global',NULL,'2017-11-12 19:24:51','2017-11-12 19:24:51'),(213,NULL,'ip','127.0.0.1','2017-11-12 19:24:51','2017-11-12 19:24:51'),(214,NULL,'global',NULL,'2017-11-12 19:24:57','2017-11-12 19:24:57'),(215,NULL,'ip','127.0.0.1','2017-11-12 19:24:57','2017-11-12 19:24:57'),(216,NULL,'global',NULL,'2017-11-12 19:24:57','2017-11-12 19:24:57'),(217,NULL,'ip','127.0.0.1','2017-11-12 19:24:57','2017-11-12 19:24:57'),(218,NULL,'global',NULL,'2017-11-12 19:24:57','2017-11-12 19:24:57'),(219,NULL,'ip','127.0.0.1','2017-11-12 19:24:57','2017-11-12 19:24:57'),(220,NULL,'global',NULL,'2017-11-12 19:24:57','2017-11-12 19:24:57'),(221,NULL,'ip','127.0.0.1','2017-11-12 19:24:57','2017-11-12 19:24:57'),(222,NULL,'global',NULL,'2017-11-12 19:24:58','2017-11-12 19:24:58'),(223,NULL,'ip','127.0.0.1','2017-11-12 19:24:58','2017-11-12 19:24:58'),(224,NULL,'global',NULL,'2017-11-12 19:24:58','2017-11-12 19:24:58'),(225,NULL,'ip','127.0.0.1','2017-11-12 19:24:58','2017-11-12 19:24:58'),(226,NULL,'global',NULL,'2017-11-12 19:24:58','2017-11-12 19:24:58'),(227,NULL,'ip','127.0.0.1','2017-11-12 19:24:58','2017-11-12 19:24:58'),(228,NULL,'global',NULL,'2017-11-12 19:24:58','2017-11-12 19:24:58'),(229,NULL,'ip','127.0.0.1','2017-11-12 19:24:58','2017-11-12 19:24:58'),(230,NULL,'global',NULL,'2017-11-12 19:24:58','2017-11-12 19:24:58'),(231,NULL,'ip','127.0.0.1','2017-11-12 19:24:58','2017-11-12 19:24:58'),(232,NULL,'global',NULL,'2017-11-12 19:24:59','2017-11-12 19:24:59'),(233,NULL,'ip','127.0.0.1','2017-11-12 19:24:59','2017-11-12 19:24:59'),(234,NULL,'global',NULL,'2017-11-12 19:24:59','2017-11-12 19:24:59'),(235,NULL,'ip','127.0.0.1','2017-11-12 19:24:59','2017-11-12 19:24:59'),(236,NULL,'global',NULL,'2017-11-12 19:24:59','2017-11-12 19:24:59'),(237,NULL,'ip','127.0.0.1','2017-11-12 19:24:59','2017-11-12 19:24:59'),(238,NULL,'global',NULL,'2017-11-12 19:25:00','2017-11-12 19:25:00'),(239,NULL,'ip','127.0.0.1','2017-11-12 19:25:00','2017-11-12 19:25:00'),(240,NULL,'global',NULL,'2017-11-12 19:25:00','2017-11-12 19:25:00'),(241,NULL,'ip','127.0.0.1','2017-11-12 19:25:00','2017-11-12 19:25:00'),(242,NULL,'global',NULL,'2017-11-12 19:25:00','2017-11-12 19:25:00'),(243,NULL,'ip','127.0.0.1','2017-11-12 19:25:00','2017-11-12 19:25:00'),(244,NULL,'global',NULL,'2017-11-12 19:25:00','2017-11-12 19:25:00'),(245,NULL,'ip','127.0.0.1','2017-11-12 19:25:00','2017-11-12 19:25:00'),(246,NULL,'global',NULL,'2017-11-12 19:25:00','2017-11-12 19:25:00'),(247,NULL,'ip','127.0.0.1','2017-11-12 19:25:00','2017-11-12 19:25:00'),(248,NULL,'global',NULL,'2017-11-12 19:25:01','2017-11-12 19:25:01'),(249,NULL,'ip','127.0.0.1','2017-11-12 19:25:01','2017-11-12 19:25:01'),(250,NULL,'global',NULL,'2017-11-12 19:25:01','2017-11-12 19:25:01'),(251,NULL,'ip','127.0.0.1','2017-11-12 19:25:01','2017-11-12 19:25:01'),(252,NULL,'global',NULL,'2017-11-12 19:25:01','2017-11-12 19:25:01'),(253,NULL,'ip','127.0.0.1','2017-11-12 19:25:01','2017-11-12 19:25:01'),(254,NULL,'global',NULL,'2017-11-12 19:25:02','2017-11-12 19:25:02'),(255,NULL,'ip','127.0.0.1','2017-11-12 19:25:02','2017-11-12 19:25:02'),(256,NULL,'global',NULL,'2017-11-12 19:25:32','2017-11-12 19:25:32'),(257,NULL,'ip','127.0.0.1','2017-11-12 19:25:32','2017-11-12 19:25:32'),(258,NULL,'global',NULL,'2017-11-12 19:25:32','2017-11-12 19:25:32'),(259,NULL,'ip','127.0.0.1','2017-11-12 19:25:32','2017-11-12 19:25:32'),(260,NULL,'global',NULL,'2017-11-12 19:25:32','2017-11-12 19:25:32'),(261,NULL,'ip','127.0.0.1','2017-11-12 19:25:32','2017-11-12 19:25:32'),(262,NULL,'global',NULL,'2017-11-12 19:25:33','2017-11-12 19:25:33'),(263,NULL,'ip','127.0.0.1','2017-11-12 19:25:33','2017-11-12 19:25:33'),(264,NULL,'global',NULL,'2017-11-12 19:25:33','2017-11-12 19:25:33'),(265,NULL,'ip','127.0.0.1','2017-11-12 19:25:33','2017-11-12 19:25:33'),(266,NULL,'global',NULL,'2017-11-12 19:25:33','2017-11-12 19:25:33'),(267,NULL,'ip','127.0.0.1','2017-11-12 19:25:33','2017-11-12 19:25:33'),(268,NULL,'global',NULL,'2017-11-12 19:25:34','2017-11-12 19:25:34'),(269,NULL,'ip','127.0.0.1','2017-11-12 19:25:34','2017-11-12 19:25:34'),(270,NULL,'global',NULL,'2017-11-12 19:25:34','2017-11-12 19:25:34'),(271,NULL,'ip','127.0.0.1','2017-11-12 19:25:34','2017-11-12 19:25:34'),(272,NULL,'global',NULL,'2017-11-12 19:25:34','2017-11-12 19:25:34'),(273,NULL,'ip','127.0.0.1','2017-11-12 19:25:34','2017-11-12 19:25:34'),(274,NULL,'global',NULL,'2017-11-12 19:25:34','2017-11-12 19:25:34'),(275,NULL,'ip','127.0.0.1','2017-11-12 19:25:34','2017-11-12 19:25:34'),(276,NULL,'global',NULL,'2017-11-12 19:25:35','2017-11-12 19:25:35'),(277,NULL,'ip','127.0.0.1','2017-11-12 19:25:35','2017-11-12 19:25:35'),(278,NULL,'global',NULL,'2017-11-12 19:25:35','2017-11-12 19:25:35'),(279,NULL,'ip','127.0.0.1','2017-11-12 19:25:35','2017-11-12 19:25:35'),(280,NULL,'global',NULL,'2017-11-12 19:25:35','2017-11-12 19:25:35'),(281,NULL,'ip','127.0.0.1','2017-11-12 19:25:35','2017-11-12 19:25:35'),(282,NULL,'global',NULL,'2017-11-12 19:25:35','2017-11-12 19:25:35'),(283,NULL,'ip','127.0.0.1','2017-11-12 19:25:35','2017-11-12 19:25:35'),(284,NULL,'global',NULL,'2017-11-12 19:25:36','2017-11-12 19:25:36'),(285,NULL,'ip','127.0.0.1','2017-11-12 19:25:36','2017-11-12 19:25:36'),(286,NULL,'global',NULL,'2017-11-12 19:25:36','2017-11-12 19:25:36'),(287,NULL,'ip','127.0.0.1','2017-11-12 19:25:36','2017-11-12 19:25:36'),(288,NULL,'global',NULL,'2017-11-12 19:25:36','2017-11-12 19:25:36'),(289,NULL,'ip','127.0.0.1','2017-11-12 19:25:36','2017-11-12 19:25:36'),(290,NULL,'global',NULL,'2017-11-12 19:25:37','2017-11-12 19:25:37'),(291,NULL,'ip','127.0.0.1','2017-11-12 19:25:37','2017-11-12 19:25:37'),(292,NULL,'global',NULL,'2017-11-12 19:25:37','2017-11-12 19:25:37'),(293,NULL,'ip','127.0.0.1','2017-11-12 19:25:37','2017-11-12 19:25:37'),(294,NULL,'global',NULL,'2017-11-12 19:25:37','2017-11-12 19:25:37'),(295,NULL,'ip','127.0.0.1','2017-11-12 19:25:37','2017-11-12 19:25:37'),(296,NULL,'global',NULL,'2017-11-12 19:25:37','2017-11-12 19:25:37'),(297,NULL,'ip','127.0.0.1','2017-11-12 19:25:37','2017-11-12 19:25:37'),(298,NULL,'global',NULL,'2017-11-12 19:36:41','2017-11-12 19:36:41'),(299,NULL,'ip','127.0.0.1','2017-11-12 19:36:41','2017-11-12 19:36:41'),(300,4,'user',NULL,'2017-11-12 19:36:41','2017-11-12 19:36:41'),(301,NULL,'global',NULL,'2017-11-12 19:44:35','2017-11-12 19:44:35'),(302,NULL,'ip','127.0.0.1','2017-11-12 19:44:35','2017-11-12 19:44:35'),(303,1,'user',NULL,'2017-11-12 19:44:35','2017-11-12 19:44:35'),(304,NULL,'global',NULL,'2017-11-13 12:12:10','2017-11-13 12:12:10'),(305,NULL,'ip','127.0.0.1','2017-11-13 12:12:10','2017-11-13 12:12:10'),(306,1,'user',NULL,'2017-11-13 12:12:10','2017-11-13 12:12:10'),(307,NULL,'global',NULL,'2017-11-15 04:15:14','2017-11-15 04:15:14'),(308,NULL,'ip','127.0.0.1','2017-11-15 04:15:14','2017-11-15 04:15:14'),(309,NULL,'global',NULL,'2017-11-25 05:02:29','2017-11-25 05:02:29'),(310,NULL,'ip','127.0.0.1','2017-11-25 05:02:29','2017-11-25 05:02:29'),(311,1,'user',NULL,'2017-11-25 05:02:29','2017-11-25 05:02:29'),(312,NULL,'global',NULL,'2017-11-25 21:57:16','2017-11-25 21:57:16'),(313,NULL,'ip','127.0.0.1','2017-11-25 21:57:16','2017-11-25 21:57:16'),(314,6,'user',NULL,'2017-11-25 21:57:16','2017-11-25 21:57:16'),(315,NULL,'global',NULL,'2017-11-25 21:57:22','2017-11-25 21:57:22'),(316,NULL,'ip','127.0.0.1','2017-11-25 21:57:22','2017-11-25 21:57:22'),(317,6,'user',NULL,'2017-11-25 21:57:22','2017-11-25 21:57:22'),(318,NULL,'global',NULL,'2017-11-26 20:07:31','2017-11-26 20:07:31'),(319,NULL,'ip','127.0.0.1','2017-11-26 20:07:31','2017-11-26 20:07:31'),(320,1,'user',NULL,'2017-11-26 20:07:31','2017-11-26 20:07:31'),(321,NULL,'global',NULL,'2017-11-27 00:24:45','2017-11-27 00:24:45'),(322,NULL,'ip','127.0.0.1','2017-11-27 00:24:45','2017-11-27 00:24:45'),(323,1,'user',NULL,'2017-11-27 00:24:45','2017-11-27 00:24:45'),(324,NULL,'global',NULL,'2017-11-27 00:24:45','2017-11-27 00:24:45'),(325,NULL,'ip','127.0.0.1','2017-11-27 00:24:45','2017-11-27 00:24:45'),(326,1,'user',NULL,'2017-11-27 00:24:45','2017-11-27 00:24:45'),(327,NULL,'global',NULL,'2017-11-30 08:03:16','2017-11-30 08:03:16'),(328,NULL,'ip','127.0.0.1','2017-11-30 08:03:16','2017-11-30 08:03:16'),(329,1,'user',NULL,'2017-11-30 08:03:16','2017-11-30 08:03:16'),(330,NULL,'global',NULL,'2017-12-03 07:41:47','2017-12-03 07:41:47'),(331,NULL,'ip','127.0.0.1','2017-12-03 07:41:47','2017-12-03 07:41:47'),(332,1,'user',NULL,'2017-12-03 07:41:47','2017-12-03 07:41:47'),(333,NULL,'global',NULL,'2017-12-03 11:49:24','2017-12-03 11:49:24'),(334,NULL,'ip','127.0.0.1','2017-12-03 11:49:24','2017-12-03 11:49:24'),(335,NULL,'global',NULL,'2017-12-03 11:49:31','2017-12-03 11:49:31'),(336,NULL,'ip','127.0.0.1','2017-12-03 11:49:31','2017-12-03 11:49:31'),(337,NULL,'global',NULL,'2017-12-03 11:49:49','2017-12-03 11:49:49'),(338,NULL,'ip','127.0.0.1','2017-12-03 11:49:49','2017-12-03 11:49:49'),(339,NULL,'global',NULL,'2017-12-03 11:50:32','2017-12-03 11:50:32'),(340,NULL,'ip','127.0.0.1','2017-12-03 11:50:32','2017-12-03 11:50:32'),(341,NULL,'global',NULL,'2017-12-03 11:54:18','2017-12-03 11:54:18'),(342,NULL,'ip','127.0.0.1','2017-12-03 11:54:18','2017-12-03 11:54:18'),(343,NULL,'global',NULL,'2017-12-04 11:12:12','2017-12-04 11:12:12'),(344,NULL,'ip','127.0.0.1','2017-12-04 11:12:12','2017-12-04 11:12:12'),(345,1,'user',NULL,'2017-12-04 11:12:12','2017-12-04 11:12:12'),(346,NULL,'global',NULL,'2017-12-05 09:04:13','2017-12-05 09:04:13'),(347,NULL,'ip','127.0.0.1','2017-12-05 09:04:13','2017-12-05 09:04:13'),(348,1,'user',NULL,'2017-12-05 09:04:13','2017-12-05 09:04:13'),(349,NULL,'global',NULL,'2017-12-08 11:51:32','2017-12-08 11:51:32'),(350,NULL,'ip','127.0.0.1','2017-12-08 11:51:32','2017-12-08 11:51:32'),(351,1,'user',NULL,'2017-12-08 11:51:32','2017-12-08 11:51:32'),(352,NULL,'global',NULL,'2017-12-08 11:51:37','2017-12-08 11:51:37'),(353,NULL,'ip','127.0.0.1','2017-12-08 11:51:37','2017-12-08 11:51:37'),(354,1,'user',NULL,'2017-12-08 11:51:37','2017-12-08 11:51:37'),(355,NULL,'global',NULL,'2017-12-13 11:11:12','2017-12-13 11:11:12'),(356,NULL,'ip','127.0.0.1','2017-12-13 11:11:12','2017-12-13 11:11:12'),(357,1,'user',NULL,'2017-12-13 11:11:12','2017-12-13 11:11:12'),(358,NULL,'global',NULL,'2017-12-13 11:11:19','2017-12-13 11:11:19'),(359,NULL,'ip','127.0.0.1','2017-12-13 11:11:19','2017-12-13 11:11:19'),(360,1,'user',NULL,'2017-12-13 11:11:19','2017-12-13 11:11:19'),(361,NULL,'global',NULL,'2017-12-13 11:11:21','2017-12-13 11:11:21'),(362,NULL,'ip','127.0.0.1','2017-12-13 11:11:21','2017-12-13 11:11:21'),(363,1,'user',NULL,'2017-12-13 11:11:21','2017-12-13 11:11:21'),(364,NULL,'global',NULL,'2017-12-13 19:46:17','2017-12-13 19:46:17'),(365,NULL,'ip','127.0.0.1','2017-12-13 19:46:17','2017-12-13 19:46:17'),(366,1,'user',NULL,'2017-12-13 19:46:17','2017-12-13 19:46:17'),(367,NULL,'global',NULL,'2017-12-13 19:46:22','2017-12-13 19:46:22'),(368,NULL,'ip','127.0.0.1','2017-12-13 19:46:22','2017-12-13 19:46:22'),(369,1,'user',NULL,'2017-12-13 19:46:22','2017-12-13 19:46:22'),(370,NULL,'global',NULL,'2017-12-16 00:21:37','2017-12-16 00:21:37'),(371,NULL,'ip','127.0.0.1','2017-12-16 00:21:37','2017-12-16 00:21:37'),(372,1,'user',NULL,'2017-12-16 00:21:37','2017-12-16 00:21:37'),(373,NULL,'global',NULL,'2017-12-17 18:07:51','2017-12-17 18:07:51'),(374,NULL,'ip','127.0.0.1','2017-12-17 18:07:51','2017-12-17 18:07:51'),(375,1,'user',NULL,'2017-12-17 18:07:51','2017-12-17 18:07:51'),(376,NULL,'global',NULL,'2017-12-29 02:09:21','2017-12-29 02:09:21'),(377,NULL,'ip','127.0.0.1','2017-12-29 02:09:21','2017-12-29 02:09:21'),(378,1,'user',NULL,'2017-12-29 02:09:21','2017-12-29 02:09:21'),(379,NULL,'global',NULL,'2017-12-29 02:09:27','2017-12-29 02:09:27'),(380,NULL,'ip','127.0.0.1','2017-12-29 02:09:27','2017-12-29 02:09:27'),(381,1,'user',NULL,'2017-12-29 02:09:27','2017-12-29 02:09:27'),(382,NULL,'global',NULL,'2017-12-29 05:40:34','2017-12-29 05:40:34'),(383,NULL,'ip','127.0.0.1','2017-12-29 05:40:34','2017-12-29 05:40:34'),(384,1,'user',NULL,'2017-12-29 05:40:34','2017-12-29 05:40:34'),(385,NULL,'global',NULL,'2017-12-29 05:40:39','2017-12-29 05:40:39'),(386,NULL,'ip','127.0.0.1','2017-12-29 05:40:39','2017-12-29 05:40:39'),(387,1,'user',NULL,'2017-12-29 05:40:39','2017-12-29 05:40:39'),(388,NULL,'global',NULL,'2018-01-01 19:20:37','2018-01-01 19:20:37'),(389,NULL,'ip','127.0.0.1','2018-01-01 19:20:37','2018-01-01 19:20:37'),(390,1,'user',NULL,'2018-01-01 19:20:37','2018-01-01 19:20:37'),(391,NULL,'global',NULL,'2018-01-05 05:03:06','2018-01-05 05:03:06'),(392,NULL,'ip','127.0.0.1','2018-01-05 05:03:06','2018-01-05 05:03:06'),(393,1,'user',NULL,'2018-01-05 05:03:06','2018-01-05 05:03:06'),(394,NULL,'global',NULL,'2018-01-07 02:06:01','2018-01-07 02:06:01'),(395,NULL,'ip','127.0.0.1','2018-01-07 02:06:01','2018-01-07 02:06:01'),(396,NULL,'global',NULL,'2018-01-08 23:12:58','2018-01-08 23:12:58'),(397,NULL,'ip','127.0.0.1','2018-01-08 23:12:58','2018-01-08 23:12:58'),(398,NULL,'global',NULL,'2018-01-08 23:13:07','2018-01-08 23:13:07'),(399,NULL,'ip','127.0.0.1','2018-01-08 23:13:07','2018-01-08 23:13:07'),(400,NULL,'global',NULL,'2018-01-08 23:13:09','2018-01-08 23:13:09'),(401,NULL,'ip','127.0.0.1','2018-01-08 23:13:09','2018-01-08 23:13:09'),(402,NULL,'global',NULL,'2018-01-15 01:13:23','2018-01-15 01:13:23'),(403,NULL,'ip','127.0.0.1','2018-01-15 01:13:23','2018-01-15 01:13:23'),(404,NULL,'global',NULL,'2018-01-15 11:12:12','2018-01-15 11:12:12'),(405,NULL,'ip','127.0.0.1','2018-01-15 11:12:12','2018-01-15 11:12:12'),(406,NULL,'global',NULL,'2018-01-18 09:25:07','2018-01-18 09:25:07'),(407,NULL,'ip','127.0.0.1','2018-01-18 09:25:07','2018-01-18 09:25:07'),(408,1,'user',NULL,'2018-01-18 09:25:07','2018-01-18 09:25:07'),(409,NULL,'global',NULL,'2018-01-18 21:48:18','2018-01-18 21:48:18'),(410,NULL,'ip','127.0.0.1','2018-01-18 21:48:18','2018-01-18 21:48:18'),(411,1,'user',NULL,'2018-01-18 21:48:18','2018-01-18 21:48:18'),(412,NULL,'global',NULL,'2018-01-19 00:25:45','2018-01-19 00:25:45'),(413,NULL,'ip','127.0.0.1','2018-01-19 00:25:45','2018-01-19 00:25:45'),(414,1,'user',NULL,'2018-01-19 00:25:45','2018-01-19 00:25:45'),(415,NULL,'global',NULL,'2018-01-26 01:05:07','2018-01-26 01:05:07'),(416,NULL,'ip','127.0.0.1','2018-01-26 01:05:07','2018-01-26 01:05:07'),(417,1,'user',NULL,'2018-01-26 01:05:07','2018-01-26 01:05:07'),(418,NULL,'global',NULL,'2018-01-26 01:43:54','2018-01-26 01:43:54'),(419,NULL,'ip','127.0.0.1','2018-01-26 01:43:54','2018-01-26 01:43:54'),(420,4,'user',NULL,'2018-01-26 01:43:54','2018-01-26 01:43:54'),(421,NULL,'global',NULL,'2018-01-26 01:44:01','2018-01-26 01:44:01'),(422,NULL,'ip','127.0.0.1','2018-01-26 01:44:01','2018-01-26 01:44:01'),(423,4,'user',NULL,'2018-01-26 01:44:01','2018-01-26 01:44:01'),(424,NULL,'global',NULL,'2018-01-26 01:59:32','2018-01-26 01:59:32'),(425,NULL,'ip','127.0.0.1','2018-01-26 01:59:32','2018-01-26 01:59:32'),(426,6,'user',NULL,'2018-01-26 01:59:32','2018-01-26 01:59:32'),(427,NULL,'global',NULL,'2018-01-26 02:01:55','2018-01-26 02:01:55'),(428,NULL,'ip','127.0.0.1','2018-01-26 02:01:55','2018-01-26 02:01:55'),(429,6,'user',NULL,'2018-01-26 02:01:55','2018-01-26 02:01:55'),(430,NULL,'global',NULL,'2018-01-26 02:02:14','2018-01-26 02:02:14'),(431,NULL,'ip','127.0.0.1','2018-01-26 02:02:14','2018-01-26 02:02:14'),(432,6,'user',NULL,'2018-01-26 02:02:14','2018-01-26 02:02:14'),(433,NULL,'global',NULL,'2018-01-26 02:30:24','2018-01-26 02:30:24'),(434,NULL,'ip','127.0.0.1','2018-01-26 02:30:24','2018-01-26 02:30:24'),(435,6,'user',NULL,'2018-01-26 02:30:24','2018-01-26 02:30:24'),(436,NULL,'global',NULL,'2018-01-26 02:37:37','2018-01-26 02:37:37'),(437,NULL,'ip','127.0.0.1','2018-01-26 02:37:37','2018-01-26 02:37:37'),(438,6,'user',NULL,'2018-01-26 02:37:37','2018-01-26 02:37:37'),(439,NULL,'global',NULL,'2018-01-26 03:16:56','2018-01-26 03:16:56'),(440,NULL,'ip','127.0.0.1','2018-01-26 03:16:56','2018-01-26 03:16:56'),(441,6,'user',NULL,'2018-01-26 03:16:56','2018-01-26 03:16:56'),(442,NULL,'global',NULL,'2018-01-26 03:35:32','2018-01-26 03:35:32'),(443,NULL,'ip','127.0.0.1','2018-01-26 03:35:32','2018-01-26 03:35:32'),(444,6,'user',NULL,'2018-01-26 03:35:32','2018-01-26 03:35:32'),(445,NULL,'global',NULL,'2018-01-28 09:40:43','2018-01-28 09:40:43'),(446,NULL,'ip','127.0.0.1','2018-01-28 09:40:43','2018-01-28 09:40:43'),(447,7,'user',NULL,'2018-01-28 09:40:43','2018-01-28 09:40:43'),(448,NULL,'global',NULL,'2018-01-29 18:33:51','2018-01-29 18:33:51'),(449,NULL,'ip','127.0.0.1','2018-01-29 18:33:51','2018-01-29 18:33:51'),(450,1,'user',NULL,'2018-01-29 18:33:51','2018-01-29 18:33:51'),(451,NULL,'global',NULL,'2018-01-31 00:07:37','2018-01-31 00:07:37'),(452,NULL,'ip','127.0.0.1','2018-01-31 00:07:37','2018-01-31 00:07:37'),(453,1,'user',NULL,'2018-01-31 00:07:37','2018-01-31 00:07:37'),(454,NULL,'global',NULL,'2018-01-31 00:07:43','2018-01-31 00:07:43'),(455,NULL,'ip','127.0.0.1','2018-01-31 00:07:44','2018-01-31 00:07:44'),(456,1,'user',NULL,'2018-01-31 00:07:44','2018-01-31 00:07:44'),(457,NULL,'global',NULL,'2018-01-31 10:50:07','2018-01-31 10:50:07'),(458,NULL,'ip','127.0.0.1','2018-01-31 10:50:07','2018-01-31 10:50:07'),(459,1,'user',NULL,'2018-01-31 10:50:07','2018-01-31 10:50:07'),(460,NULL,'global',NULL,'2018-01-31 20:44:30','2018-01-31 20:44:30'),(461,NULL,'ip','127.0.0.1','2018-01-31 20:44:30','2018-01-31 20:44:30'),(462,1,'user',NULL,'2018-01-31 20:44:30','2018-01-31 20:44:30'),(463,NULL,'global',NULL,'2018-02-01 01:50:34','2018-02-01 01:50:34'),(464,NULL,'ip','127.0.0.1','2018-02-01 01:50:34','2018-02-01 01:50:34'),(465,1,'user',NULL,'2018-02-01 01:50:34','2018-02-01 01:50:34'),(466,NULL,'global',NULL,'2018-02-01 02:10:55','2018-02-01 02:10:55'),(467,NULL,'ip','127.0.0.1','2018-02-01 02:10:55','2018-02-01 02:10:55'),(468,1,'user',NULL,'2018-02-01 02:10:55','2018-02-01 02:10:55'),(469,NULL,'global',NULL,'2018-02-01 02:28:57','2018-02-01 02:28:57'),(470,NULL,'ip','127.0.0.1','2018-02-01 02:28:57','2018-02-01 02:28:57'),(471,1,'user',NULL,'2018-02-01 02:28:57','2018-02-01 02:28:57'),(472,NULL,'global',NULL,'2018-02-01 02:54:48','2018-02-01 02:54:48'),(473,NULL,'ip','127.0.0.1','2018-02-01 02:54:48','2018-02-01 02:54:48'),(474,1,'user',NULL,'2018-02-01 02:54:48','2018-02-01 02:54:48'),(475,NULL,'global',NULL,'2018-02-01 02:56:25','2018-02-01 02:56:25'),(476,NULL,'ip','127.0.0.1','2018-02-01 02:56:25','2018-02-01 02:56:25'),(477,1,'user',NULL,'2018-02-01 02:56:25','2018-02-01 02:56:25'),(478,NULL,'global',NULL,'2018-02-02 19:05:12','2018-02-02 19:05:12'),(479,NULL,'ip','127.0.0.1','2018-02-02 19:05:12','2018-02-02 19:05:12'),(480,1,'user',NULL,'2018-02-02 19:05:12','2018-02-02 19:05:12'),(481,NULL,'global',NULL,'2018-02-04 06:13:43','2018-02-04 06:13:43'),(482,NULL,'ip','127.0.0.1','2018-02-04 06:13:43','2018-02-04 06:13:43'),(483,1,'user',NULL,'2018-02-04 06:13:43','2018-02-04 06:13:43'),(484,NULL,'global',NULL,'2018-02-04 06:32:59','2018-02-04 06:32:59'),(485,NULL,'ip','127.0.0.1','2018-02-04 06:32:59','2018-02-04 06:32:59'),(486,NULL,'global',NULL,'2018-02-04 06:33:40','2018-02-04 06:33:40'),(487,NULL,'ip','127.0.0.1','2018-02-04 06:33:40','2018-02-04 06:33:40'),(488,9,'user',NULL,'2018-02-04 06:33:40','2018-02-04 06:33:40'),(489,NULL,'global',NULL,'2018-02-04 08:07:49','2018-02-04 08:07:49'),(490,NULL,'ip','127.0.0.1','2018-02-04 08:07:49','2018-02-04 08:07:49'),(491,1,'user',NULL,'2018-02-04 08:07:49','2018-02-04 08:07:49'),(492,NULL,'global',NULL,'2018-02-05 03:16:48','2018-02-05 03:16:48'),(493,NULL,'ip','127.0.0.1','2018-02-05 03:16:48','2018-02-05 03:16:48'),(494,1,'user',NULL,'2018-02-05 03:16:48','2018-02-05 03:16:48'),(495,NULL,'global',NULL,'2018-02-05 20:05:07','2018-02-05 20:05:07'),(496,NULL,'ip','127.0.0.1','2018-02-05 20:05:07','2018-02-05 20:05:07'),(497,1,'user',NULL,'2018-02-05 20:05:07','2018-02-05 20:05:07'),(498,NULL,'global',NULL,'2018-02-06 01:01:38','2018-02-06 01:01:38'),(499,NULL,'ip','127.0.0.1','2018-02-06 01:01:38','2018-02-06 01:01:38'),(500,1,'user',NULL,'2018-02-06 01:01:38','2018-02-06 01:01:38'),(501,NULL,'global',NULL,'2018-02-06 21:31:19','2018-02-06 21:31:19'),(502,NULL,'ip','127.0.0.1','2018-02-06 21:31:19','2018-02-06 21:31:19'),(503,1,'user',NULL,'2018-02-06 21:31:19','2018-02-06 21:31:19'),(504,NULL,'global',NULL,'2018-02-07 03:29:51','2018-02-07 03:29:51'),(505,NULL,'ip','127.0.0.1','2018-02-07 03:29:51','2018-02-07 03:29:51'),(506,8,'user',NULL,'2018-02-07 03:29:51','2018-02-07 03:29:51'),(507,NULL,'global',NULL,'2018-02-07 21:17:30','2018-02-07 21:17:30'),(508,NULL,'ip','127.0.0.1','2018-02-07 21:17:30','2018-02-07 21:17:30'),(509,11,'user',NULL,'2018-02-07 21:17:30','2018-02-07 21:17:30'),(510,NULL,'global',NULL,'2018-02-08 01:52:59','2018-02-08 01:52:59'),(511,NULL,'ip','127.0.0.1','2018-02-08 01:52:59','2018-02-08 01:52:59'),(512,1,'user',NULL,'2018-02-08 01:52:59','2018-02-08 01:52:59'),(513,NULL,'global',NULL,'2018-02-27 10:23:13','2018-02-27 10:23:13'),(514,NULL,'ip','127.0.0.1','2018-02-27 10:23:13','2018-02-27 10:23:13'),(515,1,'user',NULL,'2018-02-27 10:23:13','2018-02-27 10:23:13'),(516,NULL,'global',NULL,'2018-02-27 10:23:20','2018-02-27 10:23:20'),(517,NULL,'ip','127.0.0.1','2018-02-27 10:23:20','2018-02-27 10:23:20'),(518,1,'user',NULL,'2018-02-27 10:23:20','2018-02-27 10:23:20'),(519,NULL,'global',NULL,'2018-02-27 10:23:27','2018-02-27 10:23:27'),(520,NULL,'ip','127.0.0.1','2018-02-27 10:23:27','2018-02-27 10:23:27'),(521,1,'user',NULL,'2018-02-27 10:23:27','2018-02-27 10:23:27'),(522,NULL,'global',NULL,'2018-02-27 10:23:35','2018-02-27 10:23:35'),(523,NULL,'ip','127.0.0.1','2018-02-27 10:23:35','2018-02-27 10:23:35'),(524,1,'user',NULL,'2018-02-27 10:23:35','2018-02-27 10:23:35'),(525,NULL,'global',NULL,'2018-03-13 20:44:30','2018-03-13 20:44:30'),(526,NULL,'ip','27.77.246.244','2018-03-13 20:44:30','2018-03-13 20:44:30'),(527,14,'user',NULL,'2018-03-13 20:44:30','2018-03-13 20:44:30'),(528,NULL,'global',NULL,'2018-03-13 21:42:58','2018-03-13 21:42:58'),(529,NULL,'ip','27.77.246.244','2018-03-13 21:42:58','2018-03-13 21:42:58'),(530,1,'user',NULL,'2018-03-13 21:42:58','2018-03-13 21:42:58'),(531,NULL,'global',NULL,'2018-03-29 21:41:23','2018-03-29 21:41:23'),(532,NULL,'ip','171.232.110.35','2018-03-29 21:41:23','2018-03-29 21:41:23'),(533,1,'user',NULL,'2018-03-29 21:41:23','2018-03-29 21:41:23'),(534,NULL,'global',NULL,'2018-04-04 19:47:59','2018-04-04 19:47:59'),(535,NULL,'ip','171.232.86.209','2018-04-04 19:47:59','2018-04-04 19:47:59'),(536,1,'user',NULL,'2018-04-04 19:47:59','2018-04-04 19:47:59'),(537,NULL,'global',NULL,'2018-04-12 03:10:36','2018-04-12 03:10:36'),(538,NULL,'ip','171.232.86.209','2018-04-12 03:10:36','2018-04-12 03:10:36'),(539,1,'user',NULL,'2018-04-12 03:10:36','2018-04-12 03:10:36'),(540,NULL,'global',NULL,'2018-04-12 03:10:38','2018-04-12 03:10:38'),(541,NULL,'ip','171.232.86.209','2018-04-12 03:10:38','2018-04-12 03:10:38'),(542,1,'user',NULL,'2018-04-12 03:10:38','2018-04-12 03:10:38'),(543,NULL,'global',NULL,'2018-04-12 03:10:40','2018-04-12 03:10:40'),(544,NULL,'ip','171.232.86.209','2018-04-12 03:10:40','2018-04-12 03:10:40'),(545,1,'user',NULL,'2018-04-12 03:10:40','2018-04-12 03:10:40'),(546,NULL,'global',NULL,'2018-04-12 03:11:58','2018-04-12 03:11:58'),(547,NULL,'ip','171.232.86.209','2018-04-12 03:11:58','2018-04-12 03:11:58'),(548,1,'user',NULL,'2018-04-12 03:11:58','2018-04-12 03:11:58'),(549,NULL,'global',NULL,'2018-04-12 03:12:05','2018-04-12 03:12:05'),(550,NULL,'ip','171.232.86.209','2018-04-12 03:12:05','2018-04-12 03:12:05'),(551,1,'user',NULL,'2018-04-12 03:12:05','2018-04-12 03:12:05');
/*!40000 ALTER TABLE `throttle` ENABLE KEYS */;
UNLOCK TABLES;

--
-- Table structure for table `user_group_member`
--

DROP TABLE IF EXISTS `user_group_member`;
/*!40101 SET @saved_cs_client     = @@character_set_client */;
/*!40101 SET character_set_client = utf8 */;
CREATE TABLE `user_group_member` (
  `id` bigint(20) NOT NULL AUTO_INCREMENT,
  `group_member_id` int(11) DEFAULT NULL,
  `user_id` int(11) DEFAULT NULL,
  `created_at` datetime DEFAULT NULL,
  `updated_at` datetime DEFAULT NULL,
  PRIMARY KEY (`id`)
) ENGINE=InnoDB AUTO_INCREMENT=35 DEFAULT CHARSET=utf8 COLLATE=utf8_unicode_ci;
/*!40101 SET character_set_client = @saved_cs_client */;

--
-- Dumping data for table `user_group_member`
--

LOCK TABLES `user_group_member` WRITE;
/*!40000 ALTER TABLE `user_group_member` DISABLE KEYS */;
INSERT INTO `user_group_member` VALUES (4,1,1,'2018-01-26 04:05:58','2018-01-26 04:05:58'),(25,3,8,'2018-01-29 02:40:24','2018-01-29 02:40:24'),(28,3,9,'2018-02-04 16:48:12','2018-02-04 16:48:12'),(31,1,15,'2018-03-14 02:50:57','2018-03-14 02:50:57'),(33,1,14,'2018-03-14 02:53:24','2018-03-14 02:53:24'),(34,1,16,'2018-03-19 01:55:37','2018-03-19 01:55:37');
/*!40000 ALTER TABLE `user_group_member` ENABLE KEYS */;
UNLOCK TABLES;

--
-- Table structure for table `users`
--

DROP TABLE IF EXISTS `users`;
/*!40101 SET @saved_cs_client     = @@character_set_client */;
/*!40101 SET character_set_client = utf8 */;
CREATE TABLE `users` (
  `id` int(10) unsigned NOT NULL AUTO_INCREMENT,
  `username` varchar(191) COLLATE utf8mb4_unicode_ci DEFAULT NULL,
  `email` varchar(191) COLLATE utf8mb4_unicode_ci NOT NULL,
  `password` varchar(191) COLLATE utf8mb4_unicode_ci NOT NULL,
  `permissions` text COLLATE utf8mb4_unicode_ci,
  `last_login` timestamp NULL DEFAULT NULL,
  `fullname` varchar(191) COLLATE utf8mb4_unicode_ci DEFAULT NULL,
  `address` text COLLATE utf8mb4_unicode_ci,
  `phone` varchar(255) COLLATE utf8mb4_unicode_ci DEFAULT NULL,
  `image` varchar(255) COLLATE utf8mb4_unicode_ci DEFAULT NULL,
  `sort_order` int(11) DEFAULT NULL,
  `status` int(11) DEFAULT NULL,
  `created_at` timestamp NULL DEFAULT NULL,
  `updated_at` timestamp NULL DEFAULT NULL,
  PRIMARY KEY (`id`),
  UNIQUE KEY `users_email_unique` (`email`),
  UNIQUE KEY `username` (`username`)
) ENGINE=InnoDB AUTO_INCREMENT=17 DEFAULT CHARSET=utf8mb4 COLLATE=utf8mb4_unicode_ci;
/*!40101 SET character_set_client = @saved_cs_client */;

--
-- Dumping data for table `users`
--

LOCK TABLES `users` WRITE;
/*!40000 ALTER TABLE `users` DISABLE KEYS */;
INSERT INTO `users` VALUES (1,'admin','diennk@dienkim.com','$2y$10$nxBXFyAJNjPSLEI0RlPv8edQAw4ebTioV9JZaosCErs3VM/LYluuK',NULL,'2018-04-04 20:49:02','Nguyễn Kim Điền',NULL,NULL,'logo-5-983456149.png',6,1,'2017-11-12 07:23:56','2018-04-04 20:49:02'),(8,'tiennv','tiennv@dienkim.com','$2y$10$9sq3u.mDu/Bk1vvpv4sU7.Ior67wjHR5n1slgsv/sz63zBQxAfZ4K',NULL,'2018-02-23 01:16:10','Nguyễn Văn Tiến','14 Tân Canh','0988152782',NULL,5,0,'2018-02-05 20:06:26','2018-02-23 01:16:10'),(9,'vinhlt','vinhht@dienkim.com','$2y$10$ib1fvlTyvQLoRQcVt.Qrt.VAZtN3lPSMWHwpoqYwx5OM/4/vSUE9q',NULL,'2018-02-04 11:57:07','Huỳnh Thúc Vinh','23 Bùi Quang Là','0988162722',NULL,1,0,'2018-02-04 05:35:55','2018-02-04 11:57:07'),(14,'phamduy','truonghuychuong1994@gmail.com','$2y$10$j4aFmIopHHaRVXUSwKFIiOm59nc80jQzqfzEN58zTe87wWcgZHfJa',NULL,'2018-03-13 20:44:48','Phạm duy',NULL,NULL,NULL,1,1,'2018-03-13 19:46:01','2018-03-13 20:44:48'),(15,'lactg','lactg@dienkim.com','$2y$10$RG5efsCgKSuPUF4aKS6mTe8n8A13xei6ZlJdxvRGyMG/KlwldnY5W',NULL,'2018-03-13 21:42:34','Trần Gia Lạc',NULL,NULL,NULL,1,1,'2018-03-13 19:50:57','2018-03-13 21:42:34'),(16,'dinhphu','dinhphu.skv@gmail.com','$2y$10$gCUWPvzdb49so54ihjXyPeHsPBMOb/eB3rHQ2b29T403.M8wAG.X.',NULL,'2018-03-19 03:53:17','Đình phú',NULL,NULL,NULL,1,1,'2018-03-18 18:55:37','2018-03-19 03:53:17');
/*!40000 ALTER TABLE `users` ENABLE KEYS */;
UNLOCK TABLES;

--
-- Table structure for table `video`
--

DROP TABLE IF EXISTS `video`;
/*!40101 SET @saved_cs_client     = @@character_set_client */;
/*!40101 SET character_set_client = utf8 */;
CREATE TABLE `video` (
  `id` int(11) NOT NULL AUTO_INCREMENT,
  `fullname` varchar(255) COLLATE utf8_unicode_ci DEFAULT NULL,
  `category_id` int(11) DEFAULT NULL,
  `image` varchar(255) CHARACTER SET utf8 DEFAULT NULL,
  `video_url` varchar(255) CHARACTER SET utf8 DEFAULT NULL,
  `sort_order` int(11) DEFAULT NULL,
  `status` int(1) DEFAULT NULL,
  `created_at` datetime DEFAULT NULL,
  `updated_at` datetime DEFAULT NULL,
  PRIMARY KEY (`id`)
) ENGINE=InnoDB AUTO_INCREMENT=12 DEFAULT CHARSET=utf8 COLLATE=utf8_unicode_ci ROW_FORMAT=COMPACT;
/*!40101 SET character_set_client = @saved_cs_client */;

--
-- Dumping data for table `video`
--

LOCK TABLES `video` WRITE;
/*!40000 ALTER TABLE `video` DISABLE KEYS */;
INSERT INTO `video` VALUES (4,'Đi tham quan núi Bà Đen 2',1,'thuvienhinh-1.png','F5gQLpScOsI',2,1,'2018-01-09 11:01:55','2018-01-09 11:49:30'),(5,'Đi tham quan núi Bà Đen',1,'thuvienhinh-2.png','BDBb1h-eLsY',1,1,'2018-01-09 11:04:06','2018-01-09 11:49:08'),(6,'Đi tham quan núi Bà Đen 3',1,'thuvienhinh-3.png','rQt2EuoN6oo',3,1,'2018-01-09 11:04:29','2018-01-09 11:49:42'),(7,'Đi tham quan núi Bà Đen 4',1,'thuvienhinh-4.png','jLzAqwCjPuU',4,1,'2018-01-09 11:04:54','2018-01-09 11:49:49'),(8,'Đi tham quan núi Bà Đen 5',1,'thuvienhinh-5.png','koeu_AnZ0BQ',5,1,'2018-01-09 11:05:20','2018-01-09 11:49:56'),(9,'Đi tham quan núi Bà Đen 6',1,'thuvienhinh-6.png','jM53ZU2MCzU',6,1,'2018-01-09 11:05:37','2018-01-09 11:50:04'),(10,'Đi tham quan núi Bà Đen 7',1,'thuvienhinh-7.png','u7xIydku_Yw',7,1,'2018-01-09 11:05:53','2018-01-09 11:50:11'),(11,'Đi tham quan núi Bà Đen 8',1,'thuvienhinh-8.png','yGvSEhQXu4g',8,1,'2018-01-09 11:06:08','2018-01-09 11:50:20');
/*!40000 ALTER TABLE `video` ENABLE KEYS */;
UNLOCK TABLES;

--
-- Dumping events for database 'fhp'
--

--
-- Dumping routines for database 'fhp'
--
/*!40103 SET TIME_ZONE=@OLD_TIME_ZONE */;

/*!40101 SET SQL_MODE=@OLD_SQL_MODE */;
/*!40014 SET FOREIGN_KEY_CHECKS=@OLD_FOREIGN_KEY_CHECKS */;
/*!40014 SET UNIQUE_CHECKS=@OLD_UNIQUE_CHECKS */;
/*!40101 SET CHARACTER_SET_CLIENT=@OLD_CHARACTER_SET_CLIENT */;
/*!40101 SET CHARACTER_SET_RESULTS=@OLD_CHARACTER_SET_RESULTS */;
/*!40101 SET COLLATION_CONNECTION=@OLD_COLLATION_CONNECTION */;
/*!40111 SET SQL_NOTES=@OLD_SQL_NOTES */;

-- Dump completed on 2018-04-18 15:23:30
